Unnamed: 0,Address,tinh,tinh_cat,qh,qh_cat,px,px_cat,duong,Address_ch,street,ward,district,province,normalized_address
0,"mizuki , khu đô thị liền kề",,,,,,,,mizuki khu đô thị liền kề,mizuki khu đô thị liền kề,,,,mizuki khu đô thị liền kề
1,him lam phú an,,,,,,,,him lam phú an,him lam phú an,,,,him lam phú an
2,khu cát linh - tôn đức thắng,,,,,,,,khu cát linh tôn đức thắng,khu cát linh tôn đức thắng,,,,khu cát linh tôn đức thắng
3,23 phố đặng trần côn,,,,,,,,23 phố đặng trần côn,23 phố đặng trần côn,,,,23 phố đặng trần côn
4,"trần quốc hoàn , cầu giấy",hà nội,thành phố,cầu giấy,quận,,,trần quốc hoàn, ,trần quốc hoàn cầu giấy,,,,trần quốc hoàn cầu giấy
5,"đường lê thị hà , ấp chánh 1 , tân xuân , hóc môn",hồ chí minh,thành phố,hóc môn,huyện,tân xuân,xã,lê thị hà, ấp chánh 1 ,đường lê thị hà ấp chánh 1 tân xuân hóc môn,,,,đường lê thị hà ấp chánh 1 tân xuân hóc môn
6,vinhomes gold river,,,,,,,,vinhomes gold river,vinhomes gold river,,,,vinhomes gold river
7,"p . tân hiệp , tx tân uyên , bình dương",bình dương,tỉnh,tân uyên,huyện,tân hiệp,phường,, ,p tân hiệp tx tân uyên,,,Bình Dương,"p tân hiệp tx tân uyên, Bình Dương"
8,"khu biệt thự tấn trường tại đường số 9 , quận 7 , phú thuận",hồ chí minh,thành phố,quận 7,quận,phú thuận,phường,số 9,khu biệt thự tấn trường tại ,khu biệt thự tấn trường tại đường số 9 quận 7 phú thuận,,,,khu biệt thự tấn trường tại đường số 9 quận 7 phú thuận
9,"số 9 , đường số 9 khu biệt thự tấn trường , p . phú thuận , quận 7 , tp hcm",hồ chí minh,thành phố,quận 7,quận,phú thuận,phường,số 9, khu biệt thự tấn trường ,số 9 đường số 9 khu biệt thự tấn trường p phú thuận quận 7 tp hcm,,,,số 9 đường số 9 khu biệt thự tấn trường p phú thuận quận 7 tp hcm
10,khu đô thị mễ trì thượng,,,,,,,,khu đô thị mễ trì thượng,khu đô thị mễ trì thượng,,,,khu đô thị mễ trì thượng
11,ngõ 11 mễ trì thượng,,,,,,,,ngõ 11 mễ trì thượng,ngõ 11 mễ trì thượng,,,,ngõ 11 mễ trì thượng
12,cc cao cấp kingston - phú nhuận,hồ chí minh,thành phố,phú nhuận,quận,,,,cc cao cấp kingston ,cc cao cấp kingston phú nhuận,,,,cc cao cấp kingston phú nhuận
13,cosmo city,,,,,,,,cosmo city,cosmo city,,,,cosmo city
14,quận 7,hồ chí minh,thành phố,quận 7,quận,,,,,quận 7,,,,quận 7
15,lavila nhà bè,hồ chí minh,thành phố,nhà bè,huyện,,,,lavila ,lavila nhà bè,,,,lavila nhà bè
16,"p110 - b1 , phố hoàng tích trí , quận đống đa , hn",hà nội,thành phố,đống đa,quận,,,hoàng tích trí,p110 b1 phố ,p110 b1 phố hoàng tích trí quận đống đa hn,,,,p110 b1 phố hoàng tích trí quận đống đa hn
17,"quận 9 , hcm",hồ chí minh,thành phố,quận 9,quận,,,, ,quận 9 hcm,,,,quận 9 hcm
18,227 đỗ xuân hợp,,,,,,,,227 đỗ xuân hợp,227 đỗ xuân hợp,,,,227 đỗ xuân hợp
19,mặt tiền đỗ xuân hợp,,,,,,,,mặt tiền đỗ xuân hợp,mặt tiền đỗ xuân hợp,,,,mặt tiền đỗ xuân hợp
20,dự án mizuki park nam long,,,,,,,,dự án mizuki park nam long,dự án mizuki park nam long,,,,dự án mizuki park nam long
21,khu đô thị mizuki park,,,,,,,,khu đô thị mizuki park,khu đô thị mizuki park,,,,khu đô thị mizuki park
22,"phan xích long , phường 7 , quận phú nhuận",hồ chí minh,thành phố,phú nhuận,quận,phường 7,phường,phan xích long, ,phan xích long phường 7 quận phú nhuận,,,,phan xích long phường 7 quận phú nhuận
23,vinhomes ba son,,,,,,,,vinhomes ba son,vinhomes ba son,,,,vinhomes ba son
24,"đường trần quang khải , phường tân định , quận 1",hồ chí minh,thành phố,quận 1,quận,tân định,phường,trần quang khải, ,đường trần quang khải phường tân định quận 1,,,,đường trần quang khải phường tân định quận 1
25,"mt trần quang khải , phường tân định , quận 1",hồ chí minh,thành phố,quận 1,quận,tân định,phường,trần quang khải,mt ,mt trần quang khải phường tân định quận 1,,,,mt trần quang khải phường tân định quận 1
26,"đường nguyễn phong sắc , cầu giấy",hà nội,thành phố,cầu giấy,quận,,,nguyễn phong sắc, ,đường nguyễn phong sắc cầu giấy,,,,đường nguyễn phong sắc cầu giấy
27,"ngân long , đường nguyễn hữu thọ , xã phước kiển , huyện nhà bè , tp . hcm",hồ chí minh,thành phố,nhà bè,huyện,phước kiển,xã,nguyễn hữu thọ,ngân long ,ngân long đường nguyễn hữu thọ xã phước kiển huyện nhà bè tp hcm,,,,ngân long đường nguyễn hữu thọ xã phước kiển huyện nhà bè tp hcm
28,"khu 90 nguyễn tuân , thanh xuân",hà nội,thành phố,thanh xuân,quận,,,nguyễn tuân,khu 90 ,khu 90 nguyễn tuân thanh xuân,,,,khu 90 nguyễn tuân thanh xuân
29,đường khu 90 vào,,,,,,,, khu 90 vào,đường khu 90 vào,,,,đường khu 90 vào
30,hẻm 666 / đường ba tháng hai,,,,,,,,hẻm 666 / ba tháng hai,hẻm 666 đường ba tháng hai,,,,hẻm 666 đường ba tháng hai
31,khu đô thị thành phố giao lưu,,,,,,,,khu đô thị giao lưu,khu đô thị thành phố giao lưu,,,,khu đô thị thành phố giao lưu
32,"vinhomes golden river ba son , q . 1",hồ chí minh,thành phố,quận 1,quận,,,,vinhomes golden river ba son ,vinhomes golden river ba son q 1,,,,vinhomes golden river ba son q 1
33,vinhomes golden river,,,,,,,,vinhomes golden river,vinhomes golden river,,,,vinhomes golden river
34,saigonres plaza đường nguyễn xí,,,,,,,,saigonres plaza nguyễn xí,saigonres plaza đường nguyễn xí,,,,saigonres plaza đường nguyễn xí
35,sunrise riverside,,,,,,,,sunrise riverside,sunrise riverside,,,,sunrise riverside
36,quận tây hồ,hà nội,thành phố,tây hồ,quận,,,, ,quận tây hồ,,,,quận tây hồ
37,"vinhomes hàm nghi , hà nội",hà nội,thành phố,,,,,,vinhomes hàm nghi ,vinhomes hàm nghi hà nội,,,,vinhomes hàm nghi hà nội
38,"khu cao lỗ ( đồng diều ) , p4 , q . 8",hồ chí minh,thành phố,quận 8,quận,phường 4,phường,cao lỗ,khu ( ) ,khu cao lỗ đồng diều p4 q 8,,,,khu cao lỗ đồng diều p4 q 8
39,"kdc bình hưng , bình chánh",hồ chí minh,thành phố,bình chánh,huyện,bình hưng,xã,,khu dân cư ,kdc bình hưng bình chánh,,,,kdc bình hưng bình chánh
40,"kdc trung sơn , bình chánh",hồ chí minh,thành phố,bình chánh,huyện,,,,khu dân cư trung sơn ,kdc trung sơn bình chánh,,,,kdc trung sơn bình chánh
41,"saigon pavillon , 53 - 55 bà huyện thanh quan , p . 6 , q . 3",hồ chí minh,thành phố,quận 3,quận,phường 6,phường,bà huyện thanh quan,saigon pavillon 53 55 ,saigon pavillon 53 55 bà huyện thanh quan p 6 q 3,,,,saigon pavillon 53 55 bà huyện thanh quan p 6 q 3
42,nhà a24 / d7 khu đtm cầu giấy,hà nội,thành phố,cầu giấy,quận,,,,nhà a24 / d7 khu đtm ,nhà a24 d7 khu đtm cầu giấy,,,,nhà a24 d7 khu đtm cầu giấy
43,"chung cư hacisco tầng 15 , số 15 ngõ 107 nguyễn chí thanh",,,,,,,,chung cư hacisco tầng 15 số 15 ngõ 107 nguyễn chí thanh,chung cư hacisco tầng 15 số 15 ngõ 107 nguyễn chí thanh,,,,chung cư hacisco tầng 15 số 15 ngõ 107 nguyễn chí thanh
44,"trang an complex , số 1 phùng chí kiên , q . cầu giấy , hà nội",hà nội,thành phố,cầu giấy,quận,,,phùng chí kiên,trang an complex số 1 ,trang an complex số 1 phùng chí kiên q cầu giấy hà nội,,,,trang an complex số 1 phùng chí kiên q cầu giấy hà nội
45,"marina tower quốc lộ 13 , thuận an , bình dương",bình dương,tỉnh,thuận an,thị xã,,,quốc lộ 13,marina tower ,marina tower quốc lộ 13 thuận an,,,Bình Dương,"marina tower quốc lộ 13 thuận an, Bình Dương"
46,"quận gò vấp , thuộc kdc city land park hills , phường 10 , gò vấp",hồ chí minh,thành phố,gò vấp,quận,phường 10,phường,, thuộc khu dân cư city land park hills ,quận gò vấp thuộc kdc city land park hills phường 10 gò vấp,,,,quận gò vấp thuộc kdc city land park hills phường 10 gò vấp
47,"105 đội cấn , ba đình , hà nội",hà nội,thành phố,ba đình,quận,đội cấn,phường,,105 ,105 đội cấn ba đình hà nội,,,,105 đội cấn ba đình hà nội
48,richmond city,,,,,,,,richmond city,richmond city,,,,richmond city
49,geleximco lê trọng tấn,,,,,,,,geleximco lê trọng tấn,geleximco lê trọng tấn,,,,geleximco lê trọng tấn
50,chung cư intracom riverside - đông anh hà nội ( chân cầu nhật tân ),,,,,,,,chung cư intracom riverside đông anh hà nội ( chân cầu nhật tân ),chung cư intracom riverside đông anh hà nội chân cầu nhật tân,,,,chung cư intracom riverside đông anh hà nội chân cầu nhật tân
51,midtown - phú mỹ hưng - q7,hồ chí minh,thành phố,quận 7,quận,phú mỹ,phường,,midtown hưng ,midtown phú mỹ hưng q7,,,,midtown phú mỹ hưng q7
52,"số 245 gò dầu , p . tân quý , tân phú",hồ chí minh,thành phố,tân phú,quận,tân quý,phường,gò dầu,số 245 ,số 245 gò dầu p tân quý tân phú,,,,số 245 gò dầu p tân quý tân phú
53,chung cư sơn an,,,,,,,,chung cư sơn an,chung cư sơn an,,,,chung cư sơn an
54,chung cư sơn an plaza biên hòa,đồng nai,tỉnh,biên hòa,thành phố,,,,chung cư sơn an plaza ,chung cư sơn an plaza biên hòa,,,,chung cư sơn an plaza biên hòa
55,"50 / 6 đường thành thái , phường 12 , quận 10 , tp . hồ chí minh",hồ chí minh,thành phố,quận 10,quận,phường 12,phường,thành thái,50 / 6 ,50 6 đường thành thái phường 12 0 tp,, Quận 1,Hồ Chí Minh,"50 6 đường thành thái phường 12 0 tp,  Quận 1, Hồ Chí Minh"
56,the art,,,,,,,,the art,the art,,,,the art
57,dự án gia hòa the art,,,,,,,,dự án gia hòa the art,dự án gia hòa the art,,,,dự án gia hòa the art
58,q . bình thạnh giáp q . 1,hồ chí minh,thành phố,quận 1,quận,,,, bình thạnh giáp ,q bình thạnh giáp q 1,,,,q bình thạnh giáp q 1
59,"28 / 19 phú mỹ , p . 22 , q . bình thạnh , tp . hcm",hồ chí minh,thành phố,bình thạnh,quận,phường 22,phường,phú mỹ,28 / 19 ,28 19 phú mỹ p 22 q bình thạnh tp hcm,,,,28 19 phú mỹ p 22 q bình thạnh tp hcm
60,số 47 nguyễn xiển,,,,,,,,số 47 nguyễn xiển,số 47 nguyễn xiển,,,,số 47 nguyễn xiển
61,mặt đường nguyễn xiển tòa,,,,,,,, nguyễn xiển tòa,mặt đường nguyễn xiển tòa,,,,mặt đường nguyễn xiển tòa
62,river gate - bến vân đồn - quận 4,hồ chí minh,thành phố,quận 4,quận,,,bến vân đồn,river gate ,river gate bến vân đồn quận 4,,,,river gate bến vân đồn quận 4
63,"tòa a tầng 20 , chung cư n04 trần duy hưng - udic complex",,,,,,,,tòa a tầng 20 chung cư n04 trần duy hưng udic complex,tòa a tầng 20 chung cư n04 trần duy hưng udic complex,,,,tòa a tầng 20 chung cư n04 trần duy hưng udic complex
64,"saigonres plaza 188 nguyễn xí , p . 26 , bình thạnh",hồ chí minh,thành phố,bình thạnh,quận,phường 26,phường,nguyễn xí,saigonres plaza 188 ,saigonres plaza 188 nguyễn xí p 26 bình thạnh,,,,saigonres plaza 188 nguyễn xí p 26 bình thạnh
65,"chung cư sơn an plaza , biên hòa",đồng nai,tỉnh,biên hòa,thành phố,,,,chung cư sơn an plaza ,chung cư sơn an plaza biên hòa,,,,chung cư sơn an plaza biên hòa
66,"saigonres , nguyễn xí , bình thạnh",hồ chí minh,thành phố,bình thạnh,quận,,,nguyễn xí,saigonres ,saigonres nguyễn xí bình thạnh,,,,saigonres nguyễn xí bình thạnh
67,silver star,,,,,,,,silver star,silver star,,,,silver star
68,vinhomes dcapitable,,,,,,,,vinhomes dcapitable,vinhomes dcapitable,,,,vinhomes dcapitable
69,đường phạm hùng,,,,,,,, phạm hùng,đường phạm hùng,,,,đường phạm hùng
70,"the prince , phú nhuận",hồ chí minh,thành phố,phú nhuận,quận,,,,the prince ,the prince phú nhuận,,,,the prince phú nhuận
71,căn hộ vinhomes,,,,,,,,căn hộ vinhomes,căn hộ vinhomes,,,,căn hộ vinhomes
72,tòa central 2,,,,,,,,tòa central 2,tòa central 2,,,,tòa central 2
73,"2 / 4 / 2 đường đông hưng thuận 10b , kp 5 , phường đông hưng thuận , quận 12 , tphcm",hồ chí minh,thành phố,quận 12,quận,đông hưng thuận,phường,,2 / 4 / 2 10b k 5 ,2 4 2 đường đông hưng thuận 10b kp 5 phường đông hưng thuận quận 12 tphcm,,,,2 4 2 đường đông hưng thuận 10b kp 5 phường đông hưng thuận quận 12 tphcm
74,"chung cư hh 1b nguyễn văn cừ , long biên hà nội",hà nội,thành phố,long biên,quận,,,nguyễn văn cừ,chung cư hh 1b ,chung cư hh 1b nguyễn văn cừ long biên hà nội,,,,chung cư hh 1b nguyễn văn cừ long biên hà nội
75,q1,hồ chí minh,thành phố,quận 1,quận,,,,,q1,,,,q1
76,98 phía sau lê thánh tôn p . bến thành quận 1,hồ chí minh,thành phố,quận 1,quận,bến thành,phường,lê thánh tôn,98 phía sau ,98 phía sau lê thánh tôn p bến thành quận 1,,,,98 phía sau lê thánh tôn p bến thành quận 1
77,"27a nguyễn trung trực , p . bên thành , q . 1",hồ chí minh,thành phố,quận 1,quận,,,nguyễn trung trực,27a bên thành ,27a nguyễn trung trực p bên thành q 1,,,,27a nguyễn trung trực p bên thành q 1
78,mặt tiền đường dương tử giang,,,,,,,,mặt tiền dương tử giang,mặt tiền đường dương tử giang,,,,mặt tiền đường dương tử giang
79,chung cư tòa ct 1 sudico,,,,,,,,chung cư tòa ct 1 sudico,chung cư tòa ct 1 sudico,,,,chung cư tòa ct 1 sudico
80,"trần duy hưng , cầu giấy",hà nội,thành phố,cầu giấy,quận,,,trần duy hưng, ,trần duy hưng cầu giấy,,,,trần duy hưng cầu giấy
81,everrich infinity,,,,,,,,everrich infinity,everrich infinity,,,,everrich infinity
82,"kdc trí kiệt - khang điền , p . plb , quận 9",hồ chí minh,thành phố,quận 9,quận,,,,khu dân cư trí kiệt khang điền plb ,kdc trí kiệt khang điền p plb quận 9,,,,kdc trí kiệt khang điền p plb quận 9
83,"đường số 4 , p . hiệp bình chánh , q . thủ đức , tp hồ chí minh",hồ chí minh,thành phố,thủ đức,quận,hiệp bình chánh,phường,số 4, ,đường số 4 p hiệp bình chánh q thủ đức tp,,,Hồ Chí Minh,"đường số 4 p hiệp bình chánh q thủ đức tp, Hồ Chí Minh"
84,"đường nguyễn cửu vân , p17 , q . bình thạnh",hồ chí minh,thành phố,bình thạnh,quận,phường 17,phường,nguyễn cửu vân, ,đường nguyễn cửu vân p17 q bình thạnh,,,,đường nguyễn cửu vân p17 q bình thạnh
85,t1 . 18.06,,,,,,,,t1 . 18.06,t1 18 06,,,,t1 18 06
86,tòa vip park 8 - times city,,,,,,,,tòa vip park 8 times city,tòa vip park 8 times city,,,,tòa vip park 8 times city
87,"an gia riverside mặt tiền đường đào trí , quận 7",hồ chí minh,thành phố,quận 7,quận,,,đào trí,an gia riverside mặt tiền ,an gia riverside mặt tiền đường đào trí quận 7,,,,an gia riverside mặt tiền đường đào trí quận 7
88,chung cư 5a mặt đường lê đức thọ,hà tĩnh,tỉnh,đức thọ,huyện,,,,chung cư 5a lê ,chung cư 5a mặt đường lê đức thọ,,,,chung cư 5a mặt đường lê đức thọ
89,"quận 2 , palm heights",,,,,,,, 2 palm heights,quận 2 palm heights,,,,quận 2 palm heights
90,palm heights - quận 2,hồ chí minh,thành phố,quận 2,quận,,,,palm heights ,palm heights quận 2,,,,palm heights quận 2
91,hẻm 611 đường điện biên phủ - p1 - q3,hồ chí minh,thành phố,quận 3,quận,phường 1,phường,điện biên phủ,hẻm 611 ,hẻm 611 đường  phủ p1 q3,,,Điện Biên,"hẻm 611 đường  phủ p1 q3, Điện Biên"
92,mt tô hiến thành q . 100915924567 .,,,,,,,,mt tô hiến thành 100915924567 .,mt tô hiến thành q 100915924567,,,,mt tô hiến thành q 100915924567
93,"tô hiến thành , q . 10",hồ chí minh,thành phố,quận 10,quận,,,tô hiến thành, ,tô hiến thành q 10,,,,tô hiến thành q 10
94,"mặt phố trung hòa , cầu giấy , hà nội",hà nội,thành phố,cầu giấy,quận,trung hòa,phường,,mặt phố ,mặt phố trung hòa cầu giấy hà nội,,,,mặt phố trung hòa cầu giấy hà nội
95,nội thất tòa lideco hạ long,quảng ninh,tỉnh,hạ long,thành phố,,,,nội thất tòa lideco ,nội thất tòa lideco hạ long,,,,nội thất tòa lideco hạ long
96,feliz en vista,,,,,,,,feliz en vista,feliz en vista,,,,feliz en vista
97,"75 hồ hảo hớn , phường cô giang , q1",hồ chí minh,thành phố,quận 1,quận,cô giang,phường,hồ hảo hớn,75 ,75 hồ hảo hớn phường cô giang q1,,,,75 hồ hảo hớn phường cô giang q1
98,"104 phổ quang , phường 2 , quận tân bình",hồ chí minh,thành phố,tân bình,quận,phường 2,phường,phổ quang,104 ,104 phổ quang phường 2 quận tân bình,,,,104 phổ quang phường 2 quận tân bình
99,chung cư the legend,,,,,,,,chung cư the legend,chung cư the legend,,,,chung cư the legend
100,"đặng thúc vịnh , hóc môn",hồ chí minh,thành phố,hóc môn,huyện,,,đặng thúc vịnh, ,đặng thúc vịnh hóc môn,,,,đặng thúc vịnh hóc môn
101,"chung cư k26 đường dương quảng hàm , phường 7 , quận gò vấp tphcm",,,,,,,,,chung cư k26 đường dương quảng hàm phường 7 quận gò vấp tphcm,,,,chung cư k26 đường dương quảng hàm phường 7 quận gò vấp tphcm
102,chung cư k26,,,,,,,,,chung cư k26,,,,chung cư k26
103,"địa chỉ : 50 đường 42 , phường bình trưng tây quận 2",,,,,,,,,địa chỉ 50 đường 42 phường bình trưng tây quận 2,,,,địa chỉ 50 đường 42 phường bình trưng tây quận 2
104,89 thịnh liệt hoàng mai,,,,,,,,,89 thịnh liệt hoàng mai,,,,89 thịnh liệt hoàng mai
105,"mt 23 trương định , q3",,,,,,,,,mt 23 trương định q3,,,,mt 23 trương định q3
106,terra royal,,,,,,,,,terra royal,,,,terra royal
107,chung cư 18t2 hoàng đạo thúy,,,,,,,,,chung cư 18t2 hoàng đạo thúy,,,,chung cư 18t2 hoàng đạo thúy
108,mặt hồ đắc di,,,,,,,,,mặt hồ đắc di,,,,mặt hồ đắc di
109,ngõ 82 chùa láng,,,,,,,,,ngõ 82 chùa láng,,,,ngõ 82 chùa láng
110,phố hoàng ngọc phách,,,,,,,,,phố hoàng ngọc phách,,,,phố hoàng ngọc phách
111,"lý nam đế , hoàn kiếm , hà nội",,,,,,,,,lý nam đế hoàn kiếm hà nội,,,,lý nam đế hoàn kiếm hà nội
112,đường nguyễn trọng tuyển,,,,,,,,,đường nguyễn trọng tuyển,,,,đường nguyễn trọng tuyển
113,chung cư gelexia địa chỉ 885 tam trinh hoàng mai hn,,,,,,,,,chung cư gelexia địa chỉ 885 tam trinh hoàng mai hn,,,,chung cư gelexia địa chỉ 885 tam trinh hoàng mai hn
114,gelexia,,,,,,,,,gelexia,,,,gelexia
115,"mặt phố 42 tô hiến thành , q . hai bà trưng , hà nội",,,,,,,,,mặt phố 42 tô hiến thành q hai bà trưng hà nội,,,,mặt phố 42 tô hiến thành q hai bà trưng hà nội
116,tòa d chung cư imperia garden 203 nguyễn huy tưởng,,,,,,,,,tòa d chung cư imperia garden 203 nguyễn huy tưởng,,,,tòa d chung cư imperia garden 203 nguyễn huy tưởng
117,the sun avenue,,,,,,,,,the sun avenue,,,,the sun avenue
118,quận 2,,,,,,,,,quận 2,,,,quận 2
119,89 thịnh liệt,,,,,,,,,89 thịnh liệt,,,,89 thịnh liệt
120,vinhomes gardenia,,,,,,,,,vinhomes gardenia,,,,vinhomes gardenia
121,khu đô thị mới nam cần thơ,,,,,,,,,khu đô thị mới nam,,,Cần Thơ,"khu đô thị mới nam, Cần Thơ"
122,"số 74 - 75 đường mai chí thọ , phường phú thứ , cái răng , cần thơ",,,,,,,,,số 74 75 đường mai chí thọ phường phú thứ cái răng,,,Cần Thơ,"số 74 75 đường mai chí thọ phường phú thứ cái răng, Cần Thơ"
123,"chung cư d2 , quận ba đình - trung tâm hà nội",,,,,,,,,chung cư d2 quận ba đình trung tâm hà nội,,,,chung cư d2 quận ba đình trung tâm hà nội
124,mega ruby,,,,,,,,,mega ruby,,,,mega ruby
125,"dự án mega ruby , khang điền",,,,,,,,,dự án mega ruby khang điền,,,,dự án mega ruby khang điền
126,"nhà số 13 / 3a , đường bình chuẩn 09 , kp bình quới b , phường bình chuẩn , thị xã thuận an , bình dương",,,,,,,,,nhà số 13 3a đường bình chuẩn 09 kp bình quới b phường bình chuẩn thị xã thuận an,,,Bình Dương,"nhà số 13 3a đường bình chuẩn 09 kp bình quới b phường bình chuẩn thị xã thuận an, Bình Dương"
127,"đường bình chuẩn 9 , phường bình chuẩn , thuận an , bình dương",,,,,,,,,đường bình chuẩn 9 phường bình chuẩn thuận an,,,Bình Dương,"đường bình chuẩn 9 phường bình chuẩn thuận an, Bình Dương"
128,"cụm cn phú thạnh , xã phú thạnh . huyện nhơn trạch tỉnh đồng nai",,,,,,,,,cụm cn phú thạnh   tỉnh,Xã Phú Thạnh,Huyện Nhơn Trạch,Đồng Nai,"cụm cn phú thạnh   tỉnh, Xã Phú Thạnh, Huyện Nhơn Trạch, Đồng Nai"
129,chung cư vinaconex - đường nguyễn xiển,,,,,,,,,chung cư vinaconex đường nguyễn xiển,,,,chung cư vinaconex đường nguyễn xiển
130,chung cư rivera park,,,,,,,,,chung cư rivera park,,,,chung cư rivera park
131,kdc the sun avenue quận 2,,,,,,,,,kdc the sun avenue quận 2,,,,kdc the sun avenue quận 2
132,lô e yên hòa,,,,,,,,,lô e yên hòa,,,,lô e yên hòa
133,chung cư an bình,,,,,,,,,chung cư an bình,,,,chung cư an bình
134,"tân uyên , bình dương",,,,,,,,,tân uyên,,,Bình Dương,"tân uyên, Bình Dương"
135,vinhomes grand park,,,,,,,,,vinhomes grand park,,,,vinhomes grand park
136,him lam phú an quận 9,,,,,,,,,him lam phú an quận 9,,,,him lam phú an quận 9
137,"khu kđt nguyễn văn lộc , hà đông",,,,,,,,,khu kđt nguyễn văn lộc hà đông,,,,khu kđt nguyễn văn lộc hà đông
138,kđt văn quán,,,,,,,,,kđt văn quán,,,,kđt văn quán
139,sunrise city,,,,,,,,,sunrise city,,,,sunrise city
140,"chung cư văn phòng quốc hội số 2 hoàng cầu , góc đường ngã tư hào nam đê la thành",,,,,,,,,chung cư văn phòng quốc hội số 2 hoàng cầu góc đường ngã tư hào nam đê la thành,,,,chung cư văn phòng quốc hội số 2 hoàng cầu góc đường ngã tư hào nam đê la thành
141,tháp 7 the sun avenue,,,,,,,,,tháp 7 the sun avenue,,,,tháp 7 the sun avenue
142,lò rèn,,,,,,,,,lò rèn,,,,lò rèn
143,chung cư hoàng long,,,,,,,,,chung cư hoàng long,,,,chung cư hoàng long
144,richmond city nguyễn xí bình thanh,,,,,,,,,richmond city nguyễn xí bình thanh,,,,richmond city nguyễn xí bình thanh
145,quận 1,,,,,,,,,quận 1,,,,quận 1
146,office 168 office space for lease,,,,,,,,,office 168 office space for lease,,,,office 168 office space for lease
147,"building 168 , số 4 nguyễn thị minh khai , phường đa kao , quận 1 , hcm",,,,,,,,,building 168 số 4 nguyễn thị minh khai phường đa kao quận 1 hcm,,,,building 168 số 4 nguyễn thị minh khai phường đa kao quận 1 hcm
148,"cao ốc đại thanh bình , 911 - 917 nguyễn trãi , phường 14 , quận 5 , hcm",,,,,,,,,cao ốc đại thanh bình 911 917 nguyễn trãi phường 14 quận 5 hcm,,,,cao ốc đại thanh bình 911 917 nguyễn trãi phường 14 quận 5 hcm
149,đường nguyễn cửu vân,,,,,,,,,đường nguyễn cửu vân,,,,đường nguyễn cửu vân
150,"chung cư tsq , kđt mỗ lao , hà đông , hà nội",,,,,,,,,chung cư tsq kđt mỗ lao hà đông hà nội,,,,chung cư tsq kđt mỗ lao hà đông hà nội
151,"lê đức thọ - mỹ đình 2 , nam từ liêm , hà nội",,,,,,,,,lê đức thọ mỹ đình 2 nam từ liêm hà nội,,,,lê đức thọ mỹ đình 2 nam từ liêm hà nội
152,"green field 686 , xô viết nghệ tĩnh , phường 25 , quận bình thạnh",,,,,,,,,green field 686 xô viết nghệ tĩnh phường 25 quận bình thạnh,,,,green field 686 xô viết nghệ tĩnh phường 25 quận bình thạnh
153,căn số 10,,,,,,,,,căn số 10,,,,căn số 10
154,river gate,,,,,,,,,river gate,,,,river gate
155,"mặt tiền mai chí thọ , phường an phú , quận 2",,,,,,,,,mặt tiền mai chí thọ phường an phú quận 2,,,,mặt tiền mai chí thọ phường an phú quận 2
156,"hà huy giáp , p . thạnh lộc , q12",,,,,,,,,hà huy giáp p thạnh lộc q12,,,,hà huy giáp p thạnh lộc q12
157,"p245 , bình thành",,,,,,,,,p245 bình thành,,,,p245 bình thành
158,"đg d1 , p245 , bình thành",,,,,,,,,đg d1 p245 bình thành,,,,đg d1 p245 bình thành
159,"sunrise city view , quận 7 dự án novaland",,,,,,,,,sunrise city view quận 7 dự án novaland,,,,sunrise city view quận 7 dự án novaland
160,số 33 đường nguyễn hữu thọ,,,,,,,,,số 33 đường nguyễn hữu thọ,,,,số 33 đường nguyễn hữu thọ
161,mecoland 102 đường trường chinh,,,,,,,,,mecoland 102 đường trường chinh,,,,mecoland 102 đường trường chinh
162,river gate quận 4,,,,,,,,,river gate quận 4,,,,river gate quận 4
163,"orchard garden - 128 hồng hà , phường 9 , phú nhuận , hcm",,,,,,,,,orchard garden 128 hồng hà phường 9 phú nhuận hcm,,,,orchard garden 128 hồng hà phường 9 phú nhuận hcm
164,sarimi,,,,,,,,,sarimi,,,,sarimi
165,"chung cư đất phương nam , đường chu văn an , p12 , q . bình thạnh",,,,,,,,,chung cư đất phương nam đường chu văn an p12 q bình thạnh,,,,chung cư đất phương nam đường chu văn an p12 q bình thạnh
166,"nhà số 90 đường số 2 , cư xá đô thành , p4 , quận 3",,,,,,,,,nhà số 90 đường số 2 cư xá đô thành p4 quận 3,,,,nhà số 90 đường số 2 cư xá đô thành p4 quận 3
167,phố ẩm thực cấm chỉ - tống duy tân,,,,,,,,,phố ẩm thực cấm chỉ tống duy tân,,,,phố ẩm thực cấm chỉ tống duy tân
168,"ngõ 120 phố yên lãng , đống đa",,,,,,,,,ngõ 120 phố yên lãng đống đa,,,,ngõ 120 phố yên lãng đống đa
169,"907 / 1a trần hưng đạo , phường 1 . quận 5",,,,,,,,,907 1a trần hưng đạo phường 1 quận 5,,,,907 1a trần hưng đạo phường 1 quận 5
170,"130 hồng hà , phường 9 , phú nhuận , hcm",,,,,,,,,130 hồng hà phường 9 phú nhuận hcm,,,,130 hồng hà phường 9 phú nhuận hcm
171,"sarimi sala đại quang minh , thủ thiêm , quận 2",,,,,,,,,sarimi sala đại quang minh thủ thiêm quận 2,,,,sarimi sala đại quang minh thủ thiêm quận 2
172,"thủy nguyên , hải phòng",,,,,,,,,thủy nguyên,,,Hải Phòng,"thủy nguyên, Hải Phòng"
173,minh thành đường lê văn lương phường tân quy quận 7,,,,,,,,,minh thành đường lê văn lương phường tân quy quận 7,,,,minh thành đường lê văn lương phường tân quy quận 7
174,"đường chiến thắng , p . văn quán , q . hà đông , tp . hà nội",,,,,,,,,đường chiến thắng p văn quán q hà đông tp hà nội,,,,đường chiến thắng p văn quán q hà đông tp hà nội
175,"bến ninh kiều - trên đường trần quốc toản , cần thơ",,,,,,,,,bến ninh kiều trên đường trần quốc toản,,,Cần Thơ,"bến ninh kiều trên đường trần quốc toản, Cần Thơ"
176,phòng 403,,,,,,,,,phòng 403,,,,phòng 403
177,"chung cư 5 tầng - 76 nguyễn chí thanh , đống đa , hà nội",,,,,,,,,chung cư 5 tầng 76 nguyễn chí thanh đống đa hà nội,,,,chung cư 5 tầng 76 nguyễn chí thanh đống đa hà nội
178,chung cư liễu giai tower - 26 liễu giai,,,,,,,,,chung cư liễu giai tower 26 liễu giai,,,,chung cư liễu giai tower 26 liễu giai
179,"hxh 199 thành thái , q10",,,,,,,,,hxh 199 thành thái q10,,,,hxh 199 thành thái q10
180,sala đại quang minh,,,,,,,,,sala đại quang minh,,,,sala đại quang minh
181,"công nghiệp ngọc hồi , thanh trì , hà nội",,,,,,,,,công nghiệp ngọc hồi thanh trì hà nội,,,,công nghiệp ngọc hồi thanh trì hà nội
182,chung cư sunny plaza đường phạm văn đồng,,,,,,,,,chung cư sunny plaza đường phạm văn đồng,,,,chung cư sunny plaza đường phạm văn đồng
183,"kdc nam long , p . plb , quận 9",,,,,,,,,kdc nam long p plb quận 9,,,,kdc nam long p plb quận 9
184,richmond block lucky,,,,,,,,,richmond block lucky,,,,richmond block lucky
185,"mặt tiền đường nguyễn đình chính , quận phú nhuận",,,,,,,,,mặt tiền đường nguyễn đình chính quận phú nhuận,,,,mặt tiền đường nguyễn đình chính quận phú nhuận
186,số 10 ngõ 230 / 31 / 24 phố định công thượng,,,,,,,,,số 10 ngõ 230 31 24 phố định công thượng,,,,số 10 ngõ 230 31 24 phố định công thượng
187,"đường nguyễn đổng chi , phường mỹ đình 1",,,,,,,,,đường nguyễn đổng chi phường mỹ đình 1,,,,đường nguyễn đổng chi phường mỹ đình 1
188,"ngõ phố tô ngọc vân , quảng an , tây hồ , hn",,,,,,,,,ngõ phố tô ngọc vân quảng an tây hồ hn,,,,ngõ phố tô ngọc vân quảng an tây hồ hn
189,"ngõ 4a phố đặng văn ngữ , quận đống đa , hà nội",,,,,,,,,ngõ 4a phố đặng văn ngữ quận đống đa hà nội,,,,ngõ 4a phố đặng văn ngữ quận đống đa hà nội
190,"đường quốc lộ 1a , thới an , quận 12",,,,,,,,,đường quốc lộ 1a thới an quận 12,,,,đường quốc lộ 1a thới an quận 12
191,galaxy 9,,,,,,,,,galaxy 9,,,,galaxy 9
192,"mặt đường nguyễn khoái , quận 4",,,,,,,,,mặt đường nguyễn khoái quận 4,,,,mặt đường nguyễn khoái quận 4
193,"mặt đường thanh đàm , quận hoàng mai , hà nội",,,,,,,,,mặt đường thanh đàm quận hoàng mai hà nội,,,,mặt đường thanh đàm quận hoàng mai hà nội
194,mặt đường thanh đàm,,,,,,,,,mặt đường thanh đàm,,,,mặt đường thanh đàm
195,botanica premier ( chủ đầu tư novaland ),,,,,,,,,botanica premier chủ đầu tư novaland,,,,botanica premier chủ đầu tư novaland
196,"108 hồng hà , phường 2 , quận tân bình , tp . hcm",,,,,,,,,108 hồng hà phường 2 quận tân bình tp hcm,,,,108 hồng hà phường 2 quận tân bình tp hcm
197,phố lý thường kiệt,,,,,,,,,phố lý thường kiệt,,,,phố lý thường kiệt
198,"số nhà 33 , đường mỹ an 23 , p . mỹ an , q . ngũ hành sơn , tp . đà nẵng",,,,,,,,,số nhà 33 đường mỹ an 23 p mỹ an q ngũ hành sơn tp,,,Đà Nẵng,"số nhà 33 đường mỹ an 23 p mỹ an q ngũ hành sơn tp, Đà Nẵng"
199,new horizon,,,,,,,,,new horizon,,,,new horizon
200,tòa cruz,,,,,,,,,tòa cruz,,,,tòa cruz
201,tháp c,,,,,,,,,tháp c,,,,tháp c
202,"ngõ 559 kim ngưu , hbt , hn",,,,,,,,,ngõ 559 kim ngưu hbt hn,,,,ngõ 559 kim ngưu hbt hn
203,"ngo 559 kim ngưu , hbt , hn",,,,,,,,,ngo 559 kim ngưu hbt hn,,,,ngo 559 kim ngưu hbt hn
204,"480 / 95d phường 28 , quận bình thạnh",,,,,,,,,480 95d phường 28 quận bình thạnh,,,,480 95d phường 28 quận bình thạnh
205,215 nguyễn thị thập phường tân phú quận 7,,,,,,,,,215 nguyễn thị thập phường tân phú quận 7,,,,215 nguyễn thị thập phường tân phú quận 7
206,mt cộng hòa,,,,,,,,,mt cộng hòa,,,,mt cộng hòa
207,5.16 tòa c2 chung cư ecohome 2,,,,,,,,,5 16 tòa c2 chung cư ecohome 2,,,,5 16 tòa c2 chung cư ecohome 2
208,"đường quốc lộ 1a , tân tạo bình tân",,,,,,,,,đường quốc lộ 1a tân tạo bình tân,,,,đường quốc lộ 1a tân tạo bình tân
209,"quốc lộ 1a , phường tân tạo",,,,,,,,,quốc lộ 1a phường tân tạo,,,,quốc lộ 1a phường tân tạo
210,"river gte , 151 bến vân đồn , quận 4",,,,,,,,,river gte 151 bến vân đồn quận 4,,,,river gte 151 bến vân đồn quận 4
211,"ngõ ô tô trung kính - trần kim xuyến , quận cầu giấy",,,,,,,,,ngõ ô tô trung kính trần kim xuyến quận cầu giấy,,,,ngõ ô tô trung kính trần kim xuyến quận cầu giấy
212,saigon gateway,,,,,,,,,saigon gateway,,,,saigon gateway
213,"mặt tiền phạm hữu lầu , quận 7 , tp hồ chí minh",,,,,,,,,mặt tiền phạm hữu lầu  tp,, Quận 7,Hồ Chí Minh,"mặt tiền phạm hữu lầu  tp,  Quận 7, Hồ Chí Minh"
214,hoàng anh gia lai,,,,,,,,,hoàng anh,,,Gia Lai,"hoàng anh, Gia Lai"
215,"kđt belhom - vsip , từ sơn bắc ninh",,,,,,,,,kđt belhom vsip từ sơn,,,Bắc Ninh,"kđt belhom vsip từ sơn, Bắc Ninh"
216,cafe view hồ đắc di cơ hội,,,,,,,,,cafe view hồ đắc di cơ hội,,,,cafe view hồ đắc di cơ hội
217,thành phố nha trang,,,,,,,,,thành phố nha trang,,,,thành phố nha trang
218,"02 lê thành phương , phường phương sài , tp nha trang",,,,,,,,,02 lê thành phương phường phương sài tp nha trang,,,,02 lê thành phương phường phương sài tp nha trang
219,61 hoa lan,,,,,,,,,61 hoa lan,,,,61 hoa lan
220,phan xích long phường 02 quận phú nhuận,,,,,,,,,phan xích long phường 02 quận phú nhuận,,,,phan xích long phường 02 quận phú nhuận
221,"mỹ đình 2 đường lê đức thọ , nam từ liêm , hà nội",,,,,,,,,mỹ đình 2 đường lê đức thọ nam từ liêm hà nội,,,,mỹ đình 2 đường lê đức thọ nam từ liêm hà nội
222,"hòa cường , hải châu , đà nẵng",,,,,,,,,hòa cường hải châu,,,Đà Nẵng,"hòa cường hải châu, Đà Nẵng"
223,quận 9,,,,,,,,,quận 9,,,,quận 9
224,"khu dân cư trí kiệt , p . phước long b , quận 9",,,,,,,,,khu dân cư trí kiệt p phước long b quận 9,,,,khu dân cư trí kiệt p phước long b quận 9
225,386 / 9a lê văn sỹ,,,,,,,,,386 9a lê văn sỹ,,,,386 9a lê văn sỹ
226,the pegasuite quận 8,,,,,,,,,the pegasuite quận 8,,,,the pegasuite quận 8
227,vườn đào,,,,,,,,,vườn đào,,,,vườn đào
228,chung cư sài gòn gateway,,,,,,,,,chung cư sài gòn gateway,,,,chung cư sài gòn gateway
229,"hà đô centrosa , quận 10",,,,,,,,,hà đô centrosa quận 10,,,,hà đô centrosa quận 10
230,"số 44 / 32 / 32 trương phước phan , quận bình tân",,,,,,,,,số 44 32 32 trương phước phan quận bình tân,,,,số 44 32 32 trương phước phan quận bình tân
231,số 5 - ngõ 1277 / 7 đường giải phóng,,,,,,,,,số 5 ngõ 1277 7 đường giải phóng,,,,số 5 ngõ 1277 7 đường giải phóng
232,yên hòa cầu giấy hà nội .,,,,,,,,,yên hòa cầu giấy hà nội,,,,yên hòa cầu giấy hà nội
233,tòa ct 2,,,,,,,,,tòa ct 2,,,,tòa ct 2
234,chung cư 789 ngoại giao đoàn,,,,,,,,,chung cư 789 ngoại giao đoàn,,,,chung cư 789 ngoại giao đoàn
235,"mỹ đình pearl - số 2 châu văn liêm - mỹ đình , nam từ liêm , hà nội",,,,,,,,,mỹ đình pearl số 2 châu văn liêm mỹ đình nam từ liêm hà nội,,,,mỹ đình pearl số 2 châu văn liêm mỹ đình nam từ liêm hà nội
236,"mặt đường ngọc hồi giải phóng , hoàng mai , hà nội",,,,,,,,,mặt đường ngọc hồi giải phóng hoàng mai hà nội,,,,mặt đường ngọc hồi giải phóng hoàng mai hà nội
237,"195 ngọc hồi , hoàng mai , hà nội",,,,,,,,,195 ngọc hồi hoàng mai hà nội,,,,195 ngọc hồi hoàng mai hà nội
238,"đường lê thị riêng , thới an , quận 12",,,,,,,,,đường lê thị riêng thới an quận 12,,,,đường lê thị riêng thới an quận 12
239,the prince,,,,,,,,,the prince,,,,the prince
240,tòa river gate mặt tiền bến vân đồn,,,,,,,,,tòa river gate mặt tiền bến vân đồn,,,,tòa river gate mặt tiền bến vân đồn
241,phố minh khai,,,,,,,,,phố minh khai,,,,phố minh khai
242,"phường 25 , quận bình thạnh",,,,,,,,,phường 25 quận bình thạnh,,,,phường 25 quận bình thạnh
243,vinhomes west point,,,,,,,,,vinhomes west point,,,,vinhomes west point
244,tòa nhà imperia garden,,,,,,,,,tòa nhà imperia garden,,,,tòa nhà imperia garden
245,"số 3 ngõ viện máy , tổ 21 , p . mai dịch , cầu giấy , hà nội",,,,,,,,,số 3 ngõ viện máy tổ 21 p mai dịch cầu giấy hà nội,,,,số 3 ngõ viện máy tổ 21 p mai dịch cầu giấy hà nội
246,vinhomes metropolis - liễu giai,,,,,,,,,vinhomes metropolis liễu giai,,,,vinhomes metropolis liễu giai
247,trung tâm quận ba đình,,,,,,,,,trung tâm quận ba đình,,,,trung tâm quận ba đình
248,vinhome metropolis,,,,,,,,,vinhome metropolis,,,,vinhome metropolis
249,chung cư hoàng cầu skyline - 36 hoàng cầu,,,,,,,,,chung cư hoàng cầu skyline 36 hoàng cầu,,,,chung cư hoàng cầu skyline 36 hoàng cầu
250,"chung cư diamond flower tower , lê văn lương",,,,,,,,,chung cư diamond flower tower lê văn lương,,,,chung cư diamond flower tower lê văn lương
251,"bắc bình , 649 / 46 điện biên phủ , phường 25 , bình thạnh",,,,,,,,,bắc bình 649 46  phủ phường 25 bình thạnh,,,Điện Biên,"bắc bình 649 46  phủ phường 25 bình thạnh, Điện Biên"
252,"mặt tiền đường 768 , khu phố 4 , phường trảng dài , biên hòa",,,,,,,,,mặt tiền đường 768 khu phố 4 phường trảng dài biên hòa,,,,mặt tiền đường 768 khu phố 4 phường trảng dài biên hòa
253,"river gate : 151 bến vân đồn , phường 6 , quận 4 , tphcm",,,,,,,,,river gate 151 bến vân đồn phường 6 quận 4 tphcm,,,,river gate 151 bến vân đồn phường 6 quận 4 tphcm
254,"số 6 ngõ 133 đường nguyễn phong sắc , góc ngã tư nghĩa tân - nguyễn phong sắc",,,,,,,,,số 6 ngõ 133 đường nguyễn phong sắc góc ngã tư nghĩa tân nguyễn phong sắc,,,,số 6 ngõ 133 đường nguyễn phong sắc góc ngã tư nghĩa tân nguyễn phong sắc
255,"vimeco ct 4 , đường nguyễn chánh cầu giấy",,,,,,,,,vimeco ct 4 đường nguyễn chánh cầu giấy,,,,vimeco ct 4 đường nguyễn chánh cầu giấy
256,18 / 8 trần quang diệu,,,,,,,,,18 8 trần quang diệu,,,,18 8 trần quang diệu
257,vinhomes central park . địa chỉ :,,,,,,,,,vinhomes central park địa chỉ,,,,vinhomes central park địa chỉ
258,"280 nguyễn hữu cảnh , p22 , bình thạnh , hcm",,,,,,,,,280 nguyễn hữu cảnh p22 bình thạnh hcm,,,,280 nguyễn hữu cảnh p22 bình thạnh hcm
259,"40 / 18 trần đình xu , q1 , thành phố hồ chí minh",,,,,,,,,40 18 trần đình xu q1 thành phố,,,Hồ Chí Minh,"40 18 trần đình xu q1 thành phố, Hồ Chí Minh"
260,cccc mulberry lane - làng việt kiều châu âu - kđt mỗ lao - hà đông,,,,,,,,,cccc mulberry lane làng việt kiều châu âu kđt mỗ lao hà đông,,,,cccc mulberry lane làng việt kiều châu âu kđt mỗ lao hà đông
261,royal city,,,,,,,,,royal city,,,,royal city
262,penhouse tòa p2 trong khu đô thị ciputra hà nội,,,,,,,,,penhouse tòa p2 trong khu đô thị ciputra hà nội,,,,penhouse tòa p2 trong khu đô thị ciputra hà nội
263,kđt ciputra,,,,,,,,,kđt ciputra,,,,kđt ciputra
264,phố thọ tháp,,,,,,,,,phố thọ tháp,,,,phố thọ tháp
265,the gold view - bến vân đồn - quận 4,,,,,,,,,the gold view bến vân đồn quận 4,,,,the gold view bến vân đồn quận 4
266,"chung cư tràng an complex , ngay",,,,,,,,,chung cư tràng an complex ngay,,,,chung cư tràng an complex ngay
267,số 1 phùng chí kiên,,,,,,,,,số 1 phùng chí kiên,,,,số 1 phùng chí kiên
268,"đường quốc lộ 22 , cầu an hạ xuân thới sơn , huyện hóc môn",,,,,,,,,đường quốc lộ 22 cầu an hạ xuân thới sơn huyện hóc môn,,,,đường quốc lộ 22 cầu an hạ xuân thới sơn huyện hóc môn
269,"chung cư golden palm lê văn lương , thanh xuân , hà nội",,,,,,,,,chung cư golden palm lê văn lương thanh xuân hà nội,,,,chung cư golden palm lê văn lương thanh xuân hà nội
270,151 bến vân đồn,,,,,,,,,151 bến vân đồn,,,,151 bến vân đồn
271,"chung cư richmond nguyễn xí , bình thạnh",,,,,,,,,chung cư richmond nguyễn xí bình thạnh,,,,chung cư richmond nguyễn xí bình thạnh
272,611 / 9 điện biên phủ,,,,,,,,,611 9  phủ,,,Điện Biên,"611 9  phủ, Điện Biên"
273,"110a phạm văn đồng , phường 3 , quận gò vấp",,,,,,,,,110a phạm văn đồng phường 3 quận gò vấp,,,,110a phạm văn đồng phường 3 quận gò vấp
274,"chung cư tầng 11 , tòa c2 trong khu dân cư c1 - c2 xuân đỉnh , ngõ 323 xuân đỉnh , bắc từ liêm , hn",,,,,,,,,chung cư tầng 11 tòa c2 trong khu dân cư c1 c2 xuân đỉnh ngõ 323 xuân đỉnh bắc từ liêm hn,,,,chung cư tầng 11 tòa c2 trong khu dân cư c1 c2 xuân đỉnh ngõ 323 xuân đỉnh bắc từ liêm hn
275,"phố bùi xuân phái , mỹ đình 2",,,,,,,,,phố bùi xuân phái mỹ đình 2,,,,phố bùi xuân phái mỹ đình 2
276,"hẻm 39 / 7 đường 47 , phường hiệp bình chánh , q . thủ đức",,,,,,,,,hẻm 39 7 đường 47 phường hiệp bình chánh q thủ đức,,,,hẻm 39 7 đường 47 phường hiệp bình chánh q thủ đức
277,tdh trường thọ,,,,,,,,,tdh trường thọ,,,,tdh trường thọ
278,"ngã 4 ga , đường quốc lộ 1a , thạnh xuân , quận 12",,,,,,,,,ngã 4 ga đường quốc lộ 1a thạnh xuân quận 12,,,,ngã 4 ga đường quốc lộ 1a thạnh xuân quận 12
279,"the art , đường đỗ xuân hợp",,,,,,,,,the art đường đỗ xuân hợp,,,,the art đường đỗ xuân hợp
280,42 đường số 2 cư xá đô thành phường 04 quận 3,,,,,,,,,42 đường số 2 cư xá đô thành phường 04 quận 3,,,,42 đường số 2 cư xá đô thành phường 04 quận 3
281,ngõ 7 thái thịnh,,,,,,,,,ngõ 7 thái thịnh,,,,ngõ 7 thái thịnh
282,ngõ 65 vũ ngọc phan,,,,,,,,,ngõ 65 vũ ngọc phan,,,,ngõ 65 vũ ngọc phan
283,"chiêu liêu , dĩ an , bình dương",,,,,,,,,chiêu liêu dĩ an,,,Bình Dương,"chiêu liêu dĩ an, Bình Dương"
284,hàng xanh,,,,,,,,,hàng xanh,,,,hàng xanh
285,"8 / 44 đinh bộ lĩnh , p24 , quận bình thạnh",,,,,,,,,8 44 đinh bộ lĩnh p24 quận bình thạnh,,,,8 44 đinh bộ lĩnh p24 quận bình thạnh
286,trung tâm quận bình thạnh,,,,,,,,,trung tâm quận bình thạnh,,,,trung tâm quận bình thạnh
287,"ngõ đường tây hồ , quận tây hồ , hà nội",,,,,,,,,ngõ đường tây hồ quận tây hồ hà nội,,,,ngõ đường tây hồ quận tây hồ hà nội
288,"khu chung cư vinhome west point tại mễ trì , từ liêm",,,,,,,,,khu chung cư vinhome west point tại mễ trì từ liêm,,,,khu chung cư vinhome west point tại mễ trì từ liêm
289,6h element,,,,,,,,,6h element,,,,6h element
290,chung cư tại tòa m5 nguyễn chí thanh,,,,,,,,,chung cư tại tòa m5 nguyễn chí thanh,,,,chung cư tại tòa m5 nguyễn chí thanh
291,cc the gold view,,,,,,,,,cc the gold view,,,,cc the gold view
292,"trung tâm quận 7 , khu tân quy đông , phường tân phong",,,,,,,,,trung tâm quận 7 khu tân quy đông phường tân phong,,,,trung tâm quận 7 khu tân quy đông phường tân phong
293,mặt tiền tỉnh lộ 824,,,,,,,,,mặt tiền tỉnh lộ 824,,,,mặt tiền tỉnh lộ 824
294,"chợ tân định , phường 8 , quận 3",,,,,,,,,chợ tân định phường 8 quận 3,,,,chợ tân định phường 8 quận 3
295,699 lạc long quân,,,,,,,,,699 lạc long quân,,,,699 lạc long quân
296,"richtar , quan tân phú",,,,,,,,,richtar quan tân phú,,,,richtar quan tân phú
297,trung tâm thành phố hồ chí minh,,,,,,,,,trung tâm thành phố,,,Hồ Chí Minh,"trung tâm thành phố, Hồ Chí Minh"
298,"209 nguyễn đình chiểu , p5 , q3",,,,,,,,,209 nguyễn đình chiểu p5 q3,,,,209 nguyễn đình chiểu p5 q3
299,quận 3,,,,,,,,,quận 3,,,,quận 3
300,hẻm huỳnh văn lũy,,,,,,,,,hẻm huỳnh văn lũy,,,,hẻm huỳnh văn lũy
301,"99 huỳnh tịnh của , p . 8 , q . 3",,,,,,,,,99 huỳnh tịnh của p 8 q 3,,,,99 huỳnh tịnh của p 8 q 3
302,"số 8 ngõ 1 phố đỗ nhuận , phường xuân đỉnh , quận bắc từ liêm , tp hà nội",,,,,,,,,số 8 ngõ 1 phố đỗ nhuận phường xuân đỉnh quận bắc từ liêm tp hà nội,,,,số 8 ngõ 1 phố đỗ nhuận phường xuân đỉnh quận bắc từ liêm tp hà nội
303,richstar - 278 hòa bình - chung cư cao cấp novaland,,,,,,,,,richstar 278  chung cư cao cấp novaland,,,Hòa Bình,"richstar 278  chung cư cao cấp novaland, Hòa Bình"
304,"61 nguyễn minh hoàng , khu k300 , p . 12 , quận tân bình",,,,,,,,,61 nguyễn minh hoàng khu k300 p 12 quận tân bình,,,,61 nguyễn minh hoàng khu k300 p 12 quận tân bình
305,05 tòa b mandarin garden 2 - 99 tân mai,,,,,,,,,05 tòa b mandarin garden 2 99 tân mai,,,,05 tòa b mandarin garden 2 99 tân mai
306,"đường hương lộ 2 , bình tân",,,,,,,,,đường hương lộ 2 bình tân,,,,đường hương lộ 2 bình tân
307,"hương lộ 2 , phường bình trị đông a , bình tân , tp . hồ chí minh",,,,,,,,,hương lộ 2 phường bình trị đông a bình tân tp,,,Hồ Chí Minh,"hương lộ 2 phường bình trị đông a bình tân tp, Hồ Chí Minh"
308,"phường an phú , quận 2",,,,,,,,,phường an phú quận 2,,,,phường an phú quận 2
309,"masteri millennium vị trí 132 bến vân đồn , phường 6 , quận 4 , hồ chí minh",,,,,,,,,masteri millennium vị trí 132 bến vân đồn,Phường 6, Quận 4,Hồ Chí Minh,"masteri millennium vị trí 132 bến vân đồn, Phường 6,  Quận 4, Hồ Chí Minh"
310,masteri millennium,,,,,,,,,masteri millennium,,,,masteri millennium
311,số 6 nguyễn công hoan,,,,,,,,,số 6 nguyễn công hoan,,,,số 6 nguyễn công hoan
312,320 võ văn tần,,,,,,,,,320 võ văn tần,,,,320 võ văn tần
313,vinhomes central park,,,,,,,,,vinhomes central park,,,,vinhomes central park
314,golden field,,,,,,,,,golden field,,,,golden field
315,hoàng anh gia lai - mặt tiền đường nguyễn hữu thọ,,,,,,,,,hoàng anh  mặt tiền đường nguyễn hữu thọ,,,Gia Lai,"hoàng anh  mặt tiền đường nguyễn hữu thọ, Gia Lai"
316,"mặt tiền đường nguyễn hữu thọ , phước kiển , nhà bè",,,,,,,,,mặt tiền đường nguyễn hữu thọ phước kiển nhà bè,,,,mặt tiền đường nguyễn hữu thọ phước kiển nhà bè
317,"đường nguyễn hữu thọ , phường tân phong , quận 7 , hồ chí minh",,,,,,,,,đường nguyễn hữu thọ,Phường Tân Phong, Quận 7,Hồ Chí Minh,"đường nguyễn hữu thọ, Phường Tân Phong,  Quận 7, Hồ Chí Minh"
318,26 đường láng,,,,,,,,,26 đường láng,,,,26 đường láng
319,dự án gold coast,,,,,,,,,dự án gold coast,,,,dự án gold coast
320,nha trang,,,,,,,,,nha trang,,,,nha trang
321,số 1 trần hưng đạo,,,,,,,,,số 1 trần hưng đạo,,,,số 1 trần hưng đạo
322,khách sạn việt village - khu vực sân bay nội bài hà nội,,,,,,,,,khách sạn việt village khu vực sân bay nội bài hà nội,,,,khách sạn việt village khu vực sân bay nội bài hà nội
323,khuất duy tiến phường nhân chính quận thanh xuân,,,,,,,,,khuất duy tiến phường nhân chính quận thanh xuân,,,,khuất duy tiến phường nhân chính quận thanh xuân
324,số : 42 ngõ 102 đường khuất duy tiến,,,,,,,,,số 42 ngõ 102 đường khuất duy tiến,,,,số 42 ngõ 102 đường khuất duy tiến
325,lakeview city,,,,,,,,,lakeview city,,,,lakeview city
326,mặt tiên trường chinh,,,,,,,,,mặt tiên trường chinh,,,,mặt tiên trường chinh
327,"104 / 5a , nhất chi mai , p13 , tân bình",,,,,,,,,104 5a nhất chi mai p13 tân bình,,,,104 5a nhất chi mai p13 tân bình
328,chung cư goldmark city 136 hồ tùng mậu,,,,,,,,,chung cư goldmark city 136 hồ tùng mậu,,,,chung cư goldmark city 136 hồ tùng mậu
329,chung cư vinhomes smart city,,,,,,,,,chung cư vinhomes smart city,,,,chung cư vinhomes smart city
330,"phố nhật tảo , bắc từ liêm",,,,,,,,,phố nhật tảo bắc từ liêm,,,,phố nhật tảo bắc từ liêm
331,sg avenue,,,,,,,,,sg avenue,,,,sg avenue
332,48 kim mã thượng,,,,,,,,,48 kim mã thượng,,,,48 kim mã thượng
333,kim mã thượng rộng,,,,,,,,,kim mã thượng rộng,,,,kim mã thượng rộng
334,"số 48 phố kim mã thượng , ba đình , hà nội",,,,,,,,,số 48 phố kim mã thượng ba đình hà nội,,,,số 48 phố kim mã thượng ba đình hà nội
335,đặng tiến đông,,,,,,,,,đặng tiến đông,,,,đặng tiến đông
336,"mặt đường lương khánh thiện , đoạn gàn ga hp",,,,,,,,,mặt đường lương khánh thiện đoạn gàn ga hp,,,,mặt đường lương khánh thiện đoạn gàn ga hp
337,595 nguyễn đình chiểu,,,,,,,,,595 nguyễn đình chiểu,,,,595 nguyễn đình chiểu
338,quận phú nhuận,,,,,,,,,quận phú nhuận,,,,quận phú nhuận
339,"kdc thới an , quận 12",,,,,,,,,kdc thới an quận 12,,,,kdc thới an quận 12
340,đường quốc lộ 1a ngã 4 an sương,,,,,,,,,đường quốc lộ 1a ngã 4 an sương,,,,đường quốc lộ 1a ngã 4 an sương
341,"tk 25 / trần hưng đạo , p . cầu kho , quận 1",,,,,,,,,tk 25 trần hưng đạo p cầu kho quận 1,,,,tk 25 trần hưng đạo p cầu kho quận 1
342,dự án richmond city,,,,,,,,,dự án richmond city,,,,dự án richmond city
343,"block riches , mặt tiền nguyễn xí",,,,,,,,,block riches mặt tiền nguyễn xí,,,,block riches mặt tiền nguyễn xí
344,cc belleza quận 7,,,,,,,,,cc belleza quận 7,,,,cc belleza quận 7
345,đường nguyễn lương bằng và phạm hữu lầu,,,,,,,,,đường nguyễn lương bằng và phạm hữu lầu,,,,đường nguyễn lương bằng và phạm hữu lầu
346,đường điện biên phủ,,,,,,,,,đường  phủ,,,Điện Biên,"đường  phủ, Điện Biên"
347,"đường 3 / 2 , p11 , q10",,,,,,,,,đường 3 2 p11 q10,,,,đường 3 2 p11 q10
348,trung tâm quận cầu giấy,,,,,,,,,trung tâm quận cầu giấy,,,,trung tâm quận cầu giấy
349,"số 20 nguyễn văn huyên , cầu giấy , hà nội",,,,,,,,,số 20 nguyễn văn huyên cầu giấy hà nội,,,,số 20 nguyễn văn huyên cầu giấy hà nội
350,"09 nguyễn khoái , phường 2 , quận 4 , tp . hcm",,,,,,,,,09 nguyễn khoái phường 2 quận 4 tp hcm,,,,09 nguyễn khoái phường 2 quận 4 tp hcm
351,"số 37 ngõ 318 ngọc thụy , long biên , hà nội",,,,,,,,,số 37 ngõ 318 ngọc thụy long biên hà nội,,,,số 37 ngõ 318 ngọc thụy long biên hà nội
352,đường trung văn,,,,,,,,,đường trung văn,,,,đường trung văn
353,467 sư vạn hạnh ngay vạn hạnh mall phường 12 quận 10,,,,,,,,,467 sư vạn hạnh ngay vạn hạnh mall phường 12 quận 10,,,,467 sư vạn hạnh ngay vạn hạnh mall phường 12 quận 10
354,tháp t2,,,,,,,,,tháp t2,,,,tháp t2
355,nút ngã ba giao thông đông đúc,,,,,,,,,nút ngã ba giao thông đông đúc,,,,nút ngã ba giao thông đông đúc
356,mặt phố trung kính,,,,,,,,,mặt phố trung kính,,,,mặt phố trung kính
357,"la astoria tại 383 nguyễn duy trinh , quận 2",,,,,,,,,la astoria tại 383 nguyễn duy trinh quận 2,,,,la astoria tại 383 nguyễn duy trinh quận 2
358,"66 - 68 thạnh xuân 38 , p . thạnh xuân , q12 , tphcm",,,,,,,,,66 68 thạnh xuân 38 p thạnh xuân q12 tphcm,,,,66 68 thạnh xuân 38 p thạnh xuân q12 tphcm
359,"số 52 ngõ 164 vương thừa vũ , thanh xuân , hn",,,,,,,,,số 52 ngõ 164 vương thừa vũ thanh xuân hn,,,,số 52 ngõ 164 vương thừa vũ thanh xuân hn
360,tư đình,,,,,,,,,tư đình,,,,tư đình
361,phà cát lái quận 2,,,,,,,,,phà cát lái quận 2,,,,phà cát lái quận 2
362,6 / 5 đề thám quận 1,,,,,,,,,6 5 đề thám quận 1,,,,6 5 đề thám quận 1
363,"6 / 5 đường đề thám , phường cầu ông lãnh , quận 1",,,,,,,,,6 5 đường đề thám phường cầu ông lãnh quận 1,,,,6 5 đường đề thám phường cầu ông lãnh quận 1
364,"46 đường 40 , phường thảo điền , quận 2 , hồ chí minh",,,,,,,,,46 đường 40,Phường Thảo Điền, Quận 2,Hồ Chí Minh,"46 đường 40, Phường Thảo Điền,  Quận 2, Hồ Chí Minh"
365,mặt đường mỹ đình,,,,,,,,,mặt đường mỹ đình,,,,mặt đường mỹ đình
366,dự án sunshine city - khu đô thị ciputra nam thăng long,,,,,,,,,dự án sunshine city khu đô thị ciputra nam thăng long,,,,dự án sunshine city khu đô thị ciputra nam thăng long
367,khu nguyễn chính phố tân mai hoàng mai hn,,,,,,,,,khu nguyễn chính phố tân mai hoàng mai hn,,,,khu nguyễn chính phố tân mai hoàng mai hn
368,tràng an complex,,,,,,,,,tràng an complex,,,,tràng an complex
369,"mặt tiền bàu cát 6 , phường 14 , quận tân bình",,,,,,,,,mặt tiền bàu cát 6 phường 14 quận tân bình,,,,mặt tiền bàu cát 6 phường 14 quận tân bình
370,"phan đình phùng , ba đình , hà nội",,,,,,,,,phan đình phùng ba đình hà nội,,,,phan đình phùng ba đình hà nội
371,"số 20 huỳnh lan khanh , p2 , q . tân bình",,,,,,,,,số 20 huỳnh lan khanh p2 q tân bình,,,,số 20 huỳnh lan khanh p2 q tân bình
372,hoàng anh an tiến ( gold house ),,,,,,,,,hoàng anh an tiến gold house,,,,hoàng anh an tiến gold house
373,"khu a , c làng đại học",,,,,,,,,khu a c làng đại học,,,,khu a c làng đại học
374,"kđt trung yên - trung hòa , cầu giấy - hà nội",,,,,,,,,kđt trung yên trung hòa cầu giấy hà nội,,,,kđt trung yên trung hòa cầu giấy hà nội
375,"348 đường phạm văn đồng , phường 13 , bình thạnh",,,,,,,,,348 đường phạm văn đồng phường 13 bình thạnh,,,,348 đường phạm văn đồng phường 13 bình thạnh
376,mặt tiền phạm văn đồng,,,,,,,,,mặt tiền phạm văn đồng,,,,mặt tiền phạm văn đồng
377,"294 / 7 nơ trang long , p12 , q . bình thạnh",,,,,,,,,294 7 nơ trang long p12 q bình thạnh,,,,294 7 nơ trang long p12 q bình thạnh
378,ngõ 191 phạm văn đồng,,,,,,,,,ngõ 191 phạm văn đồng,,,,ngõ 191 phạm văn đồng
379,số 54 đường b1 kđt vĩnh điềm trung,,,,,,,,,số 54 đường b1 kđt vĩnh điềm trung,,,,số 54 đường b1 kđt vĩnh điềm trung
380,tân uyên,,,,,,,,,tân uyên,,,,tân uyên
381,"d2704 chung cư mulberry lane , mỗ lao , hà đông",,,,,,,,,d2704 chung cư mulberry lane mỗ lao hà đông,,,,d2704 chung cư mulberry lane mỗ lao hà đông
382,"địa chỉ số 1 ngách 43 thanh miến , văn miếu",,,,,,,,,địa chỉ số 1 ngách 43 thanh miến văn miếu,,,,địa chỉ số 1 ngách 43 thanh miến văn miếu
383,tòa chung cư ia 20 ciputra - nam thăng long hà nội ( chân cầu thăng long,,,,,,,,,tòa chung cư ia 20 ciputra nam thăng long hà nội chân cầu thăng long,,,,tòa chung cư ia 20 ciputra nam thăng long hà nội chân cầu thăng long
384,mặt tiền đường yên thế,,,,,,,,,mặt tiền đường yên thế,,,,mặt tiền đường yên thế
385,"134 yên thế , phường 2 , quận tân bình",,,,,,,,,134 yên thế phường 2 quận tân bình,,,,134 yên thế phường 2 quận tân bình
386,"tòa nhà 481 điện biên phủ , quận 3",,,,,,,,,tòa nhà 481  phủ quận 3,,,Điện Biên,"tòa nhà 481  phủ quận 3, Điện Biên"
387,trung tâm phường hàng bài,,,,,,,,,trung tâm phường hàng bài,,,,trung tâm phường hàng bài
388,chung cư bình khánh,,,,,,,,,chung cư bình khánh,,,,chung cư bình khánh
389,đường lê thị riêng,,,,,,,,,đường lê thị riêng,,,,đường lê thị riêng
390,hẻm 96 lê thị riêng quận 1,,,,,,,,,hẻm 96 lê thị riêng quận 1,,,,hẻm 96 lê thị riêng quận 1
391,phường 6 quận 4,,,,,,,,,phường 6 quận 4,,,,phường 6 quận 4
392,tống duy tân - hoàn kiếm,,,,,,,,,tống duy tân hoàn kiếm,,,,tống duy tân hoàn kiếm
393,"559 - 561 đường âu cơ , quận tân phú",,,,,,,,,559 561 đường âu cơ quận tân phú,,,,559 561 đường âu cơ quận tân phú
394,26 nguyễn thượng hiền,,,,,,,,,26 nguyễn thượng hiền,,,,26 nguyễn thượng hiền
395,"chung cư tại the prince , 17 - 19 - 21 nguyễn văn trỗi , phường 12 , phú nhuận",,,,,,,,,chung cư tại the prince 17 19 21 nguyễn văn trỗi phường 12 phú nhuận,,,,chung cư tại the prince 17 19 21 nguyễn văn trỗi phường 12 phú nhuận
396,ever rich quận 11,,,,,,,,,ever rich quận 11,,,,ever rich quận 11
397,two 88 - the golden land,,,,,,,,,two 88 the golden land,,,,two 88 the golden land
398,"mặt tiền 52 đường d1 ( nay là nguyễn văn thương ) , phường 25 , bình thạnh , hồ chí minh",,,,,,,,,mặt tiền 52 đường d1 nay là nguyễn văn thương phường 25 bình thạnh,,,Hồ Chí Minh,"mặt tiền 52 đường d1 nay là nguyễn văn thương phường 25 bình thạnh, Hồ Chí Minh"
399,mặt tiền đường nguyễn đình chính,,,,,,,,,mặt tiền đường nguyễn đình chính,,,,mặt tiền đường nguyễn đình chính
400,"206a nguyễn đình chính , phường 11 , q . phú nhuận",,,,,,,,,206a nguyễn đình chính phường 11 q phú nhuận,,,,206a nguyễn đình chính phường 11 q phú nhuận
401,"352 nguyễn văn linh , phường bình thuận , quận 7 , tp hcm",,,,,,,,,352 nguyễn văn linh phường  quận 7 tp hcm,,,Bình Thuận  ,"352 nguyễn văn linh phường  quận 7 tp hcm, Bình Thuận  "
402,"tòa yên hòa park view số 3 vũ phạm hàm , yên hòa , cầu giấy , hà nội",,,,,,,,,tòa yên hòa park view số 3 vũ phạm hàm yên hòa cầu giấy hà nội,,,,tòa yên hòa park view số 3 vũ phạm hàm yên hòa cầu giấy hà nội
403,quận cầu giấy,,,,,,,,,quận cầu giấy,,,,quận cầu giấy
404,phú nhuận,,,,,,,,,phú nhuận,,,,phú nhuận
405,"lầu 1 , mặt tiền đường phan xích long , quận phú nhuận",,,,,,,,,lầu 1 mặt tiền đường phan xích long quận phú nhuận,,,,lầu 1 mặt tiền đường phan xích long quận phú nhuận
406,"94d phùng văn cung , phường 7 , quận phú nhuận",,,,,,,,,94d phùng văn cung phường 7 quận phú nhuận,,,,94d phùng văn cung phường 7 quận phú nhuận
407,kikyo,,,,,,,,,kikyo,,,,kikyo
408,"74 / 13a võ duy ninh , p22 bình thanh",,,,,,,,,74 13a võ duy ninh p22 bình thanh,,,,74 13a võ duy ninh p22 bình thanh
409,"số nhà 57 ngõ 77 , phố 8 / 3 quỳnh mai",,,,,,,,,số nhà 57 ngõ 77 phố 8 3 quỳnh mai,,,,số nhà 57 ngõ 77 phố 8 3 quỳnh mai
410,khu dân cư cityland park hills,,,,,,,,,khu dân cư cityland park hills,,,,khu dân cư cityland park hills
411,quận gò vấp,,,,,,,,,quận gò vấp,,,,quận gò vấp
412,"32 ngô đức kế , p12 , bình thạnh , hcm",,,,,,,,,32 ngô đức kế p12 bình thạnh hcm,,,,32 ngô đức kế p12 bình thạnh hcm
413,đường thành thái dịch vọng cầu giấy hn,,,,,,,,,đường thành thái dịch vọng cầu giấy hn,,,,đường thành thái dịch vọng cầu giấy hn
414,tòa w1 chung cư cao cấp vinhomes west point số 1 đỗ đức dục,,,,,,,,,tòa w1 chung cư cao cấp vinhomes west point số 1 đỗ đức dục,,,,tòa w1 chung cư cao cấp vinhomes west point số 1 đỗ đức dục
415,tòa w3 vinhomes west point,,,,,,,,,tòa w3 vinhomes west point,,,,tòa w3 vinhomes west point
416,gò vấp,,,,,,,,,gò vấp,,,,gò vấp
417,đường phạm văn chiêu,,,,,,,,,đường phạm văn chiêu,,,,đường phạm văn chiêu
418,a3 / 19r đường nguyễn cửu phú xã tân kiên bình chánh,,,,,,,,,a3 19r đường nguyễn cửu phú xã tân kiên bình chánh,,,,a3 19r đường nguyễn cửu phú xã tân kiên bình chánh
419,tòa chung cư the emerald ct 8 mỹ đình,,,,,,,,,tòa chung cư the emerald ct 8 mỹ đình,,,,tòa chung cư the emerald ct 8 mỹ đình
420,1903 chung cư the emerald,,,,,,,,,1903 chung cư the emerald,,,,1903 chung cư the emerald
421,"đường nước phần lan , âu cơ , tây hồ , hn",,,,,,,,,đường nước phần lan âu cơ tây hồ hn,,,,đường nước phần lan âu cơ tây hồ hn
422,tây hồ hà nội,,,,,,,,,tây hồ hà nội,,,,tây hồ hà nội
423,"khu tập thể c5 , nghĩa tân , mặt đường tô hiệu",,,,,,,,,khu tập thể c5 nghĩa tân mặt đường tô hiệu,,,,khu tập thể c5 nghĩa tân mặt đường tô hiệu
424,imperial place mặt tiền đường kinh dương vương,,,,,,,,,imperial place mặt tiền đường kinh dương vương,,,,imperial place mặt tiền đường kinh dương vương
425,"tòa nhà đại phúc tower , số 617 - 621 điện biên phủ phường 25 quận bình thạnh",,,,,,,,,tòa nhà đại phúc tower số 617 621  phủ phường 25 quận bình thạnh,,,Điện Biên,"tòa nhà đại phúc tower số 617 621  phủ phường 25 quận bình thạnh, Điện Biên"
426,"617 - 621 điện biên phủ , phường 25 , quận bình thạnh , tphcm",,,,,,,,,617 621  phủ phường 25 quận bình thạnh tphcm,,,Điện Biên,"617 621  phủ phường 25 quận bình thạnh tphcm, Điện Biên"
427,cc hưng phát silver star,,,,,,,,,cc hưng phát silver star,,,,cc hưng phát silver star
428,tòa nhà văn phòng mặt tiền nguyễn thị thập,,,,,,,,,tòa nhà văn phòng mặt tiền nguyễn thị thập,,,,tòa nhà văn phòng mặt tiền nguyễn thị thập
429,mặt tiền đường nguyễn thị thập,,,,,,,,,mặt tiền đường nguyễn thị thập,,,,mặt tiền đường nguyễn thị thập
430,"p602 cầu thang 1 , tòa nhà ct 6 , kđt mỹ đình sông đà , đường trần văn lai",,,,,,,,,p602 cầu thang 1 tòa nhà ct 6 kđt mỹ đình sông đà đường trần văn lai,,,,p602 cầu thang 1 tòa nhà ct 6 kđt mỹ đình sông đà đường trần văn lai
431,mặt đường quận thanh xuân,,,,,,,,,mặt đường quận thanh xuân,,,,mặt đường quận thanh xuân
432,"chung cư mỹ phước , p . 2 , q . bình thạnh",,,,,,,,,chung cư mỹ phước p 2 q bình thạnh,,,,chung cư mỹ phước p 2 q bình thạnh
433,đường phú diễn,,,,,,,,,đường phú diễn,,,,đường phú diễn
434,"số nhà 455 ngõ 68 phú diễn , bắc từ liêm , hà nội",,,,,,,,,số nhà 455 ngõ 68 phú diễn bắc từ liêm hà nội,,,,số nhà 455 ngõ 68 phú diễn bắc từ liêm hà nội
435,"cityland park hills , 18 phan văn trị , p . 10 , q . gò vấp",,,,,,,,,cityland park hills 18 phan văn trị p 10 q gò vấp,,,,cityland park hills 18 phan văn trị p 10 q gò vấp
436,ngõ phố từ hoa - quảng an - tây hồ - hn,,,,,,,,,ngõ phố từ hoa quảng an tây hồ hn,,,,ngõ phố từ hoa quảng an tây hồ hn
437,phố từ hoa,,,,,,,,,phố từ hoa,,,,phố từ hoa
438,phú đông premier,,,,,,,,,phú đông premier,,,,phú đông premier
439,"khu đô thị xuân an , hà tĩnh",,,,,,,,,khu đô thị xuân an,,,Hà Tĩnh,"khu đô thị xuân an, Hà Tĩnh"
440,"đường nguyễn nghiễm , thị trấn xuân an , nghi xuân",,,,,,,,,đường nguyễn nghiễm thị trấn xuân an nghi xuân,,,,đường nguyễn nghiễm thị trấn xuân an nghi xuân
441,"khu đô thị xuân an green park , nghi xuân , hà tĩnh",,,,,,,,,khu đô thị xuân an green park nghi xuân,,,Hà Tĩnh,"khu đô thị xuân an green park nghi xuân, Hà Tĩnh"
442,"phòng 1511 , tòa a , chung cư 671 hoàng hoa thám , ba đình , hà nội",,,,,,,,,phòng 1511 tòa a chung cư 671 hoàng hoa thám ba đình hà nội,,,,phòng 1511 tòa a chung cư 671 hoàng hoa thám ba đình hà nội
443,chung cư vinhomes skylake phạm hùng,,,,,,,,,chung cư vinhomes skylake phạm hùng,,,,chung cư vinhomes skylake phạm hùng
444,số 11 tòa s1,,,,,,,,,số 11 tòa s1,,,,số 11 tòa s1
445,"địa chỉ b3 / 15b mặt tiền đường hương lộ 11 , hưng long , bình chánh , hcm",,,,,,,,,địa chỉ b3 15b mặt tiền đường hương lộ 11 hưng long bình chánh hcm,,,,địa chỉ b3 15b mặt tiền đường hương lộ 11 hưng long bình chánh hcm
446,ngõ phố đặng thai mai - quảng an - tây hồ - hn,,,,,,,,,ngõ phố đặng thai mai quảng an tây hồ hn,,,,ngõ phố đặng thai mai quảng an tây hồ hn
447,"phố đặng thai mai , tây hồ",,,,,,,,,phố đặng thai mai tây hồ,,,,phố đặng thai mai tây hồ
448,"42 đường số 1 , phường tân phú , quận 7",,,,,,,,,42 đường số 1 phường tân phú quận 7,,,,42 đường số 1 phường tân phú quận 7
449,tòa park 12 - times city,,,,,,,,,tòa park 12 times city,,,,tòa park 12 times city
450,ch sunrise riverside,,,,,,,,,ch sunrise riverside,,,,ch sunrise riverside
451,"đường nguyễn hữu thọ , xã phước kiển , huyện nhà bè , thành phố hồ chí minh",,,,,,,,,đường nguyễn hữu thọ   thành phố,Xã Phước Kiển,Huyện Nhà Bè,Hồ Chí Minh,"đường nguyễn hữu thọ   thành phố, Xã Phước Kiển, Huyện Nhà Bè, Hồ Chí Minh"
452,152 phó đức chính - cửa bắc,,,,,,,,,152 phó đức chính cửa bắc,,,,152 phó đức chính cửa bắc
453,phố vọng - hai bà trưng - hà nội,,,,,,,,,phố vọng hai bà trưng hà nội,,,,phố vọng hai bà trưng hà nội
454,245 / 1 bis hoàng văn thụ p1 tân bình,,,,,,,,,245 1 bis hoàng văn thụ p1 tân bình,,,,245 1 bis hoàng văn thụ p1 tân bình
455,"vinhomes liễu giai , tòa m3",,,,,,,,,vinhomes liễu giai tòa m3,,,,vinhomes liễu giai tòa m3
456,phố tràng tiền,,,,,,,,,phố tràng tiền,,,,phố tràng tiền
457,"chung cư tại tòa golden field nguyễn cơ thạch , mỹ đình 1 , nam từ liêm , hà nội",,,,,,,,,chung cư tại tòa golden field nguyễn cơ thạch mỹ đình 1 nam từ liêm hà nội,,,,chung cư tại tòa golden field nguyễn cơ thạch mỹ đình 1 nam từ liêm hà nội
458,tòa nhà hancic 46,,,,,,,,,tòa nhà hancic 46,,,,tòa nhà hancic 46
459,"tòa nhà hancic 46 , 230 lạc trung , hai bà trưng , hn",,,,,,,,,tòa nhà hancic 46 230 lạc trung hai bà trưng hn,,,,tòa nhà hancic 46 230 lạc trung hai bà trưng hn
460,"chung cư saigonres plaza ( số 188 đường nguyễn xí , phường 26 , quận bình thạnh )",,,,,,,,,chung cư saigonres plaza số 188 đường nguyễn xí phường 26 quận bình thạnh,,,,chung cư saigonres plaza số 188 đường nguyễn xí phường 26 quận bình thạnh
461,"84 vũ trọng phụng , thanh xuân , hà nội",,,,,,,,,84 vũ trọng phụng thanh xuân hà nội,,,,84 vũ trọng phụng thanh xuân hà nội
462,"số : - 296 hòa bình , phường hiệp tân , tân phú",,,,,,,,,số 296  phường hiệp tân tân phú,,,Hòa Bình,"số 296  phường hiệp tân tân phú, Hòa Bình"
463,"số 296 đường hòa bình , phường hiệp tân , tân phú , hcm",,,,,,,,,số 296 đường  phường hiệp tân tân phú hcm,,,Hòa Bình,"số 296 đường  phường hiệp tân tân phú hcm, Hòa Bình"
464,đường hòa bình,,,,,,,,,đường,,,Hòa Bình,"đường, Hòa Bình"
465,554 / 7 cộng hòa,,,,,,,,,554 7 cộng hòa,,,,554 7 cộng hòa
466,khu etown - tân bình,,,,,,,,,khu etown tân bình,,,,khu etown tân bình
467,tòa brilliant,,,,,,,,,tòa brilliant,,,,tòa brilliant
468,"phố giảng võ , ba đình",,,,,,,,,phố giảng võ ba đình,,,,phố giảng võ ba đình
469,"hẻm 18a nguyễn thị minh khai , p . đa kao , quận 1 . trung tâm q1",,,,,,,,,hẻm 18a nguyễn thị minh khai p đa kao quận 1 trung tâm q1,,,,hẻm 18a nguyễn thị minh khai p đa kao quận 1 trung tâm q1
470,biệt thự ngân long,,,,,,,,,biệt thự ngân long,,,,biệt thự ngân long
471,"nguyễn hữu thọ , phước kiển , nhà bè",,,,,,,,,nguyễn hữu thọ phước kiển nhà bè,,,,nguyễn hữu thọ phước kiển nhà bè
472,"mặt phố trung kính , yên hòa , cầu giấy , hà nội",,,,,,,,,mặt phố trung kính yên hòa cầu giấy hà nội,,,,mặt phố trung kính yên hòa cầu giấy hà nội
473,dự án celadon city . + khu ruby,,,,,,,,,dự án celadon city khu ruby,,,,dự án celadon city khu ruby
474,làng lai xá,,,,,,,,,làng lai xá,,,,làng lai xá
475,lai xã,,,,,,,,,lai xã,,,,lai xã
476,"xã châu pha , phú mỹ - tân thành , bà rịa vũng tàu",,,,,,,,,xã châu pha phú mỹ tân thành,,,Bà Rịa Vũng Tàu,"xã châu pha phú mỹ tân thành, Bà Rịa Vũng Tàu"
477,trường đại học quốc tế việt đức,,,,,,,,,trường đại học quốc tế việt đức,,,,trường đại học quốc tế việt đức
478,ngõ 72 tôn thất tùng,,,,,,,,,ngõ 72 tôn thất tùng,,,,ngõ 72 tôn thất tùng
479,thành phố vĩnh long,,,,,,,,,thành phố,,Thành phố Vĩnh Long,Vĩnh Long,"thành phố, Thành phố Vĩnh Long, Vĩnh Long"
480,"nguyễn thái bình , thị trấn cần giuộc",,,,,,,,,nguyễn  thị trấn cần giuộc,,,Thái Bình,"nguyễn  thị trấn cần giuộc, Thái Bình"
481,nguyệt quế 10,,,,,,,,,nguyệt quế 10,,,,nguyệt quế 10
482,"xã tiến xuân , thạch thất , hn",,,,,,,,,xã tiến xuân thạch thất hn,,,,xã tiến xuân thạch thất hn
483,mặt tiền đường cống lở,,,,,,,,,mặt tiền đường cống lở,,,,mặt tiền đường cống lở
484,chung cư đạt gia,,,,,,,,,chung cư đạt gia,,,,chung cư đạt gia
485,dự án đạt gia thủ đức block a3,,,,,,,,,dự án đạt gia thủ đức block a3,,,,dự án đạt gia thủ đức block a3
486,"cầu xéo , tân quý , tân phú",,,,,,,,,cầu xéo tân quý tân phú,,,,cầu xéo tân quý tân phú
487,tp . thủ đức,,,,,,,,,tp thủ đức,,,,tp thủ đức
488,tam đa quận 9,,,,,,,,,tam đa quận 9,,,,tam đa quận 9
489,chung cư đội cấn,,,,,,,,,chung cư đội cấn,,,,chung cư đội cấn
490,quận ba đình,,,,,,,,,quận ba đình,,,,quận ba đình
491,mặt phố quang tiến,,,,,,,,,mặt phố quang tiến,,,,mặt phố quang tiến
492,"quận 12 , tphcm",,,,,,,,,quận 12 tphcm,,,,quận 12 tphcm
493,"7 / 40 đường tân thới nhất 01 , phường tân thới nhất , quận 12 , tphcm",,,,,,,,,7 40 đường tân thới nhất 01 phường tân thới nhất quận 12 tphcm,,,,7 40 đường tân thới nhất 01 phường tân thới nhất quận 12 tphcm
494,"phường p an bình , biên hòa",,,,,,,,,phường p an bình biên hòa,,,,phường p an bình biên hòa
495,saigon pearl,,,,,,,,,saigon pearl,,,,saigon pearl
496,kpl hàng không ngõ 158 phố nguyễn sơn,,,,,,,,,kpl hàng không ngõ 158 phố nguyễn sơn,,,,kpl hàng không ngõ 158 phố nguyễn sơn
497,0608 tòa mỹ đình plaza 2 . tòa ct 1 số 2 nguyễn hoàng,,,,,,,,,0608 tòa mỹ đình plaza 2 tòa ct 1 số 2 nguyễn hoàng,,,,0608 tòa mỹ đình plaza 2 tòa ct 1 số 2 nguyễn hoàng
498,"đường lê văn sỹ , phường 12 , q3",,,,,,,,,đường lê văn sỹ phường 12 q3,,,,đường lê văn sỹ phường 12 q3
499,vũng tàu,,,,,,,,,vũng tàu,,,,vũng tàu
500,số 26 đường 31d - phường an phú - q2,,,,,,,,,số 26 đường 31d phường an phú q2,,,,số 26 đường 31d phường an phú q2
501,số nhà 4 / 1 phan đăng lưu phường 9 . tp tuy hòa,,,,,,,,,số nhà 4 1 phan đăng lưu phường 9 tp tuy hòa,,,,số nhà 4 1 phan đăng lưu phường 9 tp tuy hòa
502,đường liên phường 30m,,,,,,,,,đường liên phường 30m,,,,đường liên phường 30m
503,"hoàng văn hòe , phường tân quý quận tân phú",,,,,,,,,hoàng văn hòe phường tân quý quận tân phú,,,,hoàng văn hòe phường tân quý quận tân phú
504,mặt tiền thích quảng đức p . 4 quận phú nhuận,,,,,,,,,mặt tiền thích quảng đức p 4 quận phú nhuận,,,,mặt tiền thích quảng đức p 4 quận phú nhuận
505,1 / lê trọng tấn,,,,,,,,,1 lê trọng tấn,,,,1 lê trọng tấn
506,số 19 lô d khu dân cư nam long phú thuận,,,,,,,,,số 19 lô d khu dân cư nam long phú thuận,,,,số 19 lô d khu dân cư nam long phú thuận
507,"phường thạnh xuân , quận 12",,,,,,,,,phường thạnh xuân quận 12,,,,phường thạnh xuân quận 12
508,chung cư icid complex hà đông,,,,,,,,,chung cư icid complex hà đông,,,,chung cư icid complex hà đông
509,tập thể thiết kế đường bộ ( tập thể thủy văn,,,,,,,,,tập thể thiết kế đường bộ tập thể thủy văn,,,,tập thể thiết kế đường bộ tập thể thủy văn
510,"tập thể thiết kế đường bộ , phố dương văn bé ( tên cũ là",,,,,,,,,tập thể thiết kế đường bộ phố dương văn bé tên cũ là,,,,tập thể thiết kế đường bộ phố dương văn bé tên cũ là
511,"ngõ 34 vĩnh tuy ) , phường vĩnh tuy , hai bà trưng , hn",,,,,,,,,ngõ 34 vĩnh tuy phường vĩnh tuy hai bà trưng hn,,,,ngõ 34 vĩnh tuy phường vĩnh tuy hai bà trưng hn
512,quận hà đông,,,,,,,,,quận hà đông,,,,quận hà đông
513,iec thanh trì complex,,,,,,,,,iec thanh trì complex,,,,iec thanh trì complex
514,"kdc toàn gia thịnh , đức hòa hạ , long an",,,,,,,,,kdc toàn gia thịnh đức hòa hạ,,,Long An,"kdc toàn gia thịnh đức hòa hạ, Long An"
515,"lê văn thọ , quận gò vấp",,,,,,,,,lê văn thọ quận gò vấp,,,,lê văn thọ quận gò vấp
516,chung cư booyoung mỗ lao hà đông thiết kế,,,,,,,,,chung cư booyoung mỗ lao hà đông thiết kế,,,,chung cư booyoung mỗ lao hà đông thiết kế
517,"park riverside , q9 hcm",,,,,,,,,park riverside q9 hcm,,,,park riverside q9 hcm
518,biển hồ vinhomes ocean park,,,,,,,,,biển hồ vinhomes ocean park,,,,biển hồ vinhomes ocean park
519,khu dân cư hoàng nam 3,,,,,,,,,khu dân cư hoàng nam 3,,,,khu dân cư hoàng nam 3
520,1 / thạnh xuân 25,,,,,,,,,1 thạnh xuân 25,,,,1 thạnh xuân 25
521,tháp ruby 1,,,,,,,,,tháp ruby 1,,,,tháp ruby 1
522,"đường hoàng sa , phường 5 , quận tân bình",,,,,,,,,đường hoàng sa phường 5 quận tân bình,,,,đường hoàng sa phường 5 quận tân bình
523,"chung cư republic plaza tại 18e cộng hòa , phường 14 , quận tân bình",,,,,,,,,chung cư republic plaza tại 18e cộng hòa phường 14 quận tân bình,,,,chung cư republic plaza tại 18e cộng hòa phường 14 quận tân bình
524,mặt tiền cộng hòa,,,,,,,,,mặt tiền cộng hòa,,,,mặt tiền cộng hòa
525,"tòa mipec , 229 tây sơn , đống đa , hà nội",,,,,,,,,tòa mipec 229 tây sơn đống đa hà nội,,,,tòa mipec 229 tây sơn đống đa hà nội
526,"địa chỉ mặt tiền 278 đường 3 / 2 , thị trấn mỹ thọ , huyện cao lãnh",,,,,,,,,địa chỉ mặt tiền 278 đường 3 2 thị trấn mỹ thọ huyện cao lãnh,,,,địa chỉ mặt tiền 278 đường 3 2 thị trấn mỹ thọ huyện cao lãnh
527,"đường số 8 , lò lu",,,,,,,,,đường số 8 lò lu,,,,đường số 8 lò lu
528,"xã long tân , nhơn trạch , đồng nai",,,,,,,,,xã long tân nhơn trạch,,,Đồng Nai,"xã long tân nhơn trạch, Đồng Nai"
529,"đường mê linh , quận liên chiểu , thành phố đà nẵng",,,,,,,,,đường mê linh  thành phố,,Quận Liên Chiểu,Đà Nẵng,"đường mê linh  thành phố, Quận Liên Chiểu, Đà Nẵng"
530,"số 61 / 15 / 11 đường số 19 , q . gò vấp",,,,,,,,,số 61 15 11 đường số 19 q gò vấp,,,,số 61 15 11 đường số 19 q gò vấp
531,sơn mỹ,,,,,,,,,sơn mỹ,,,,sơn mỹ
532,"an vượng villas , đường lê quang đạo , khu đô thị nam cường , dương nội , hà đông",,,,,,,,,an vượng villas đường lê quang đạo khu đô thị nam cường dương nội hà đông,,,,an vượng villas đường lê quang đạo khu đô thị nam cường dương nội hà đông
533,thành phố bắc ninh,,,,,,,,,thành phố,,Thành phố Bắc Ninh,Bắc Ninh,"thành phố, Thành phố Bắc Ninh, Bắc Ninh"
534,"star hill 1 - quận 7 , hcm",,,,,,,,,star hill 1 quận 7 hcm,,,,star hill 1 quận 7 hcm
535,"khu đấu giá thôn chử xá , xã văn đức , gia lâm",,,,,,,,,khu đấu giá thôn chử xá xã văn đức gia lâm,,,,khu đấu giá thôn chử xá xã văn đức gia lâm
536,khu tái định cư phú hòa,,,,,,,,,khu tái định cư phú hòa,,,,khu tái định cư phú hòa
537,dluso quận 2,,,,,,,,,dluso quận 2,,,,dluso quận 2
538,trung tâm q2,,,,,,,,,trung tâm q2,,,,trung tâm q2
539,"xã nam hòa , đồng hỷ",,,,,,,,,xã nam hòa đồng hỷ,,,,xã nam hòa đồng hỷ
540,khu sala sadora,,,,,,,,,khu sala sadora,,,,khu sala sadora
541,sadora a20x7,,,,,,,,,sadora a20x7,,,,sadora a20x7
542,đường trần bạch đằng,,,,,,,,,đường trần bạch đằng,,,,đường trần bạch đằng
543,"đường an hạ , xã phạm văn hai , bình chánh , tp hcm",,,,,,,,,đường an hạ xã phạm văn hai bình chánh tp hcm,,,,đường an hạ xã phạm văn hai bình chánh tp hcm
544,quận 11,,,,,,,,,quận 11,,,,quận 11
545,"hắc dịch , thị xã phú mỹ , tỉnh bà rịa vũng tàu",,,,,,,,,hắc dịch  tỉnh,Xã Phú Mỹ,Thị xã Phú Mỹ,Bà Rịa Vũng Tàu,"hắc dịch  tỉnh, Xã Phú Mỹ, Thị xã Phú Mỹ, Bà Rịa Vũng Tàu"
546,thị xã phú mỹ - bà rịa vũng tàu,,,,,,,,,,Xã Phú Mỹ,Thị xã Phú Mỹ,Bà Rịa Vũng Tàu,"Xã Phú Mỹ, Thị xã Phú Mỹ, Bà Rịa Vũng Tàu"
547,dự án q7 sài gòn riverside,,,,,,,,,dự án q7 sài gòn riverside,,,,dự án q7 sài gòn riverside
548,q7 sài gòn riverside,,,,,,,,,q7 sài gòn riverside,,,,q7 sài gòn riverside
549,mặt đường hồ quang cảnh cũ,,,,,,,,,mặt đường hồ quang cảnh cũ,,,,mặt đường hồ quang cảnh cũ
550,huỳnh sanh nam,,,,,,,,,huỳnh sanh nam,,,,huỳnh sanh nam
551,"48 / 19 lê lợi phường 4 , gò vấp",,,,,,,,,48 19 lê lợi phường 4 gò vấp,,,,48 19 lê lợi phường 4 gò vấp
552,sài gòn mia,,,,,,,,,sài gòn mia,,,,sài gòn mia
553,mt hoa sứ quận phú nhuận,,,,,,,,,mt hoa sứ quận phú nhuận,,,,mt hoa sứ quận phú nhuận
554,335 lê văn sỹ ngay khách sạn rimana trung tâm quận 3,,,,,,,,,335 lê văn sỹ ngay khách sạn rimana trung tâm quận 3,,,,335 lê văn sỹ ngay khách sạn rimana trung tâm quận 3
555,mặt tiền đường phan xích long,,,,,,,,,mặt tiền đường phan xích long,,,,mặt tiền đường phan xích long
556,phú hoàng anh,,,,,,,,,phú hoàng anh,,,,phú hoàng anh
557,"sunrise city . - khu central , 25 nguyễn hữu thọ , quận 7",,,,,,,,,sunrise city khu central 25 nguyễn hữu thọ quận 7,,,,sunrise city khu central 25 nguyễn hữu thọ quận 7
558,ngã năm chuồng chó,,,,,,,,,ngã năm chuồng chó,,,,ngã năm chuồng chó
559,mặt tiền đường nguyễn kiệm,,,,,,,,,mặt tiền đường nguyễn kiệm,,,,mặt tiền đường nguyễn kiệm
560,cuối đường dương bá trạc,,,,,,,,,cuối đường dương bá trạc,,,,cuối đường dương bá trạc
561,"chung cư botanica premier , 108 hồng hà , phường 2 , tân bình",,,,,,,,,chung cư botanica premier 108 hồng hà phường 2 tân bình,,,,chung cư botanica premier 108 hồng hà phường 2 tân bình
562,"chung cư nguyễn văn trỗi , q . phú nhuận",,,,,,,,,chung cư nguyễn văn trỗi q phú nhuận,,,,chung cư nguyễn văn trỗi q phú nhuận
563,"khu tt h26 bộ công an , tổ dân phố phú thứ , phường tây mỗ , quận nam từ liêm , hà nội",,,,,,,,,khu tt h26 bộ công an tổ dân phố phú thứ phường tây mỗ quận nam từ liêm hà nội,,,,khu tt h26 bộ công an tổ dân phố phú thứ phường tây mỗ quận nam từ liêm hà nội
564,ngô quyền,,,,,,,,,ngô quyền,,,,ngô quyền
565,"cộng hòa garden , số 20 cộng hòa , phường 12 , quận tân bình",,,,,,,,,cộng hòa garden số 20 cộng hòa phường 12 quận tân bình,,,,cộng hòa garden số 20 cộng hòa phường 12 quận tân bình
566,"mặt tiền chòm sao , hưng định , tp . thuận an , bình dương",,,,,,,,,mặt tiền chòm sao hưng định tp thuận an,,,Bình Dương,"mặt tiền chòm sao hưng định tp thuận an, Bình Dương"
567,số 19 mặt phố mễ trì thượng - nam từ liêm - hà nội,,,,,,,,,số 19 mặt phố mễ trì thượng nam từ liêm hà nội,,,,số 19 mặt phố mễ trì thượng nam từ liêm hà nội
568,"chung cư đức khải , quận 2",,,,,,,,,chung cư đức khải quận 2,,,,chung cư đức khải quận 2
569,"chung cư orchard park view , 132 hồng hà , phường 9 , quận phú nhuận",,,,,,,,,chung cư orchard park view 132 hồng hà phường 9 quận phú nhuận,,,,chung cư orchard park view 132 hồng hà phường 9 quận phú nhuận
570,"hapulico complex , 85 vũ trọng phụng",,,,,,,,,hapulico complex 85 vũ trọng phụng,,,,hapulico complex 85 vũ trọng phụng
571,tòa nhà hapulico,,,,,,,,,tòa nhà hapulico,,,,tòa nhà hapulico
572,the garden mỹ đình,,,,,,,,,the garden mỹ đình,,,,the garden mỹ đình
573,"khu đường 2 chiều yên thế - bắc sơn , hòa an , cẩm lệ , đà nẵng",,,,,,,,,khu đường 2 chiều yên thế bắc sơn hòa an cẩm lệ,,,Đà Nẵng,"khu đường 2 chiều yên thế bắc sơn hòa an cẩm lệ, Đà Nẵng"
574,nằm ngay vạn hạnh mall,,,,,,,,,nằm ngay vạn hạnh mall,,,,nằm ngay vạn hạnh mall
575,"hẻm 350 , số nhà 350 / 9 đường nguyễn văn lượng , p . 16 , q . gò vấp , tp . hcm",,,,,,,,,hẻm 350 số nhà 350 9 đường nguyễn văn lượng p 16 q gò vấp tp hcm,,,,hẻm 350 số nhà 350 9 đường nguyễn văn lượng p 16 q gò vấp tp hcm
576,"tòa nhà 88 bạch đằng , phường 2 , quận tân bình",,,,,,,,,tòa nhà 88 bạch đằng phường 2 quận tân bình,,,,tòa nhà 88 bạch đằng phường 2 quận tân bình
577,grand plaza charm vit tower - 117 trần duy hưng - cầu giấy - hà nội,,,,,,,,,grand plaza charm vit tower 117 trần duy hưng cầu giấy hà nội,,,,grand plaza charm vit tower 117 trần duy hưng cầu giấy hà nội
578,grand plaza charm vit tower,,,,,,,,,grand plaza charm vit tower,,,,grand plaza charm vit tower
579,mặt đường trần duy hưng,,,,,,,,,mặt đường trần duy hưng,,,,mặt đường trần duy hưng
580,tòa nhà grand plaza - charm vit tower,,,,,,,,,tòa nhà grand plaza charm vit tower,,,,tòa nhà grand plaza charm vit tower
581,khu lakeview city,,,,,,,,,khu lakeview city,,,,khu lakeview city
582,697 đỗ xuân hợp phường an phú quận 2,,,,,,,,,697 đỗ xuân hợp phường an phú quận 2,,,,697 đỗ xuân hợp phường an phú quận 2
583,"kingston residence , đường nguyễn văn trỗi , phường 8 , quận phú nhuận",,,,,,,,,kingston residence đường nguyễn văn trỗi phường 8 quận phú nhuận,,,,kingston residence đường nguyễn văn trỗi phường 8 quận phú nhuận
584,1025 cmt 8 q . tb,,,,,,,,,1025 cmt 8 q tb,,,,1025 cmt 8 q tb
585,phố nine south,,,,,,,,,phố nine south,,,,phố nine south
586,sài gòn mia khu dân cư trung sơn,,,,,,,,,sài gòn mia khu dân cư trung sơn,,,,sài gòn mia khu dân cư trung sơn
587,chung cư sài gòn mia,,,,,,,,,chung cư sài gòn mia,,,,chung cư sài gòn mia
588,"chung cư hưng phát 2 , silver star",,,,,,,,,chung cư hưng phát 2 silver star,,,,chung cư hưng phát 2 silver star
589,"green valley , phú mỹ hưng , quận 7",,,,,,,,,green valley phú mỹ hưng quận 7,,,,green valley phú mỹ hưng quận 7
590,khu him lam phú đông,,,,,,,,,khu him lam phú đông,,,,khu him lam phú đông
591,him lam phú đông,,,,,,,,,him lam phú đông,,,,him lam phú đông
592,"tòa nhà 16 / 9 bình lợi , p . 13 , bình thạnh",,,,,,,,,tòa nhà 16 9 bình lợi p 13 bình thạnh,,,,tòa nhà 16 9 bình lợi p 13 bình thạnh
593,lô 54 - 56 đường võ nguyên giáp - p . vệ đông,,,,,,,,,lô 54 56 đường võ nguyên giáp p vệ đông,,,,lô 54 56 đường võ nguyên giáp p vệ đông
594,home city,,,,,,,,,home city,,,,home city
595,"chung cư tại satra eximland , 163 phan đăng lưu , phường 1 , phú nhuận",,,,,,,,,chung cư tại satra eximland 163 phan đăng lưu phường 1 phú nhuận,,,,chung cư tại satra eximland 163 phan đăng lưu phường 1 phú nhuận
596,"31 / 16 trần văn kỷ , p14 , q . bình thạnh",,,,,,,,,31 16 trần văn kỷ p14 q bình thạnh,,,,31 16 trần văn kỷ p14 q bình thạnh
597,cụm làng nghề tân triều - ngõ 300 nguyễn xiển - hà nội,,,,,,,,,cụm làng nghề tân triều ngõ 300 nguyễn xiển hà nội,,,,cụm làng nghề tân triều ngõ 300 nguyễn xiển hà nội
598,q2 đường nguyễn duy trinh,,,,,,,,,q2 đường nguyễn duy trinh,,,,q2 đường nguyễn duy trinh
599,20 khu tập thể phố hòe nhai,,,,,,,,,20 khu tập thể phố hòe nhai,,,,20 khu tập thể phố hòe nhai
600,số 104 triệu việt vương,,,,,,,,,số 104 triệu việt vương,,,,số 104 triệu việt vương
601,mặt tiền kha vạn cân ( 821 kha vạn cân ( 6c đường số 8 ) - linh tây - thủ đức ),,,,,,,,,mặt tiền kha vạn cân 821 kha vạn cân 6c đường số 8 linh tây thủ đức,,,,mặt tiền kha vạn cân 821 kha vạn cân 6c đường số 8 linh tây thủ đức
602,khu đô thị cao cấp ventura,,,,,,,,,khu đô thị cao cấp ventura,,,,khu đô thị cao cấp ventura
603,masteri thảo điền t5,,,,,,,,,masteri thảo điền t5,,,,masteri thảo điền t5
604,kcn củ chi,,,,,,,,,kcn củ chi,,,,kcn củ chi
605,xã tân an hội,,,,,,,,,xã tân an hội,,,,xã tân an hội
606,"hẻm 47 đường trường lưu , phường long trường quận 9",,,,,,,,,hẻm 47 đường trường lưu phường long trường quận 9,,,,hẻm 47 đường trường lưu phường long trường quận 9
607,"habitat , cổng khu công nghiệp vsip 1 , thuận an",,,,,,,,,habitat cổng khu công nghiệp vsip 1 thuận an,,,,habitat cổng khu công nghiệp vsip 1 thuận an
608,"thuận an , bình dương",,,,,,,,,thuận an,,,Bình Dương,"thuận an, Bình Dương"
609,ngõ 172 âu cơ,,,,,,,,,ngõ 172 âu cơ,,,,ngõ 172 âu cơ
610,"nhà 1 , ngách 128 , ngõ 172 âu cơ",,,,,,,,,nhà 1 ngách 128 ngõ 172 âu cơ,,,,nhà 1 ngách 128 ngõ 172 âu cơ
611,mễ trì thượng,,,,,,,,,mễ trì thượng,,,,mễ trì thượng
612,"phố mễ trì thượng , phường mễ trì , quận nam từ liêm , hà nội",,,,,,,,,phố mễ trì thượng phường mễ trì quận nam từ liêm hà nội,,,,phố mễ trì thượng phường mễ trì quận nam từ liêm hà nội
613,42 phố hàng bè,,,,,,,,,42 phố hàng bè,,,,42 phố hàng bè
614,"tòa nhà everrich infinity , mặt tiền an dương vương và góc nguyễn văn cừ , quận 5",,,,,,,,,tòa nhà everrich infinity mặt tiền an dương vương và góc nguyễn văn cừ quận 5,,,,tòa nhà everrich infinity mặt tiền an dương vương và góc nguyễn văn cừ quận 5
615,nhà chung cư cao cấp everrich infinity,,,,,,,,,nhà chung cư cao cấp everrich infinity,,,,nhà chung cư cao cấp everrich infinity
616,chung cư golden field,,,,,,,,,chung cư golden field,,,,chung cư golden field
617,hồ xuân hương quận 3,,,,,,,,,hồ xuân hương quận 3,,,,hồ xuân hương quận 3
618,khu dân cư mê kông cộng hòa,,,,,,,,,khu dân cư mê kông cộng hòa,,,,khu dân cư mê kông cộng hòa
619,108 / e5 cộng hòa,,,,,,,,,108 e5 cộng hòa,,,,108 e5 cộng hòa
620,"108 / e5 cộng hòa , p . 4 , q . tân bình , tp . hồ chí minh",,,,,,,,,108 e5 cộng hòa p 4 q tân bình tp,,,Hồ Chí Minh,"108 e5 cộng hòa p 4 q tân bình tp, Hồ Chí Minh"
621,tháp c dự án one verandah quận 2,,,,,,,,,tháp c dự án one verandah quận 2,,,,tháp c dự án one verandah quận 2
622,"chung cư đạt gia , đường cây keo , phường tam phú , thủ đức tphcm",,,,,,,,,chung cư đạt gia đường cây keo phường tam phú thủ đức tphcm,,,,chung cư đạt gia đường cây keo phường tam phú thủ đức tphcm
623,chung cư cosmo city quận 7,,,,,,,,,chung cư cosmo city quận 7,,,,chung cư cosmo city quận 7
624,"đường văn cung , phường 7 , quận phú nhuận",,,,,,,,,đường văn cung phường 7 quận phú nhuận,,,,đường văn cung phường 7 quận phú nhuận
625,tô hiến thành,,,,,,,,,tô hiến thành,,,,tô hiến thành
626,"phạm huy thông , ba đình , hà nội",,,,,,,,,phạm huy thông ba đình hà nội,,,,phạm huy thông ba đình hà nội
627,"a13d7 khu đô thị mới cầu giấy , phường dịch vọng , quận cầu giấy , hà nội",,,,,,,,,a13d7 khu đô thị mới cầu giấy phường dịch vọng quận cầu giấy hà nội,,,,a13d7 khu đô thị mới cầu giấy phường dịch vọng quận cầu giấy hà nội
628,"85 trường sơn , phường 2 , quận tân bình , thành phố hồ chí minh",,,,,,,,,85 trường sơn   thành phố,Phường 2,Quận Tân Bình,Hồ Chí Minh,"85 trường sơn   thành phố, Phường 2, Quận Tân Bình, Hồ Chí Minh"
629,"agritechbuilding b7 tân thuận nam 2 , đường phú thuận q7",,,,,,,,,agritechbuilding b7 tân thuận nam 2 đường phú thuận q7,,,,agritechbuilding b7 tân thuận nam 2 đường phú thuận q7
630,"cụm công nghiệp duyên thái , xã duyên thái , huyện thường tín , hà nội",,,,,,,,,cụm công nghiệp duyên thái xã duyên thái huyện thường tín hà nội,,,,cụm công nghiệp duyên thái xã duyên thái huyện thường tín hà nội
631,mặt đường quốc lộ 1a,,,,,,,,,mặt đường quốc lộ 1a,,,,mặt đường quốc lộ 1a
632,cmt 8,,,,,,,,,cmt 8,,,,cmt 8
633,"1054 cmt 8 , phường 4 , tân bình",,,,,,,,,1054 cmt 8 phường 4 tân bình,,,,1054 cmt 8 phường 4 tân bình
634,"số 26 đường trần thị nơi ( 130 cao lỗ cũ ) phường 4 quận 8 khu đồng diều , cao lỗ",,,,,,,,,số 26 đường trần thị nơi 130 cao lỗ cũ phường 4 quận 8 khu đồng diều cao lỗ,,,,số 26 đường trần thị nơi 130 cao lỗ cũ phường 4 quận 8 khu đồng diều cao lỗ
635,dự án vinhomes central park,,,,,,,,,dự án vinhomes central park,,,,dự án vinhomes central park
636,chung cư tòa nhà c10 đường võ chí công,,,,,,,,,chung cư tòa nhà c10 đường võ chí công,,,,chung cư tòa nhà c10 đường võ chí công
637,117 trần duy hưng,,,,,,,,,117 trần duy hưng,,,,117 trần duy hưng
638,117 trần duy hưng s office,,,,,,,,,117 trần duy hưng s office,,,,117 trần duy hưng s office
639,"117 trần duy hưng , cầu giấy , hà nội",,,,,,,,,117 trần duy hưng cầu giấy hà nội,,,,117 trần duy hưng cầu giấy hà nội
640,số 42 đường 30 - 4,,,,,,,,,số 42 đường 30 4,,,,số 42 đường 30 4
641,trung tâm thương mại tòa nhà d2,,,,,,,,,trung tâm thương mại tòa nhà d2,,,,trung tâm thương mại tòa nhà d2
642,mặt đường giảng võ,,,,,,,,,mặt đường giảng võ,,,,mặt đường giảng võ
643,hưng vượng 1 - phú mỹ hưng,,,,,,,,,hưng vượng 1 phú mỹ hưng,,,,hưng vượng 1 phú mỹ hưng
644,"16 phố bảo khánh hoàn , kiếm , hà nội",,,,,,,,,16 phố bảo khánh hoàn kiếm hà nội,,,,16 phố bảo khánh hoàn kiếm hà nội
645,goldmark city,,,,,,,,,goldmark city,,,,goldmark city
646,số 5 ngách 21 ngõ 126 kim hoa - đống đa - hà nội,,,,,,,,,số 5 ngách 21 ngõ 126 kim hoa đống đa hà nội,,,,số 5 ngách 21 ngõ 126 kim hoa đống đa hà nội
647,"chung cư golden field , số 24 nguyễn cơ thạch , mỹ đình",,,,,,,,,chung cư golden field số 24 nguyễn cơ thạch mỹ đình,,,,chung cư golden field số 24 nguyễn cơ thạch mỹ đình
648,"375 hoàng sa , p tân định q1",,,,,,,,,375 hoàng sa p tân định q1,,,,375 hoàng sa p tân định q1
649,khu x3 mỹ đình 1,,,,,,,,,khu x3 mỹ đình 1,,,,khu x3 mỹ đình 1
650,"tạ uyên và đường tân khai , quận 11 , tp . hcm",,,,,,,,,tạ uyên và đường tân khai quận 11 tp hcm,,,,tạ uyên và đường tân khai quận 11 tp hcm
651,98 - 100 - 102 tạ uyên - tân khai,,,,,,,,,98 100 102 tạ uyên tân khai,,,,98 100 102 tạ uyên tân khai
652,phường tân hiệp,,,,,,,,,phường tân hiệp,,,,phường tân hiệp
653,"hồ biểu chánh , phường 11 quận phú nhuận",,,,,,,,,hồ biểu chánh phường 11 quận phú nhuận,,,,hồ biểu chánh phường 11 quận phú nhuận
654,kđt dương nội,,,,,,,,,kđt dương nội,,,,kđt dương nội
655,city gate 1,,,,,,,,,city gate 1,,,,city gate 1
656,số 5 dãy a5 ngõ 215 phố trần quốc hoàn,,,,,,,,,số 5 dãy a5 ngõ 215 phố trần quốc hoàn,,,,số 5 dãy a5 ngõ 215 phố trần quốc hoàn
657,tháp d sadora 1,,,,,,,,,tháp d sadora 1,,,,tháp d sadora 1
658,"501 , đơn nguyên 1 , chung cư bao bì 7 tầng , 15 an dương vương , phú thượng , tây hồ",,,,,,,,,501 đơn nguyên 1 chung cư bao bì 7 tầng 15 an dương vương phú thượng tây hồ,,,,501 đơn nguyên 1 chung cư bao bì 7 tầng 15 an dương vương phú thượng tây hồ
659,yên bình - thạch thất - hà nội,,,,,,,,,yên bình thạch thất hà nội,,,,yên bình thạch thất hà nội
660,khu đô thị vip an phú an khánh - phường an phú - quận 2 - hcm,,,,,,,,,khu đô thị vip an phú an khánh phường an phú quận 2 hcm,,,,khu đô thị vip an phú an khánh phường an phú quận 2 hcm
661,quận bắc từ liêm,,,,,,,,,quận bắc từ liêm,,,,quận bắc từ liêm
662,khu tái định cư mỹ gia,,,,,,,,,khu tái định cư mỹ gia,,,,khu tái định cư mỹ gia
663,327 vạn xuân - lai xá,,,,,,,,,327 vạn xuân lai xá,,,,327 vạn xuân lai xá
664,"minh thắng , huyện chơn thành , bình phước",,,,,,,,,minh thắng,,Huyện Chơn Thành,Bình Phước,"minh thắng, Huyện Chơn Thành, Bình Phước"
665,"la phù hoài đức , hà nội",,,,,,,,,la phù hoài đức hà nội,,,,la phù hoài đức hà nội
666,"161 pasteur , phường 6 , quận 3",,,,,,,,,161 pasteur phường 6 quận 3,,,,161 pasteur phường 6 quận 3
667,phường 6 quận 3,,,,,,,,,phường 6 quận 3,,,,phường 6 quận 3
668,"xã thới tam thôn , đường nguyễn thị ngâu , huyện hóc môn",,,,,,,,,xã thới tam thôn đường nguyễn thị ngâu huyện hóc môn,,,,xã thới tam thôn đường nguyễn thị ngâu huyện hóc môn
669,"đường số 10 , tam bình , thủ đức",,,,,,,,,đường số 10 tam bình thủ đức,,,,đường số 10 tam bình thủ đức
670,ngây đường số 10,,,,,,,,,ngây đường số 10,,,,ngây đường số 10
671,đường lê trọng tấn - hà đông,,,,,,,,,đường lê trọng tấn hà đông,,,,đường lê trọng tấn hà đông
672,trung tâm mới hà đông,,,,,,,,,trung tâm mới hà đông,,,,trung tâm mới hà đông
673,"vinhomes grand park quận 9 , phân khu the manhattan , the manhattan glory",,,,,,,,,vinhomes grand park quận 9 phân khu the manhattan the manhattan glory,,,,vinhomes grand park quận 9 phân khu the manhattan the manhattan glory
674,"hai bà trưng , phường tân định , quận 1",,,,,,,,,hai bà trưng phường tân định quận 1,,,,hai bà trưng phường tân định quận 1
675,lý chính thắng - hai bà trưng,,,,,,,,,lý chính thắng hai bà trưng,,,,lý chính thắng hai bà trưng
676,mặt tiền đường thân văn nhiếp,,,,,,,,,mặt tiền đường thân văn nhiếp,,,,mặt tiền đường thân văn nhiếp
677,hà đông,,,,,,,,,hà đông,,,,hà đông
678,"hàm nghi , phường nguyễn thái bình , quận 1",,,,,,,,,hàm nghi phường nguyễn  quận 1,,,Thái Bình,"hàm nghi phường nguyễn  quận 1, Thái Bình"
679,aqua city của tập đoàn novaland,,,,,,,,,aqua city của tập đoàn novaland,,,,aqua city của tập đoàn novaland
680,lovera park ở kdc phong phú 4 khang điền - bình chánh a60,,,,,,,,,lovera park ở kdc phong phú 4 khang điền bình chánh a60,,,,lovera park ở kdc phong phú 4 khang điền bình chánh a60
681,"nam long 68a thống nhất , phường 10 , gò vấp , tp . hcm",,,,,,,,,nam long 68a thống nhất phường 10 gò vấp tp hcm,,,,nam long 68a thống nhất phường 10 gò vấp tp hcm
682,mặt tiền nguyễn xiển - long phước 30m,,,,,,,,,mặt tiền nguyễn xiển long phước 30m,,,,mặt tiền nguyễn xiển long phước 30m
683,vinhomes q9,,,,,,,,,vinhomes q9,,,,vinhomes q9
684,khu đô thị foresa villa xuân phương,,,,,,,,,khu đô thị foresa villa xuân phương,,,,khu đô thị foresa villa xuân phương
685,"xã phước khánh , huyện nhơn trạch , tỉnh đồng nai",,,,,,,,,tỉnh,Xã Phước Khánh,Huyện Nhơn Trạch,Đồng Nai,"tỉnh, Xã Phước Khánh, Huyện Nhơn Trạch, Đồng Nai"
686,xã phước khánh,,,,,,,,,xã phước khánh,,,,xã phước khánh
687,đường phạm thái bường,,,,,,,,,đường phạm thái bường,,,,đường phạm thái bường
688,số 36 ngõ chùa hưng ký minh khai,,,,,,,,,số 36 ngõ chùa hưng ký minh khai,,,,số 36 ngõ chùa hưng ký minh khai
689,"xã xuân thanh , huyện xuân lộc , đồng nai",,,,,,,,,xã xuân thanh,,Huyện Xuân Lộc,Đồng Nai,"xã xuân thanh, Huyện Xuân Lộc, Đồng Nai"
690,lê đình lý,,,,,,,,,lê đình lý,,,,lê đình lý
691,miền đông - 1 phòng ngủ lh,,,,,,,,,miền đông 1 phòng ngủ lh,,,,miền đông 1 phòng ngủ lh
692,căn hộ b . 11,,,,,,,,,căn hộ b 11,,,,căn hộ b 11
693,chung cư vinhomes grand park - quận 9,,,,,,,,,chung cư vinhomes grand park quận 9,,,,chung cư vinhomes grand park quận 9
694,chung cư cao cấp park hill - times city,,,,,,,,,chung cư cao cấp park hill times city,,,,chung cư cao cấp park hill times city
695,sunrise city quận 7,,,,,,,,,sunrise city quận 7,,,,sunrise city quận 7
696,khu phố hào nam,,,,,,,,,khu phố hào nam,,,,khu phố hào nam
697,vinhomes ocean park,,,,,,,,,vinhomes ocean park,,,,vinhomes ocean park
698,ch roxana plaza,,,,,,,,,ch roxana plaza,,,,ch roxana plaza
699,"mặt tiền đường ql 13 , tp . thuận an , bình dương",,,,,,,,,mặt tiền đường ql 13 tp thuận an,,,Bình Dương,"mặt tiền đường ql 13 tp thuận an, Bình Dương"
700,roxana plaza,,,,,,,,,roxana plaza,,,,roxana plaza
701,dự án empire city thủ thiêm - tháp linden residence,,,,,,,,,dự án empire city thủ thiêm tháp linden residence,,,,dự án empire city thủ thiêm tháp linden residence
702,tháp linden,,,,,,,,,tháp linden,,,,tháp linden
703,vân canh,,,,,,,,,vân canh,,,,vân canh
704,"dự án dragon village , quận 9",,,,,,,,,dự án dragon village quận 9,,,,dự án dragon village quận 9
705,"dự án epics home - 43 phạm văn đồng , bắc từ liêm , hà nội",,,,,,,,,dự án epics home 43 phạm văn đồng bắc từ liêm hà nội,,,,dự án epics home 43 phạm văn đồng bắc từ liêm hà nội
706,"chung cư 2907 tòa diamond flower , ngã tư lê văn lương hoàng đạo",,,,,,,,,chung cư 2907 tòa diamond flower ngã tư lê văn lương hoàng đạo,,,,chung cư 2907 tòa diamond flower ngã tư lê văn lương hoàng đạo
707,đường hà huy giáp quận 12,,,,,,,,,đường hà huy giáp quận 12,,,,đường hà huy giáp quận 12
708,khu đô thị starlake tây hồ tây,,,,,,,,,khu đô thị starlake tây hồ tây,,,,khu đô thị starlake tây hồ tây
709,khu h10,,,,,,,,,khu h10,,,,khu h10
710,"hẻm lý thường kiệt , phường 8 , tân bình , hồ chí minh",,,,,,,,,hẻm lý thường kiệt phường 8 tân bình,,,Hồ Chí Minh,"hẻm lý thường kiệt phường 8 tân bình, Hồ Chí Minh"
711,ngõ 383 ngách 31 phúc tân,,,,,,,,,ngõ 383 ngách 31 phúc tân,,,,ngõ 383 ngách 31 phúc tân
712,biển hải tiến thanh hóa,,,,,,,,,biển hải tiến,,,Thanh Hóa,"biển hải tiến, Thanh Hóa"
713,pho dong village quận 2,,,,,,,,,pho dong village quận 2,,,,pho dong village quận 2
714,"đường tân chánh hiệp 21 , quận 12",,,,,,,,,đường tân chánh hiệp 21 quận 12,,,,đường tân chánh hiệp 21 quận 12
715,mỹ gia eco - green 2 ! thạnh lộc 37,,,,,,,,,mỹ gia eco green 2 thạnh lộc 37,,,,mỹ gia eco green 2 thạnh lộc 37
716,trung tâm phường thạnh lộc,,,,,,,,,trung tâm phường thạnh lộc,,,,trung tâm phường thạnh lộc
717,"khu biệt thự long hải , bà rịa vũng tàu",,,,,,,,,khu biệt thự long hải,,,Bà Rịa Vũng Tàu,"khu biệt thự long hải, Bà Rịa Vũng Tàu"
718,"cư xá 43 hồ văn huê , phú nhuận",,,,,,,,,cư xá 43 hồ văn huê phú nhuận,,,,cư xá 43 hồ văn huê phú nhuận
719,"dự án kdc hoàng hải , xã bà điểm , hóc môn",,,,,,,,,dự án kdc hoàng hải xã bà điểm hóc môn,,,,dự án kdc hoàng hải xã bà điểm hóc môn
720,anland lake view,,,,,,,,,anland lake view,,,,anland lake view
721,"chung cư bttm bqp tây tựu , bắc từ liêm",,,,,,,,,chung cư bttm bqp tây tựu bắc từ liêm,,,,chung cư bttm bqp tây tựu bắc từ liêm
722,"phường tây tựu , bắc từ liêm",,,,,,,,,phường tây tựu bắc từ liêm,,,,phường tây tựu bắc từ liêm
723,"an vượng villa , dương nội , hà đông",,,,,,,,,an vượng villa dương nội hà đông,,,,an vượng villa dương nội hà đông
724,"trung tâm phường phú mỹ , quận 7",,,,,,,,,trung tâm phường phú mỹ quận 7,,,,trung tâm phường phú mỹ quận 7
725,tổ 5 yên nghĩa,,,,,,,,,tổ 5 yên nghĩa,,,,tổ 5 yên nghĩa
726,"khu dân cư green riverside đường huỳnh tấn phát , nhà bè",,,,,,,,,khu dân cư green riverside đường huỳnh tấn phát nhà bè,,,,khu dân cư green riverside đường huỳnh tấn phát nhà bè
727,"đường mê linh , quận liên chiểu , đà nẵng",,,,,,,,,đường mê linh,,Quận Liên Chiểu,Đà Nẵng,"đường mê linh, Quận Liên Chiểu, Đà Nẵng"
728,mặt tiền đường nguyễn duy trinh,,,,,,,,,mặt tiền đường nguyễn duy trinh,,,,mặt tiền đường nguyễn duy trinh
729,khu elite 1,,,,,,,,,khu elite 1,,,,khu elite 1
730,"đường lê thị hà , xã tân xuân , hóc môn",,,,,,,,,đường lê thị hà xã tân xuân hóc môn,,,,đường lê thị hà xã tân xuân hóc môn
731,"đường d3 , phường 25 , quận bình thạnh",,,,,,,,,đường d3 phường 25 quận bình thạnh,,,,đường d3 phường 25 quận bình thạnh
732,định công hoàng mai,,,,,,,,,định công hoàng mai,,,,định công hoàng mai
733,ngõ phố định công,,,,,,,,,ngõ phố định công,,,,ngõ phố định công
734,thái hà - trung liệt,,,,,,,,,thái hà trung liệt,,,,thái hà trung liệt
735,đống đa,,,,,,,,,đống đa,,,,đống đa
736,30 đường 41 p . thảo điền,,,,,,,,,30 đường 41 p thảo điền,,,,30 đường 41 p thảo điền
737,"87 đường số 5 kdc lvaila , phước kiển , nam sài gòn",,,,,,,,,87 đường số 5 kdc lvaila phước kiển nam sài gòn,,,,87 đường số 5 kdc lvaila phước kiển nam sài gòn
738,thới an 4,,,,,,,,,thới an 4,,,,thới an 4
739,starlake phân khu h11,,,,,,,,,starlake phân khu h11,,,,starlake phân khu h11
740,"99 / 12 đường phan anh , phường bình trị đông , quận bình tân",,,,,,,,,99 12 đường phan anh phường bình trị đông quận bình tân,,,,99 12 đường phan anh phường bình trị đông quận bình tân
741,"xã tóc tiên , thị xã phú mỹ , tỉnh bà rịa vũng tàu",,,,,,,,,xã tóc tiên  tỉnh,Xã Phú Mỹ,Thị xã Phú Mỹ,Bà Rịa Vũng Tàu,"xã tóc tiên  tỉnh, Xã Phú Mỹ, Thị xã Phú Mỹ, Bà Rịa Vũng Tàu"
742,nam từ liêm,,,,,,,,,nam từ liêm,,,,nam từ liêm
743,"bến vân đồn , phường 5 , quận 4",,,,,,,,,bến vân đồn phường 5 quận 4,,,,bến vân đồn phường 5 quận 4
744,"đỗ văn dậy , huyện hóc môn",,,,,,,,,đỗ văn dậy huyện hóc môn,,,,đỗ văn dậy huyện hóc môn
745,thành phố tây ninh,,,,,,,,,thành phố,,,Tây Ninh,"thành phố, Tây Ninh"
746,"128 miếu gò xoài , bình tân",,,,,,,,,128 miếu gò xoài bình tân,,,,128 miếu gò xoài bình tân
747,"xã bình yên , thạch thất , hà nội",,,,,,,,,xã bình yên thạch thất hà nội,,,,xã bình yên thạch thất hà nội
748,gò vấp mặt tiền hẻm lê đức thọ,,,,,,,,,gò vấp mặt tiền hẻm lê đức thọ,,,,gò vấp mặt tiền hẻm lê đức thọ
749,"đường lê đức thọ , phường 15 quận gò vấp",,,,,,,,,đường lê đức thọ phường 15 quận gò vấp,,,,đường lê đức thọ phường 15 quận gò vấp
750,"bàu bàng , lai hưng , bình dương",,,,,,,,,bàu bàng lai hưng,,,Bình Dương,"bàu bàng lai hưng, Bình Dương"
751,chùa bộc diện tích,,,,,,,,,chùa bộc diện tích,,,,chùa bộc diện tích
752,mặt phố chùa bộc hiếm,,,,,,,,,mặt phố chùa bộc hiếm,,,,mặt phố chùa bộc hiếm
753,huyện long thành,,,,,,,,,huyện long thành,,,,huyện long thành
754,xã phước bình,,,,,,,,,xã phước bình,,,,xã phước bình
755,tp sóc trăng,,,,,,,,,tp,,,Sóc Trăng,"tp, Sóc Trăng"
756,"khu phân lô ngõ hòa bình 7 , phố minh khai",,,,,,,,,khu phân lô ngõ  7 phố minh khai,,,Hòa Bình,"khu phân lô ngõ  7 phố minh khai, Hòa Bình"
757,quận hoàng mai phố kim đồng,,,,,,,,,quận hoàng mai phố kim đồng,,,,quận hoàng mai phố kim đồng
758,"3005 , tòa a , chung cư lạc hồng westlake",,,,,,,,,3005 tòa a chung cư lạc hồng westlake,,,,3005 tòa a chung cư lạc hồng westlake
759,"đường số 13 , khu cư xá ngân hàng , phường tân thuận tây , quận 7",,,,,,,,,đường số 13 khu cư xá ngân hàng phường tân thuận tây quận 7,,,,đường số 13 khu cư xá ngân hàng phường tân thuận tây quận 7
760,tòa ct 4 booyoung mỗ lao hà đông,,,,,,,,,tòa ct 4 booyoung mỗ lao hà đông,,,,tòa ct 4 booyoung mỗ lao hà đông
761,"lý tự trọng , phường bến thành , quận 1",,,,,,,,,lý tự trọng phường bến thành quận 1,,,,lý tự trọng phường bến thành quận 1
762,"số nhà 68 / 61 phùng văn cung , p . 7 , q . phú nhuận",,,,,,,,,số nhà 68 61 phùng văn cung p 7 q phú nhuận,,,,số nhà 68 61 phùng văn cung p 7 q phú nhuận
763,"dự án cát lái invesco , phú gia , kiến á",,,,,,,,,dự án cát lái invesco phú gia kiến á,,,,dự án cát lái invesco phú gia kiến á
764,vista verde,,,,,,,,,vista verde,,,,vista verde
765,đảo kim cương,,,,,,,,,đảo kim cương,,,,đảo kim cương
766,tháp hawaii,,,,,,,,,tháp hawaii,,,,tháp hawaii
767,"xã phạm văn hai , bình chánh , tp hcm",,,,,,,,,xã phạm văn hai bình chánh tp hcm,,,,xã phạm văn hai bình chánh tp hcm
768,"h . đồng phú , bình phước",,,,,,,,,h đồng phú,,,Bình Phước,"h đồng phú, Bình Phước"
769,"hẻm 274 / 7 / . nguyễn văn tạo , nhà bè",,,,,,,,,hẻm 274 7 nguyễn văn tạo nhà bè,,,,hẻm 274 7 nguyễn văn tạo nhà bè
770,dự án mega residence quận 9,,,,,,,,,dự án mega residence quận 9,,,,dự án mega residence quận 9
771,"đường tân kỳ tân quý , trường chinh",,,,,,,,,đường tân kỳ tân quý trường chinh,,,,đường tân kỳ tân quý trường chinh
772,"p . tân sơn nhì , q . tân phú",,,,,,,,,p tân sơn nhì q tân phú,,,,p tân sơn nhì q tân phú
773,khu nguyệt quế,,,,,,,,,khu nguyệt quế,,,,khu nguyệt quế
774,"tóc tiên , phú mỹ",,,,,,,,,tóc tiên phú mỹ,,,,tóc tiên phú mỹ
775,khu dân cư bảo ngọc residence,,,,,,,,,khu dân cư bảo ngọc residence,,,,khu dân cư bảo ngọc residence
776,"chung cư cao cấp goldmark city , 136 hồ tùng mậu , hà nội",,,,,,,,,chung cư cao cấp goldmark city 136 hồ tùng mậu hà nội,,,,chung cư cao cấp goldmark city 136 hồ tùng mậu hà nội
777,"ngã 4 hàng xanh - phường 25 , bình thạnh",,,,,,,,,ngã 4 hàng xanh phường 25 bình thạnh,,,,ngã 4 hàng xanh phường 25 bình thạnh
778,nguyễn khang,,,,,,,,,nguyễn khang,,,,nguyễn khang
779,mặt phố khuất duy tiến,,,,,,,,,mặt phố khuất duy tiến,,,,mặt phố khuất duy tiến
780,vista verde quận 2,,,,,,,,,vista verde quận 2,,,,vista verde quận 2
781,"đường đồng văn cống , phường thạnh mỹ lợi , quận 2 , tphcm",,,,,,,,,đường đồng văn cống phường thạnh mỹ lợi quận 2 tphcm,,,,đường đồng văn cống phường thạnh mỹ lợi quận 2 tphcm
782,"tổ 14 yên nghĩa , hà đông",,,,,,,,,tổ 14 yên nghĩa hà đông,,,,tổ 14 yên nghĩa hà đông
783,vinhomes riverside,,,,,,,,,vinhomes riverside,,,,vinhomes riverside
784,"đường hiệp bình ( phạm văn đồng ) , quận thủ đức",,,,,,,,,đường hiệp bình phạm văn đồng quận thủ đức,,,,đường hiệp bình phạm văn đồng quận thủ đức
785,khu dân cư adc phú mỹ - q7,,,,,,,,,khu dân cư adc phú mỹ q7,,,,khu dân cư adc phú mỹ q7
786,ngõ 98 thái hà,,,,,,,,,ngõ 98 thái hà,,,,ngõ 98 thái hà
787,quận đống đa,,,,,,,,,quận đống đa,,,,quận đống đa
788,"chung cư b . i . g tower tại số 18 phạm hùng , hà nội",,,,,,,,,chung cư b i g tower tại số 18 phạm hùng hà nội,,,,chung cư b i g tower tại số 18 phạm hùng hà nội
789,đường phạm như xương ngay,,,,,,,,,đường phạm như xương ngay,,,,đường phạm như xương ngay
790,đường phạm như xương,,,,,,,,,đường phạm như xương,,,,đường phạm như xương
791,mặt tiền đường nguyễn văn linh,,,,,,,,,mặt tiền đường nguyễn văn linh,,,,mặt tiền đường nguyễn văn linh
792,"điện biên phủ - vườn chuối , quận 3",,,,,,,,,phủ vườn chuối quận 3,,,Điện Biên,"phủ vườn chuối quận 3, Điện Biên"
793,mặt ngõ phố thái hà,,,,,,,,,mặt ngõ phố thái hà,,,,mặt ngõ phố thái hà
794,"p17 , quận bình thạnh",,,,,,,,,p17 quận bình thạnh,,,,p17 quận bình thạnh
795,dự án grand world phú quốc,,,,,,,,,dự án grand world phú quốc,,,,dự án grand world phú quốc
796,xã xà bang,,,,,,,,,xã xà bang,,,,xã xà bang
797,golden mansion,,,,,,,,,golden mansion,,,,golden mansion
798,"119 phổ quang , p9 , phú nhuận , hcm",,,,,,,,,119 phổ quang p9 phú nhuận hcm,,,,119 phổ quang p9 phú nhuận hcm
799,vinhomes green bay,,,,,,,,,vinhomes green bay,,,,vinhomes green bay
800,553 giải phóng,,,,,,,,,553 giải phóng,,,,553 giải phóng
801,phường giáp bát quận hoàng mai,,,,,,,,,phường giáp bát quận hoàng mai,,,,phường giáp bát quận hoàng mai
802,ngõ 553 giải phóng,,,,,,,,,ngõ 553 giải phóng,,,,ngõ 553 giải phóng
803,ngõ 553,,,,,,,,,ngõ 553,,,,ngõ 553
804,"đường thạnh xuân 39 , p thạnh xuân , quận 12",,,,,,,,,đường thạnh xuân 39 p thạnh xuân quận 12,,,,đường thạnh xuân 39 p thạnh xuân quận 12
805,đường tx 39,,,,,,,,,đường tx 39,,,,đường tx 39
806,sunrise city - khu central,,,,,,,,,sunrise city khu central,,,,sunrise city khu central
807,khu tập thể n03 đại học công đoàn ngõ 167 / 37 tây sơn,,,,,,,,,khu tập thể n03 đại học công đoàn ngõ 167 37 tây sơn,,,,khu tập thể n03 đại học công đoàn ngõ 167 37 tây sơn
808,"đường bùi viện , q1",,,,,,,,,đường bùi viện q1,,,,đường bùi viện q1
809,chung cư aquabay - sky 1 tại ecopark,,,,,,,,,chung cư aquabay sky 1 tại ecopark,,,,chung cư aquabay sky 1 tại ecopark
810,nhà p02 khu đô thị nam thăng long ( ciputra ) tây hồ - hà nội,,,,,,,,,nhà p02 khu đô thị nam thăng long ciputra tây hồ hà nội,,,,nhà p02 khu đô thị nam thăng long ciputra tây hồ hà nội
811,"starlake kđt tây hồ tây , đường nguyễn văn huyên",,,,,,,,,starlake kđt tây hồ tây đường nguyễn văn huyên,,,,starlake kđt tây hồ tây đường nguyễn văn huyên
812,đường phan đình phùng q . phú nhuận,,,,,,,,,đường phan đình phùng q phú nhuận,,,,đường phan đình phùng q phú nhuận
813,"mt đường phan đình phùng , p2 , q . phú nhuận",,,,,,,,,mt đường phan đình phùng p2 q phú nhuận,,,,mt đường phan đình phùng p2 q phú nhuận
814,mặt phố phạm tuấn tài,,,,,,,,,mặt phố phạm tuấn tài,,,,mặt phố phạm tuấn tài
815,dự án the zei mỹ đình,,,,,,,,,dự án the zei mỹ đình,,,,dự án the zei mỹ đình
816,the zei tòa,,,,,,,,,the zei tòa,,,,the zei tòa
817,đường bình kỳ,,,,,,,,,đường bình kỳ,,,,đường bình kỳ
818,kđt nam an khánh - hoài đức - hà nội,,,,,,,,,kđt nam an khánh hoài đức hà nội,,,,kđt nam an khánh hoài đức hà nội
819,đường tân thới nhất 1,,,,,,,,,đường tân thới nhất 1,,,,đường tân thới nhất 1
820,tp thủ đức,,,,,,,,,tp thủ đức,,,,tp thủ đức
821,"khu dân cư phía đông mương phóng thủy ( kđt đông phùng hưng ) , phường đồng phú , thành phố đồng hới , tỉnh quảng bình",,,,,,,,,khu dân cư phía đông mương phóng thủy kđt đông phùng hưng   tỉnh,Phường Đồng Phú,Thành phố Đồng Hới,Quảng Bình,"khu dân cư phía đông mương phóng thủy kđt đông phùng hưng   tỉnh, Phường Đồng Phú, Thành phố Đồng Hới, Quảng Bình"
822,lô d28 . 3,,,,,,,,,lô d28 3,,,,lô d28 3
823,khu dịch vụ mậu lương,,,,,,,,,khu dịch vụ mậu lương,,,,khu dịch vụ mậu lương
824,"xã diên tân , huyện diên khánh",,,,,,,,,xã diên tân huyện diên khánh,,,,xã diên tân huyện diên khánh
825,diên tân - diên khánh,,,,,,,,,diên tân diên khánh,,,,diên tân diên khánh
826,"yên nghĩa , hà đông",,,,,,,,,yên nghĩa hà đông,,,,yên nghĩa hà đông
827,tổ 15 yên nghĩa,,,,,,,,,tổ 15 yên nghĩa,,,,tổ 15 yên nghĩa
828,"phòng 402b , chung cư 120 căn , đường thái thuận , kđt an phú - an khánh , quận 2 , hồ chí minh",,,,,,,,,phòng 402b chung cư 120 căn đường thái thuận kđt an phú an khánh,, Quận 2,Hồ Chí Minh,"phòng 402b chung cư 120 căn đường thái thuận kđt an phú an khánh,  Quận 2, Hồ Chí Minh"
829,"xã đông xuân , quốc oai",,,,,,,,,xã đông xuân quốc oai,,,,xã đông xuân quốc oai
830,604,,,,,,,,,604,,,,604
831,tòa oct 5a khu resco,,,,,,,,,tòa oct 5a khu resco,,,,tòa oct 5a khu resco
832,green river,,,,,,,,,green river,,,,green river
833,trung tâm quận 8,,,,,,,,,trung tâm quận 8,,,,trung tâm quận 8
834,tây sài gòn,,,,,,,,,tây sài gòn,,,,tây sài gòn
835,"nguyễn oanh , hà huy giáp",,,,,,,,,nguyễn oanh hà huy giáp,,,,nguyễn oanh hà huy giáp
836,xdpq vạn thành,,,,,,,,,xdpq vạn thành,,,,xdpq vạn thành
837,mặt đường phú mãn,,,,,,,,,mặt đường phú mãn,,,,mặt đường phú mãn
838,la thành,,,,,,,,,la thành,,,,la thành
839,mặt tiền đường khánh bình 45,,,,,,,,,mặt tiền đường khánh bình 45,,,,mặt tiền đường khánh bình 45
840,mặt phố hoàng ngân,,,,,,,,,mặt phố hoàng ngân,,,,mặt phố hoàng ngân
841,hẻm 862 lê đức thọ . f15 - gò vấp,,,,,,,,,hẻm 862 lê đức thọ f15 gò vấp,,,,hẻm 862 lê đức thọ f15 gò vấp
842,"đường nguyễn bỉnh khiêm , đa kao , q . 1",,,,,,,,,đường nguyễn bỉnh khiêm đa kao q 1,,,,đường nguyễn bỉnh khiêm đa kao q 1
843,"ngõ 105 , phường láng hạ , quận đống đa , hà nội",,,,,,,,,ngõ 105 phường láng hạ quận đống đa hà nội,,,,ngõ 105 phường láng hạ quận đống đa hà nội
844,an khánh,,,,,,,,,an khánh,,,,an khánh
845,số nhà 69 phường 11 quận 6,,,,,,,,,số nhà 69 phường 11 quận 6,,,,số nhà 69 phường 11 quận 6
846,zen tower quận 12,,,,,,,,,zen tower quận 12,,,,zen tower quận 12
847,q . 7,,,,,,,,,q 7,,,,q 7
848,"mặt đường d52 , tân bình",,,,,,,,,mặt đường d52 tân bình,,,,mặt đường d52 tân bình
849,mặt phố nguyễn khang,,,,,,,,,mặt phố nguyễn khang,,,,mặt phố nguyễn khang
850,ngõ 41 kim liên,,,,,,,,,ngõ 41 kim liên,,,,ngõ 41 kim liên
851,mặt đường vành đai trường đại học quốc gia,,,,,,,,,mặt đường vành đai trường đại học quốc gia,,,,mặt đường vành đai trường đại học quốc gia
852,thôn miễu xã tiến xuân,,,,,,,,,thôn miễu xã tiến xuân,,,,thôn miễu xã tiến xuân
853,"mặt phố tân mai - nguyễn chính , quận hoàng mai , hà nội",,,,,,,,,mặt phố tân mai nguyễn chính quận hoàng mai hà nội,,,,mặt phố tân mai nguyễn chính quận hoàng mai hà nội
854,mặt phố khương đình,,,,,,,,,mặt phố khương đình,,,,mặt phố khương đình
855,"583 / 15 tân kỳ tân quý , p tân quý , q tân phú . tp hồ chí minh",,,,,,,,,583 15 tân kỳ tân quý p tân quý q tân phú tp,,,Hồ Chí Minh,"583 15 tân kỳ tân quý p tân quý q tân phú tp, Hồ Chí Minh"
856,"man thiện , phường tăng nhơn phú a , quận 9",,,,,,,,,man thiện phường tăng nhơn phú a quận 9,,,,man thiện phường tăng nhơn phú a quận 9
857,đường số 59 p 14 gp,,,,,,,,,đường số 59 p 14 gp,,,,đường số 59 p 14 gp
858,dịch vọng hậu,,,,,,,,,dịch vọng hậu,,,,dịch vọng hậu
859,mặt tiền đường tỉnh lộ 10,,,,,,,,,mặt tiền đường tỉnh lộ 10,,,,mặt tiền đường tỉnh lộ 10
860,"2 mặt tiền đường nguyễn hữu cảnh , phường 22 , quận bình thạnh , thành phố hồ chí minh",,,,,,,,,2 mặt tiền đường nguyễn hữu cảnh 2  thành phố,Phường 2,Quận Bình Thạnh,Hồ Chí Minh,"2 mặt tiền đường nguyễn hữu cảnh 2  thành phố, Phường 2, Quận Bình Thạnh, Hồ Chí Minh"
861,"trung tâm quận gò vấp , phường 5 , đường nguyễn thái sơn",,,,,,,,,trung tâm quận gò vấp phường 5 đường nguyễn thái sơn,,,,trung tâm quận gò vấp phường 5 đường nguyễn thái sơn
862,chung cư cao cấp soleil số 59 xuân diệu - 02 đặng thai mai,,,,,,,,,chung cư cao cấp soleil số 59 xuân diệu 02 đặng thai mai,,,,chung cư cao cấp soleil số 59 xuân diệu 02 đặng thai mai
863,"đường xuân thới sơn 12a , xã xuân thới sơn , hóc môn",,,,,,,,,đường xuân thới sơn 12a xã xuân thới sơn hóc môn,,,,đường xuân thới sơn 12a xã xuân thới sơn hóc môn
864,ngõ hoàng hoa thám,,,,,,,,,ngõ hoàng hoa thám,,,,ngõ hoàng hoa thám
865,bình chuẩn - thuận an - bình dương,,,,,,,,,bình chuẩn thuận an,,,Bình Dương,"bình chuẩn thuận an, Bình Dương"
866,"tòa nhà pacific place , 83b lý thường kiệt , quận hoàn kiếm , hà nội",,,,,,,,,tòa nhà pacific place 83b lý thường kiệt quận hoàn kiếm hà nội,,,,tòa nhà pacific place 83b lý thường kiệt quận hoàn kiếm hà nội
867,"482 / 48a nơ trang long , p . 13 , bình thạnh",,,,,,,,,482 48a nơ trang long p 13 bình thạnh,,,,482 48a nơ trang long p 13 bình thạnh
868,charm city - dĩ an - bình dương,,,,,,,,,charm city dĩ an,,,Bình Dương,"charm city dĩ an, Bình Dương"
869,"duyên hải , xã long hòa",,,,,,,,,duyên hải xã long hòa,,,,duyên hải xã long hòa
870,"đường khe sanh , phường 10 , đà lạt",,,,,,,,,đường khe sanh phường 10 đà lạt,,,,đường khe sanh phường 10 đà lạt
871,thôn cánh chủ,,,,,,,,,thôn cánh chủ,,,,thôn cánh chủ
872,"trung tâm xã bình yên , thạch thất",,,,,,,,,trung tâm xã bình yên thạch thất,,,,trung tâm xã bình yên thạch thất
873,phương đông green park số 1 trần thủ độ,,,,,,,,,phương đông green park số 1 trần thủ độ,,,,phương đông green park số 1 trần thủ độ
874,landmark plus,,,,,,,,,landmark plus,,,,landmark plus
875,tòa landmark plus,,,,,,,,,tòa landmark plus,,,,tòa landmark plus
876,"kdc p6 , tân an , long an",,,,,,,,,kdc p6 tân an,,,Long An,"kdc p6 tân an, Long An"
877,"334 tô hiến thành , p . 14 , quận 10 , hồ chí minh",,,,,,,,,334 tô hiến thành p 14 0,, Quận 1,Hồ Chí Minh,"334 tô hiến thành p 14 0,  Quận 1, Hồ Chí Minh"
878,quận 10,,,,,,,,,quận 10,,,,quận 10
879,81 dương đình nghệ,,,,,,,,,81 dương đình nghệ,,,,81 dương đình nghệ
880,ngõ vào bagac phi,,,,,,,,,ngõ vào bagac phi,,,,ngõ vào bagac phi
881,"đường tân sơn nhì , tân phú",,,,,,,,,đường tân sơn nhì tân phú,,,,đường tân sơn nhì tân phú
882,"xã nhơn thạnh trung , thành phố tân an , tỉnh long an",,,,,,,,,tỉnh,Xã Nhơn Thạnh Trung,Thành phố Tân An,Long An,"tỉnh, Xã Nhơn Thạnh Trung, Thành phố Tân An, Long An"
883,thành phố tân an,,,,,,,,,thành phố tân an,,,,thành phố tân an
884,tịnh ấn tây,,,,,,,,,tịnh ấn tây,,,,tịnh ấn tây
885,"180 đường số 8 , phường bình hưng hòa , quận bình tân",,,,,,,,,180 đường số 8 phường bình hưng hòa quận bình tân,,,,180 đường số 8 phường bình hưng hòa quận bình tân
886,đường a3 a3 khu đô thị vcn phước hải - nha trang,,,,,,,,,đường a3 a3 khu đô thị vcn phước hải nha trang,,,,đường a3 a3 khu đô thị vcn phước hải nha trang
887,"dự án sky center , số 5b phổ quang , quận tân bình",,,,,,,,,dự án sky center số 5b phổ quang quận tân bình,,,,dự án sky center số 5b phổ quang quận tân bình
888,sunflower city,,,,,,,,,sunflower city,,,,sunflower city
889,"terra 83 hào nam p605 , chủ đầu tư văn phú invest",,,,,,,,,terra 83 hào nam p605 chủ đầu tư văn phú invest,,,,terra 83 hào nam p605 chủ đầu tư văn phú invest
890,trung tâm của,,,,,,,,,trung tâm của,,,,trung tâm của
891,phố cầu diễn,,,,,,,,,phố cầu diễn,,,,phố cầu diễn
892,dự án vinhomes smart city,,,,,,,,,dự án vinhomes smart city,,,,dự án vinhomes smart city
893,chung cư home city,,,,,,,,,chung cư home city,,,,chung cư home city
894,dự án home city,,,,,,,,,dự án home city,,,,dự án home city
895,võ nguyên giáp,,,,,,,,,võ nguyên giáp,,,,võ nguyên giáp
896,lô 5c1 + 6c2 ngõ 117 nguyễn thị định,,,,,,,,,lô 5c1 6c2 ngõ 117 nguyễn thị định,,,,lô 5c1 6c2 ngõ 117 nguyễn thị định
897,mặt đường 208,,,,,,,,,mặt đường 208,,,,mặt đường 208
898,"hà huy giáp , quận 12",,,,,,,,,hà huy giáp quận 12,,,,hà huy giáp quận 12
899,kinh dương vương,,,,,,,,,kinh dương vương,,,,kinh dương vương
900,"kđt linh đàm , phường hoàng liệt , quận hoàng mai",,,,,,,,,kđt linh đàm phường hoàng liệt quận hoàng mai,,,,kđt linh đàm phường hoàng liệt quận hoàng mai
901,khu kđt linh đàm,,,,,,,,,khu kđt linh đàm,,,,khu kđt linh đàm
902,"him lam chợ lớn , q . 6",,,,,,,,,him lam chợ lớn q 6,,,,him lam chợ lớn q 6
903,"số 24 ngõ hàng bột , đống đa , hà nội",,,,,,,,,số 24 ngõ hàng bột đống đa hà nội,,,,số 24 ngõ hàng bột đống đa hà nội
904,đường thống nhất p11 gò vấp,,,,,,,,,đường thống nhất p11 gò vấp,,,,đường thống nhất p11 gò vấp
905,"đường thống nhất , phường 11 , quận gò vấp , tp hồ chí",,,,,,,,,đường thống nhất phường 11 quận gò vấp tp hồ chí,,,,đường thống nhất phường 11 quận gò vấp tp hồ chí
906,"waterpoint nam long , bến lức",,,,,,,,,waterpoint nam long bến lức,,,,waterpoint nam long bến lức
907,yên định thanh hóa,,,,,,,,,yên định,,,Thanh Hóa,"yên định, Thanh Hóa"
908,"làng bùi , xã định bình , huyện yên định , tỉnh thanh hóa diện tích",,,,,,,,,làng bùi   tỉnh  diện tích,Xã Định Bình,Huyện Yên Định,Thanh Hóa,"làng bùi   tỉnh  diện tích, Xã Định Bình, Huyện Yên Định, Thanh Hóa"
909,07 tòa oct 5b - khu nhà ở chung cư thành ủy - resco cổ nhuế,,,,,,,,,07 tòa oct 5b khu nhà ở chung cư thành ủy resco cổ nhuế,,,,07 tòa oct 5b khu nhà ở chung cư thành ủy resco cổ nhuế
910,"đường tỉnh lộ 43 phường bình chiểu , quận thủ đức",,,,,,,,,đường tỉnh lộ 43 phường bình chiểu quận thủ đức,,,,đường tỉnh lộ 43 phường bình chiểu quận thủ đức
911,"đường đỗ bá , phường mỹ an , quận ngũ hành sơn , tp . đà nẵng",,,,,,,,,đường đỗ bá   tp,Phường Mỹ An,Quận Ngũ Hành Sơn,Đà Nẵng,"đường đỗ bá   tp, Phường Mỹ An, Quận Ngũ Hành Sơn, Đà Nẵng"
912,đường đỗ bá,,,,,,,,,đường đỗ bá,,,,đường đỗ bá
913,"thôn phú sơn , phú cát , hòa lạc",,,,,,,,,thôn phú sơn phú cát hòa lạc,,,,thôn phú sơn phú cát hòa lạc
914,"phường đa kao , quận 1",,,,,,,,,phường đa kao quận 1,,,,phường đa kao quận 1
915,"địa chỉ : 527 nguyễn trãi , p . 7 , q . 5 , tp . hcm",,,,,,,,,địa chỉ 527 nguyễn trãi p 7 q 5 tp hcm,,,,địa chỉ 527 nguyễn trãi p 7 q 5 tp hcm
916,"thống nhất , p . 11 , gò vấp , tp . hcm",,,,,,,,,thống nhất p 11 gò vấp tp hcm,,,,thống nhất p 11 gò vấp tp hcm
917,"ql 50 , tt cần đước , huyện cần đước , tỉnh long an",,,,,,,,,ql 50 tt cần đước  tỉnh,,Huyện Cần Đước,Long An,"ql 50 tt cần đước  tỉnh, Huyện Cần Đước, Long An"
918,"vòng xoay võ văn kiệt , phường định hòa , thủ dầu một , bình dương",,,,,,,,,vòng xoay võ văn kiệt phường định hòa thủ dầu một,,,Bình Dương,"vòng xoay võ văn kiệt phường định hòa thủ dầu một, Bình Dương"
919,"lạc long quân , phường 9 , quận tân bình",,,,,,,,,lạc long quân phường 9 quận tân bình,,,,lạc long quân phường 9 quận tân bình
920,dự án vinhomes symphony thuộc riverside,,,,,,,,,dự án vinhomes symphony thuộc riverside,,,,dự án vinhomes symphony thuộc riverside
921,"hưng thịnh , trảng bom",,,,,,,,,hưng thịnh trảng bom,,,,hưng thịnh trảng bom
922,ngã 3 đường tây sơn và hoàng văn thụ,,,,,,,,,ngã 3 đường tây sơn và hoàng văn thụ,,,,ngã 3 đường tây sơn và hoàng văn thụ
923,"số 18 / 1 xuân diệu , p . điện biên , tp . thanh hóa",,,,,,,,,số 18 1 xuân diệu p  tp thanh hóa,,,Điện Biên,"số 18 1 xuân diệu p  tp thanh hóa, Điện Biên"
924,"kdc khang an , p . phú hữu , q9",,,,,,,,,kdc khang an p phú hữu q9,,,,kdc khang an p phú hữu q9
925,"số nhà 55 ngõ 76 tam trinh , phường mai động , quận hoàng mai , hn",,,,,,,,,số nhà 55 ngõ 76 tam trinh phường mai động quận hoàng mai hn,,,,số nhà 55 ngõ 76 tam trinh phường mai động quận hoàng mai hn
926,"số nhà 38 ngách 461 phố minh khai , phường minh khai , quận hai bà trưng , hà nội",,,,,,,,,số nhà 38 ngách 461 phố minh khai phường minh khai quận hai bà trưng hà nội,,,,số nhà 38 ngách 461 phố minh khai phường minh khai quận hai bà trưng hà nội
927,"thôn yên thái , xã đông yên , huyện quốc oai , hà nội",,,,,,,,,thôn yên thái xã đông yên huyện quốc oai hà nội,,,,thôn yên thái xã đông yên huyện quốc oai hà nội
928,"82 đường 17 , p . hiệp bình chánh , q . thủ đức , tp . hcm",,,,,,,,,82 đường 17 p hiệp bình chánh q thủ đức tp hcm,,,,82 đường 17 p hiệp bình chánh q thủ đức tp hcm
929,sunview town,,,,,,,,,sunview town,,,,sunview town
930,"địa chỉ số 8 , đường gò dưa , phường hiệp bình phước , thủ đức",,,,,,,,,địa chỉ số 8 đường gò dưa phường hiệp  thủ đức,,,Bình Phước,"địa chỉ số 8 đường gò dưa phường hiệp  thủ đức, Bình Phước"
931,kdc đại hải ngay chợ bà điểm hóc môn,,,,,,,,,kdc đại hải ngay chợ bà điểm hóc môn,,,,kdc đại hải ngay chợ bà điểm hóc môn
932,khu đô thị hoàng long,,,,,,,,,khu đô thị hoàng long,,,,khu đô thị hoàng long
933,lô a4 - 30,,,,,,,,,lô a4 30,,,,lô a4 30
934,ngõ 34 âu cơ,,,,,,,,,ngõ 34 âu cơ,,,,ngõ 34 âu cơ
935,ngõ 124 phố tứ liên,,,,,,,,,ngõ 124 phố tứ liên,,,,ngõ 124 phố tứ liên
936,"p thạnh lộc , quận 12",,,,,,,,,p thạnh lộc quận 12,,,,p thạnh lộc quận 12
937,"địa chỉ đường n1 , khu liên kế bửu long",,,,,,,,,địa chỉ đường n1 khu liên kế bửu long,,,,địa chỉ đường n1 khu liên kế bửu long
938,cầu khương đình - thanh xuân,,,,,,,,,cầu khương đình thanh xuân,,,,cầu khương đình thanh xuân
939,đường nguyễn chí thanh đn,,,,,,,,,đường nguyễn chí thanh đn,,,,đường nguyễn chí thanh đn
940,"số nhà 28d ngõ 193 phố nam dư , p . lĩnh nam , quận hoàng mai , hn",,,,,,,,,số nhà 28d ngõ 193 phố nam dư p lĩnh nam quận hoàng mai hn,,,,số nhà 28d ngõ 193 phố nam dư p lĩnh nam quận hoàng mai hn
941,ngõ gốc đề phố minh khai phường hoàng văn thụ quận hoàng mai,,,,,,,,,ngõ gốc đề phố minh khai phường hoàng văn thụ quận hoàng mai,,,,ngõ gốc đề phố minh khai phường hoàng văn thụ quận hoàng mai
942,"số 25 , ngõ 603 / 54 , lạc long quân",,,,,,,,,số 25 ngõ 603 54 lạc long quân,,,,số 25 ngõ 603 54 lạc long quân
943,"võ chí công , quận tây hồ",,,,,,,,,võ chí công quận tây hồ,,,,võ chí công quận tây hồ
944,"nguyễn cửu vân , phường 17 , quận bình thạnh",,,,,,,,,nguyễn cửu vân phường 17 quận bình thạnh,,,,nguyễn cửu vân phường 17 quận bình thạnh
945,mặt tiền đường nguyễn văn cừ . quận liên chiểu,,,,,,,,,mặt tiền đường nguyễn văn cừ quận liên chiểu,,,,mặt tiền đường nguyễn văn cừ quận liên chiểu
946,"chung cư him lam chợ lớn , đ / c :",,,,,,,,,chung cư him lam chợ lớn đ c,,,,chung cư him lam chợ lớn đ c
947,"495 hậu giang , p . 11 , quận 6",,,,,,,,,495  p 11 quận 6,,,Hậu Giang,"495  p 11 quận 6, Hậu Giang"
948,samsora riverside,,,,,,,,,samsora riverside,,,,samsora riverside
949,"đường 10 , an sơn , thuận an , bình dương",,,,,,,,,đường 10 an sơn thuận an,,,Bình Dương,"đường 10 an sơn thuận an, Bình Dương"
950,"đường kinh a , kcn lê minh xuân , bình chánh , tphcm",,,,,,,,,đường kinh a kcn lê minh xuân bình chánh tphcm,,,,đường kinh a kcn lê minh xuân bình chánh tphcm
951,"aqua city , long thành , đồng nai",,,,,,,,,aqua city long thành,,,Đồng Nai,"aqua city long thành, Đồng Nai"
952,khu phố town house,,,,,,,,,khu phố town house,,,,khu phố town house
953,"số nhà 20c ngõ 193 / 53 phố nam dư , phường lĩnh nam , quận hoàng mai , hn",,,,,,,,,số nhà 20c ngõ 193 53 phố nam dư phường lĩnh nam quận hoàng mai hn,,,,số nhà 20c ngõ 193 53 phố nam dư phường lĩnh nam quận hoàng mai hn
954,kđt văn phú hà đông,,,,,,,,,kđt văn phú hà đông,,,,kđt văn phú hà đông
955,kđt văn phú - hà đông,,,,,,,,,kđt văn phú hà đông,,,,kđt văn phú hà đông
956,lô c1 vườn lan,,,,,,,,,lô c1 vườn lan,,,,lô c1 vườn lan
957,đường bưng ông thoàn phường phú hữu,,,,,,,,,đường bưng ông thoàn phường phú hữu,,,,đường bưng ông thoàn phường phú hữu
958,"506 / x trường chinh , phường tân hưng thuận q12",,,,,,,,,506 x trường chinh phường tân hưng thuận q12,,,,506 x trường chinh phường tân hưng thuận q12
959,1 sẹc trường chinh,,,,,,,,,1 sẹc trường chinh,,,,1 sẹc trường chinh
960,khu dân cư phước kiển 1078 tái định cư lập phúc nhà bè,,,,,,,,,khu dân cư phước kiển 1078 tái định cư lập phúc nhà bè,,,,khu dân cư phước kiển 1078 tái định cư lập phúc nhà bè
961,bắc linh đàm,,,,,,,,,bắc linh đàm,,,,bắc linh đàm
962,số 7 quận bình tân,,,,,,,,,số 7 quận bình tân,,,,số 7 quận bình tân
963,đường 3 / 2,,,,,,,,,đường 3 2,,,,đường 3 2
964,xã vĩnh thanh,,,,,,,,,xã vĩnh thanh,,,,xã vĩnh thanh
965,"thị trấn trạm trôi , hoài đức , khu đô thị bắc quốc lộ 32 - lideco",,,,,,,,,thị trấn trạm trôi hoài đức khu đô thị bắc quốc lộ 32 lideco,,,,thị trấn trạm trôi hoài đức khu đô thị bắc quốc lộ 32 lideco
966,"đường 32 cư xá phú lâm d , phường 10 , q 6",,,,,,,,,đường 32 cư xá phú lâm d phường 10 q 6,,,,đường 32 cư xá phú lâm d phường 10 q 6
967,a5 dự án vũng tàu gold sea,,,,,,,,,a5 dự án vũng tàu gold sea,,,,a5 dự án vũng tàu gold sea
968,vinhomes central,,,,,,,,,vinhomes central,,,,vinhomes central
969,1 sẹc phạm văn hai - trường sa p3 tân bình,,,,,,,,,1 sẹc phạm văn hai trường sa p3 tân bình,,,,1 sẹc phạm văn hai trường sa p3 tân bình
970,bùi đình túy,,,,,,,,,bùi đình túy,,,,bùi đình túy
971,hẻm 66 / bùi đình túy,,,,,,,,,hẻm 66 bùi đình túy,,,,hẻm 66 bùi đình túy
972,"chung cư artemis phường khương trung , thanh xuân , hà nội",,,,,,,,,chung cư artemis phường khương trung thanh xuân hà nội,,,,chung cư artemis phường khương trung thanh xuân hà nội
973,quận thanh xuân,,,,,,,,,quận thanh xuân,,,,quận thanh xuân
974,"the artemis số 3 lê trọng tấn , thanh xuân , hà nội",,,,,,,,,the artemis số 3 lê trọng tấn thanh xuân hà nội,,,,the artemis số 3 lê trọng tấn thanh xuân hà nội
975,ngõ 275 ngọc thụy,,,,,,,,,ngõ 275 ngọc thụy,,,,ngõ 275 ngọc thụy
976,ngõ 219 định công thượng thông,,,,,,,,,ngõ 219 định công thượng thông,,,,ngõ 219 định công thượng thông
977,ngõ 229 định công thượng hoàng mai hà nội,,,,,,,,,ngõ 229 định công thượng hoàng mai hà nội,,,,ngõ 229 định công thượng hoàng mai hà nội
978,tôn thất thuyết quận 4,,,,,,,,,tôn thất thuyết quận 4,,,,tôn thất thuyết quận 4
979,trung tâm thị trấn củ chi,,,,,,,,,trung tâm thị trấn củ chi,,,,trung tâm thị trấn củ chi
980,178 / 7a2 kp 6 đường song hành p tân hưng thuận q12,,,,,,,,,178 7a2 kp 6 đường song hành p tân hưng thuận q12,,,,178 7a2 kp 6 đường song hành p tân hưng thuận q12
981,chung cư park legend,,,,,,,,,chung cư park legend,,,,chung cư park legend
982,"góc ngã ba 251 hoàng văn thụ - p . 2 , q . tân bình",,,,,,,,,góc ngã ba 251 hoàng văn thụ p 2 q tân bình,,,,góc ngã ba 251 hoàng văn thụ p 2 q tân bình
983,"mặt tiền kinh doanh lương khải siêu và dân chủ , p . bình thọ , thủ đức",,,,,,,,,mặt tiền kinh doanh lương khải siêu và dân chủ p bình thọ thủ đức,,,,mặt tiền kinh doanh lương khải siêu và dân chủ p bình thọ thủ đức
984,chân đèo preen - đà lạt,,,,,,,,,chân đèo preen đà lạt,,,,chân đèo preen đà lạt
985,"chung cư rich star , q . tân phú",,,,,,,,,chung cư rich star q tân phú,,,,chung cư rich star q tân phú
986,đồng phát park view,,,,,,,,,đồng phát park view,,,,đồng phát park view
987,thị xã an tây - bến cát - bình dương,,,,,,,,,thị xã an tây bến cát,,,Bình Dương,"thị xã an tây bến cát, Bình Dương"
988,chợ tóc tiên trung tâm phú mỹ bà rịa,,,,,,,,,chợ tóc tiên trung tâm phú mỹ bà rịa,,,,chợ tóc tiên trung tâm phú mỹ bà rịa
989,khu đô thị việt hưng long biên hà nội,,,,,,,,,khu đô thị việt hưng long biên hà nội,,,,khu đô thị việt hưng long biên hà nội
990,694 trường chinh,,,,,,,,,694 trường chinh,,,,694 trường chinh
991,lô f1 - 12,,,,,,,,,lô f1 12,,,,lô f1 12
992,chung cư anland 2,,,,,,,,,chung cư anland 2,,,,chung cư anland 2
993,"13c , kdc greenlife",,,,,,,,,13c kdc greenlife,,,,13c kdc greenlife
994,"xã xuân hiệp , mặt tiền đường trịnh hoài đức",,,,,,,,,xã xuân hiệp mặt tiền đường trịnh hoài đức,,,,xã xuân hiệp mặt tiền đường trịnh hoài đức
995,"xã xuân hiệp , huyện xuân lộc , tỉnh đồng nai",,,,,,,,,tỉnh,Xã Xuân Hiệp,Huyện Xuân Lộc,Đồng Nai,"tỉnh, Xã Xuân Hiệp, Huyện Xuân Lộc, Đồng Nai"
996,đường trịnh hoài đức,,,,,,,,,đường trịnh hoài đức,,,,đường trịnh hoài đức
997,sông đa nhim - huyện đức trọng,,,,,,,,,sông đa nhim huyện đức trọng,,,,sông đa nhim huyện đức trọng
998,dự án vinhomes gardenia hàm nghi ( có thể sửa thành 3 pn,,,,,,,,,dự án vinhomes gardenia hàm nghi có thể sửa thành 3 pn,,,,dự án vinhomes gardenia hàm nghi có thể sửa thành 3 pn
999,tòa chung cư vinhomes gardenia,,,,,,,,,tòa chung cư vinhomes gardenia,,,,tòa chung cư vinhomes gardenia
1000,đường số 8,,,,,,,,,đường số 8,,,,đường số 8
1001,quận bình tân,,,,,,,,,quận bình tân,,,,quận bình tân
1002,chung cư richstar - no valand,,,,,,,,,chung cư richstar no valand,,,,chung cư richstar no valand
1003,"ngã tư đường tô hiệu & hòa bình , quận tân phú",,,,,,,,,ngã tư đường tô hiệu  quận tân phú,,,Hòa Bình,"ngã tư đường tô hiệu  quận tân phú, Hòa Bình"
1004,1810 tòa s2 chung cư gold season 47 nguyễn tuân,,,,,,,,,1810 tòa s2 chung cư gold season 47 nguyễn tuân,,,,1810 tòa s2 chung cư gold season 47 nguyễn tuân
1005,"linh đàm , hoàng mai , hà nội",,,,,,,,,linh đàm hoàng mai hà nội,,,,linh đàm hoàng mai hà nội
1006,"159 nguyễn thị định , p . an phú , quận 2 , tp . hồ chí minh",,,,,,,,,159 nguyễn thị định p an phú  tp,, Quận 2,Hồ Chí Minh,"159 nguyễn thị định p an phú  tp,  Quận 2, Hồ Chí Minh"
1007,ngõ 41 phố thái hà,,,,,,,,,ngõ 41 phố thái hà,,,,ngõ 41 phố thái hà
1008,"khu dân cư lavender tân bình , thạnh phú , vĩnh cửu , đồng nai",,,,,,,,,khu dân cư lavender tân bình thạnh phú vĩnh cửu,,,Đồng Nai,"khu dân cư lavender tân bình thạnh phú vĩnh cửu, Đồng Nai"
1009,66 bát sứ,,,,,,,,,66 bát sứ,,,,66 bát sứ
1010,đường trần não quận 2,,,,,,,,,đường trần não quận 2,,,,đường trần não quận 2
1011,"phố ngọc khánh , giảng võ , ba đình",,,,,,,,,phố ngọc khánh giảng võ ba đình,,,,phố ngọc khánh giảng võ ba đình
1012,"số 33 / 18 lê trọng tấn , p . sơn kỳ , q . tân phú",,,,,,,,,số 33 18 lê trọng tấn p sơn kỳ q tân phú,,,,số 33 18 lê trọng tấn p sơn kỳ q tân phú
1013,chung cư mulberry lane mỗ lao,,,,,,,,,chung cư mulberry lane mỗ lao,,,,chung cư mulberry lane mỗ lao
1014,chung cư mulberry lane,,,,,,,,,chung cư mulberry lane,,,,chung cư mulberry lane
1015,"phố láng hạ , đống đa",,,,,,,,,phố láng hạ đống đa,,,,phố láng hạ đống đa
1016,"xóm án , tân triều , thanh trì",,,,,,,,,xóm án tân triều thanh trì,,,,xóm án tân triều thanh trì
1017,"lê thánh tôn , p . bến thành q . 1",,,,,,,,,lê thánh tôn p bến thành q 1,,,,lê thánh tôn p bến thành q 1
1018,mặt tiền lê thánh tôn,,,,,,,,,mặt tiền lê thánh tôn,,,,mặt tiền lê thánh tôn
1019,charmington la pointe . vị trí,,,,,,,,,charmington la pointe vị trí,,,,charmington la pointe vị trí
1020,góc ngã tư cao thắng - 3 / 2,,,,,,,,,góc ngã tư cao thắng 3 2,,,,góc ngã tư cao thắng 3 2
1021,luxury service apartment,,,,,,,,,luxury service apartment,,,,luxury service apartment
1022,trung tâm q1,,,,,,,,,trung tâm q1,,,,trung tâm q1
1023,terra royal - quận 3,,,,,,,,,terra royal quận 3,,,,terra royal quận 3
1024,địa chỉ 120 đường khánh hội q4,,,,,,,,,địa chỉ 120 đường khánh hội q4,,,,địa chỉ 120 đường khánh hội q4
1025,"richmond city , nguyễn xí , p . 26 , quận bình thạnh",,,,,,,,,richmond city nguyễn xí p 26 quận bình thạnh,,,,richmond city nguyễn xí p 26 quận bình thạnh
1026,bế văn đàn,,,,,,,,,bế văn đàn,,,,bế văn đàn
1027,phố trần đại nghĩa,,,,,,,,,phố trần đại nghĩa,,,,phố trần đại nghĩa
1028,quận tân bình,,,,,,,,,quận tân bình,,,,quận tân bình
1029,"số 8c lê tấn quốc , phường 13 , quận tân bình . tp . hcm",,,,,,,,,số 8c lê tấn quốc phường 13 quận tân bình tp hcm,,,,số 8c lê tấn quốc phường 13 quận tân bình tp hcm
1030,"8c lê tấn quốc , phường 13 , quận tân bình , hồ chí minh",,,,,,,,,8c lê tấn quốc 3,Phường 1,Quận Tân Bình,Hồ Chí Minh,"8c lê tấn quốc 3, Phường 1, Quận Tân Bình, Hồ Chí Minh"
1031,"l23 , b2 , vĩnh điềm trung",,,,,,,,,l23 b2 vĩnh điềm trung,,,,l23 b2 vĩnh điềm trung
1032,"dự án phát triển nhà phú nhuận , đường 25 , hiệp bình chánh , thủ đức",,,,,,,,,dự án phát triển nhà phú nhuận đường 25 hiệp bình chánh thủ đức,,,,dự án phát triển nhà phú nhuận đường 25 hiệp bình chánh thủ đức
1033,"vạn phúc riverside city , vạn phúc thủ đức",,,,,,,,,vạn phúc riverside city vạn phúc thủ đức,,,,vạn phúc riverside city vạn phúc thủ đức
1034,"ngõ 173 hoàng hoa thám , hà nội",,,,,,,,,ngõ 173 hoàng hoa thám hà nội,,,,ngõ 173 hoàng hoa thám hà nội
1035,"dương văn bé , quận hai bà trưng",,,,,,,,,dương văn bé quận hai bà trưng,,,,dương văn bé quận hai bà trưng
1036,tòa chung cư vinhomes green bay mễ trì,,,,,,,,,tòa chung cư vinhomes green bay mễ trì,,,,tòa chung cư vinhomes green bay mễ trì
1037,tân hương tower a1 - 082 pn,,,,,,,,,tân hương tower a1 082 pn,,,,tân hương tower a1 082 pn
1038,"tập thể láng hạ , đống đa , hà nội",,,,,,,,,tập thể láng hạ đống đa hà nội,,,,tập thể láng hạ đống đa hà nội
1039,đường a4 vcn phước hải,,,,,,,,,đường a4 vcn phước hải,,,,đường a4 vcn phước hải
1040,chung cư ngọc khánh plaza,,,,,,,,,chung cư ngọc khánh plaza,,,,chung cư ngọc khánh plaza
1041,số 1 phạm huy thông,,,,,,,,,số 1 phạm huy thông,,,,số 1 phạm huy thông
1042,"mặt đường đại lộ thăng long - hoài đức , hn",,,,,,,,,mặt đường đại lộ thăng long hoài đức hn,,,,mặt đường đại lộ thăng long hoài đức hn
1043,"hoàng văn thái , thanh xuân , hà nội",,,,,,,,,hoàng văn thái thanh xuân hà nội,,,,hoàng văn thái thanh xuân hà nội
1044,"đường tăng nhơn phú , quận 9",,,,,,,,,đường tăng nhơn phú quận 9,,,,đường tăng nhơn phú quận 9
1045,tòa w3,,,,,,,,,tòa w3,,,,tòa w3
1046,"đường cao đức lân , phường an phú , quận 2",,,,,,,,,đường cao đức lân phường an phú quận 2,,,,đường cao đức lân phường an phú quận 2
1047,samsora vạn phúc - hà đông,,,,,,,,,samsora vạn phúc hà đông,,,,samsora vạn phúc hà đông
1048,"iris garden , số 30 trần hữu dực , mỹ đình",,,,,,,,,iris garden số 30 trần hữu dực mỹ đình,,,,iris garden số 30 trần hữu dực mỹ đình
1049,chung cư iris garden chung cư mỹ đình . 1,,,,,,,,,chung cư iris garden chung cư mỹ đình 1,,,,chung cư iris garden chung cư mỹ đình 1
1050,"số 30 trần hữu dực , mỹ đình 1 , nam từ liêm , hà nội",,,,,,,,,số 30 trần hữu dực mỹ đình 1 nam từ liêm hà nội,,,,số 30 trần hữu dực mỹ đình 1 nam từ liêm hà nội
1051,đường bà huyện thanh quan,,,,,,,,,đường bà huyện thanh quan,,,,đường bà huyện thanh quan
1052,kcn sóng thần 1,,,,,,,,,kcn sóng thần 1,,,,kcn sóng thần 1
1053,"65 tân hương , tân quý , tân phú",,,,,,,,,65 tân hương tân quý tân phú,,,,65 tân hương tân quý tân phú
1054,home city 177 trung kính,,,,,,,,,home city 177 trung kính,,,,home city 177 trung kính
1055,"phường 13 , quận 3",,,,,,,,,phường 13 quận 3,,,,phường 13 quận 3
1056,"phú mỹ - vạn phát hưng , quận 7",,,,,,,,,phú mỹ vạn phát hưng quận 7,,,,phú mỹ vạn phát hưng quận 7
1057,chung cư saigonres plaza,,,,,,,,,chung cư saigonres plaza,,,,chung cư saigonres plaza
1058,"188 đường nguyễn xí , phường 26 , quận bình thạnh",,,,,,,,,188 đường nguyễn xí phường 26 quận bình thạnh,,,,188 đường nguyễn xí phường 26 quận bình thạnh
1059,đường cn 13 - kcn tân bình,,,,,,,,,đường cn 13 kcn tân bình,,,,đường cn 13 kcn tân bình
1060,"số 1a tràng tiền , hoàn kiếm hà nội",,,,,,,,,số 1a tràng tiền hoàn kiếm hà nội,,,,số 1a tràng tiền hoàn kiếm hà nội
1061,chung cư a4 phan xích long . phú nhuận,,,,,,,,,chung cư a4 phan xích long phú nhuận,,,,chung cư a4 phan xích long phú nhuận
1062,"riverside residence , p . tân phú , phú mỹ hưng , quận 7",,,,,,,,,riverside residence p tân phú phú mỹ hưng quận 7,,,,riverside residence p tân phú phú mỹ hưng quận 7
1063,345 khương trung và ngõ 1 bùi xương trạch,,,,,,,,,345 khương trung và ngõ 1 bùi xương trạch,,,,345 khương trung và ngõ 1 bùi xương trạch
1064,the vista an phú,,,,,,,,,the vista an phú,,,,the vista an phú
1065,trung tâm q . bình tân,,,,,,,,,trung tâm q bình tân,,,,trung tâm q bình tân
1066,"26 lô u , đường số 7 , an lạc a , bình tân",,,,,,,,,26 lô u đường số 7 an lạc a bình tân,,,,26 lô u đường số 7 an lạc a bình tân
1067,"khu đô thị : tây nam linh đàm , hoàng mai",,,,,,,,,khu đô thị tây nam linh đàm hoàng mai,,,,khu đô thị tây nam linh đàm hoàng mai
1068,ngõ 173 giảng võ,,,,,,,,,ngõ 173 giảng võ,,,,ngõ 173 giảng võ
1069,122 bùi văn ba phường tân thuận đông quận 7,,,,,,,,,122 bùi văn ba phường tân thuận đông quận 7,,,,122 bùi văn ba phường tân thuận đông quận 7
1070,837 / 7 lê văn lương,,,,,,,,,837 7 lê văn lương,,,,837 7 lê văn lương
1071,"chung cư kosmo tây hồ nằm trên phố xuân la , hà nội",,,,,,,,,chung cư kosmo tây hồ nằm trên phố xuân la hà nội,,,,chung cư kosmo tây hồ nằm trên phố xuân la hà nội
1072,"tô hiến thành , phường 13 , quận 10 , thành phố hồ chí minh",,,,,,,,,tô hiến thành phường 13 0 thành phố,, Quận 1,Hồ Chí Minh,"tô hiến thành phường 13 0 thành phố,  Quận 1, Hồ Chí Minh"
1073,"mt tô hiến thành , p13 , q10",,,,,,,,,mt tô hiến thành p13 q10,,,,mt tô hiến thành p13 q10
1074,hẻm 497 đường hương lộ 2,,,,,,,,,hẻm 497 đường hương lộ 2,,,,hẻm 497 đường hương lộ 2
1075,"trung tâm quận thanh xuân , số 90 nguyễn tuân",,,,,,,,,trung tâm quận thanh xuân số 90 nguyễn tuân,,,,trung tâm quận thanh xuân số 90 nguyễn tuân
1076,"chung cư số 3 vũ phạm hàm , tòa nhà park view",,,,,,,,,chung cư số 3 vũ phạm hàm tòa nhà park view,,,,chung cư số 3 vũ phạm hàm tòa nhà park view
1077,"dự án the eden rose , thanh trì , hà nội",,,,,,,,,dự án the eden rose thanh trì hà nội,,,,dự án the eden rose thanh trì hà nội
1078,mặt tiền đường hẻm phạm ngọc thạch,,,,,,,,,mặt tiền đường hẻm phạm ngọc thạch,,,,mặt tiền đường hẻm phạm ngọc thạch
1079,"29 / 23 đoàn thị điểm , p1 , q . phú nhuận",,,,,,,,,29 23 đoàn thị điểm p1 q phú nhuận,,,,29 23 đoàn thị điểm p1 q phú nhuận
1080,chung cư sunview town - gò dưa - hiệp bình phước - thủ đức - tp . hcm,,,,,,,,,chung cư sunview town gò dưa hiệp  thủ đức tp hcm,,,Bình Phước,"chung cư sunview town gò dưa hiệp  thủ đức tp hcm, Bình Phước"
1081,chung cư safira khang điền - quận 9,,,,,,,,,chung cư safira khang điền quận 9,,,,chung cư safira khang điền quận 9
1082,"số 41 , phố văn quán",,,,,,,,,số 41 phố văn quán,,,,số 41 phố văn quán
1083,"11a hai bà trưng , phường tràng tiền , quận hoàn kiếm , hà nội",,,,,,,,,11a hai bà trưng phường tràng tiền quận hoàn kiếm hà nội,,,,11a hai bà trưng phường tràng tiền quận hoàn kiếm hà nội
1084,"saigonres plaza , 188 nguyễn xí , bình thạnh",,,,,,,,,saigonres plaza 188 nguyễn xí bình thạnh,,,,saigonres plaza 188 nguyễn xí bình thạnh
1085,"462 / 14 nguyễn tri phương , phường 9 , quận 10 , thành phố hồ chí minh",,,,,,,,,462 14 nguyễn tri phương phường 9 0 thành phố,, Quận 1,Hồ Chí Minh,"462 14 nguyễn tri phương phường 9 0 thành phố,  Quận 1, Hồ Chí Minh"
1086,dự án ehome s nam sài gòn,,,,,,,,,dự án ehome s nam sài gòn,,,,dự án ehome s nam sài gòn
1087,chung cư sunshine garden,,,,,,,,,chung cư sunshine garden,,,,chung cư sunshine garden
1088,the park residence mặt tiền đường nguyễn hữu thọ,,,,,,,,,the park residence mặt tiền đường nguyễn hữu thọ,,,,the park residence mặt tiền đường nguyễn hữu thọ
1089,the park residence,,,,,,,,,the park residence,,,,the park residence
1090,"chung cư huỳnh tấn phát ( long sơn building ) , quận 7 , tp . hcm",,,,,,,,,chung cư huỳnh tấn phát long sơn building quận 7 tp hcm,,,,chung cư huỳnh tấn phát long sơn building quận 7 tp hcm
1091,ngay ngã tư hoàng quốc việt - huỳnh tấn phát,,,,,,,,,ngay ngã tư hoàng quốc việt huỳnh tấn phát,,,,ngay ngã tư hoàng quốc việt huỳnh tấn phát
1092,võ văn tần,,,,,,,,,võ văn tần,,,,võ văn tần
1093,tòa a2 chung cư vinhomes gardenia,,,,,,,,,tòa a2 chung cư vinhomes gardenia,,,,tòa a2 chung cư vinhomes gardenia
1094,phố đào tấn,,,,,,,,,phố đào tấn,,,,phố đào tấn
1095,"trung tâm văn cao , liễu giai , đào tấn",,,,,,,,,trung tâm văn cao liễu giai đào tấn,,,,trung tâm văn cao liễu giai đào tấn
1096,vinhomes nguyễn chí thanh,,,,,,,,,vinhomes nguyễn chí thanh,,,,vinhomes nguyễn chí thanh
1097,"phố thụy khuê , q . tây hồ , hà nội",,,,,,,,,phố thụy khuê q tây hồ hà nội,,,,phố thụy khuê q tây hồ hà nội
1098,"saigonres plaza , 188 nguyễn xí , phường 26 , q . bình thạnh",,,,,,,,,saigonres plaza 188 nguyễn xí phường 26 q bình thạnh,,,,saigonres plaza 188 nguyễn xí phường 26 q bình thạnh
1099,khu d - an phú an khánh q2,,,,,,,,,khu d an phú an khánh q2,,,,khu d an phú an khánh q2
1100,"đường tôn thất thuyết , p . dịch vọng hậu , q . cầu giấy",,,,,,,,,đường tôn thất thuyết p dịch vọng hậu q cầu giấy,,,,đường tôn thất thuyết p dịch vọng hậu q cầu giấy
1101,mặt phố phố tôn thất thuyết,,,,,,,,,mặt phố phố tôn thất thuyết,,,,mặt phố phố tôn thất thuyết
1102,phố trương định - hai bà trưng - hà nội,,,,,,,,,phố trương định hai bà trưng hà nội,,,,phố trương định hai bà trưng hà nội
1103,tòa d el dorado - lạc long quân - tây hồ,,,,,,,,,tòa d el dorado lạc long quân tây hồ,,,,tòa d el dorado lạc long quân tây hồ
1104,"838 / 25 / 14 lê trọng tấn , quận bình hưng hòa",,,,,,,,,838 25 14 lê trọng tấn quận bình hưng hòa,,,,838 25 14 lê trọng tấn quận bình hưng hòa
1105,kcn sóng thần,,,,,,,,,kcn sóng thần,,,,kcn sóng thần
1106,"số 7 đại lộc độc lập , kcn sóng thần , bình dương",,,,,,,,,số 7 đại lộc độc lập kcn sóng thần,,,Bình Dương,"số 7 đại lộc độc lập kcn sóng thần, Bình Dương"
1107,kcn sóng thần ngay,,,,,,,,,kcn sóng thần ngay,,,,kcn sóng thần ngay
1108,chung cư the zen gamuda,,,,,,,,,chung cư the zen gamuda,,,,chung cư the zen gamuda
1109,khu kinh doanh phố nhật thái văn lung,,,,,,,,,khu kinh doanh phố nhật thái văn lung,,,,khu kinh doanh phố nhật thái văn lung
1110,"bến nghé , đường thái văn lung , quận 1 , tp hcm",,,,,,,,,bến nghé đường thái văn lung quận 1 tp hcm,,,,bến nghé đường thái văn lung quận 1 tp hcm
1111,kdc city land gò vấp,,,,,,,,,kdc city land gò vấp,,,,kdc city land gò vấp
1112,phố trần hòa,,,,,,,,,phố trần hòa,,,,phố trần hòa
1113,đường kim giang,,,,,,,,,đường kim giang,,,,đường kim giang
1114,"mặt tiền số 85h / 1 nguyễn ảnh thủ , p . hiệp thành , quận 12",,,,,,,,,mặt tiền số 85h 1 nguyễn ảnh thủ p hiệp thành quận 12,,,,mặt tiền số 85h 1 nguyễn ảnh thủ p hiệp thành quận 12
1115,"khu phan xích long , p2 , phú nhuận",,,,,,,,,khu phan xích long p2 phú nhuận,,,,khu phan xích long p2 phú nhuận
1116,"ngõ 26 doãn kế thiện , phường mai dịch tầng",,,,,,,,,ngõ 26 doãn kế thiện phường mai dịch tầng,,,,ngõ 26 doãn kế thiện phường mai dịch tầng
1117,số 399 - 399a - phạm văn bạch,,,,,,,,,số 399 399a phạm văn bạch,,,,số 399 399a phạm văn bạch
1118,"số 167 đường nguyễn sỹ sách . - p . 15 , q . tân bình",,,,,,,,,số 167 đường nguyễn sỹ sách p 15 q tân bình,,,,số 167 đường nguyễn sỹ sách p 15 q tân bình
1119,"399 - 399 a - phạm văn bạch , phường 15 , quận tân bình , tp . hcm",,,,,,,,,399 399 a phạm văn bạch phường 15 quận tân bình tp hcm,,,,399 399 a phạm văn bạch phường 15 quận tân bình tp hcm
1120,"kdc him lam , p . tân hưng",,,,,,,,,kdc him lam p tân hưng,,,,kdc him lam p tân hưng
1121,"địa chỉ 102 đường hoàng quốc việt , phường phú mỹ , quận 7",,,,,,,,,địa chỉ 102 đường hoàng quốc việt phường phú mỹ quận 7,,,,địa chỉ 102 đường hoàng quốc việt phường phú mỹ quận 7
1122,chung cư cao cấp the artemis - số 3 lê trọng tấn,,,,,,,,,chung cư cao cấp the artemis số 3 lê trọng tấn,,,,chung cư cao cấp the artemis số 3 lê trọng tấn
1123,fresca riverside,,,,,,,,,fresca riverside,,,,fresca riverside
1124,"sunny plaza , 110a phạm văn đồng , p3 , quận gò vấp",,,,,,,,,sunny plaza 110a phạm văn đồng p3 quận gò vấp,,,,sunny plaza 110a phạm văn đồng p3 quận gò vấp
1125,"phố lê văn lương , q . thanh xuân",,,,,,,,,phố lê văn lương q thanh xuân,,,,phố lê văn lương q thanh xuân
1126,trung tâm quận thanh xuân,,,,,,,,,trung tâm quận thanh xuân,,,,trung tâm quận thanh xuân
1127,"bộ khoa học và công nghệ , phường quan hoa , quận cầu giấy , tp hà nội",,,,,,,,,bộ khoa học và công nghệ phường quan hoa quận cầu giấy tp hà nội,,,,bộ khoa học và công nghệ phường quan hoa quận cầu giấy tp hà nội
1128,đường nguyễn văn huyên,,,,,,,,,đường nguyễn văn huyên,,,,đường nguyễn văn huyên
1129,"số 48 ngõ 567 hoàng hoa thám , ba đình , hà nội",,,,,,,,,số 48 ngõ 567 hoàng hoa thám ba đình hà nội,,,,số 48 ngõ 567 hoàng hoa thám ba đình hà nội
1130,phố vĩnh phúc,,,,,,,,,phố,,,Vĩnh Phúc,"phố, Vĩnh Phúc"
1131,kdc tân xuân - đạt gia garden,,,,,,,,,kdc tân xuân đạt gia garden,,,,kdc tân xuân đạt gia garden
1132,"chung cư tại horizon , 214 trần quang khải , tân định , quận 1",,,,,,,,,chung cư tại horizon 214 trần quang khải tân định quận 1,,,,chung cư tại horizon 214 trần quang khải tân định quận 1
1133,"hà đô centrosa garden tại số 200 đường 3 / 2 , quận 10",,,,,,,,,hà đô centrosa garden tại số 200 đường 3 2 quận 10,,,,hà đô centrosa garden tại số 200 đường 3 2 quận 10
1134,"a28 , ngõ 347 hoàng quốc việt , nghĩa tân , cầu giấy",,,,,,,,,a28 ngõ 347 hoàng quốc việt nghĩa tân cầu giấy,,,,a28 ngõ 347 hoàng quốc việt nghĩa tân cầu giấy
1135,tập thể quân khu thủ đô,,,,,,,,,tập thể quân khu thủ đô,,,,tập thể quân khu thủ đô
1136,"số 5 ngõ 129 nguyễn trãi , ngã tư sở - hà nội",,,,,,,,,số 5 ngõ 129 nguyễn trãi ngã tư sở hà nội,,,,số 5 ngõ 129 nguyễn trãi ngã tư sở hà nội
1137,the prince residence,,,,,,,,,the prince residence,,,,the prince residence
1138,số 194 giải phóng,,,,,,,,,số 194 giải phóng,,,,số 194 giải phóng
1139,"golden palace , mễ trì",,,,,,,,,golden palace mễ trì,,,,golden palace mễ trì
1140,"phố thái thịnh , quận đống đa",,,,,,,,,phố thái thịnh quận đống đa,,,,phố thái thịnh quận đống đa
1141,"tòa ct 1 chung cư m2 , ban cơ yếu chính phủ , ngã tư lê văn lương - khuất duy tiến , thanh xuân",,,,,,,,,tòa ct 1 chung cư m2 ban cơ yếu chính phủ ngã tư lê văn lương khuất duy tiến thanh xuân,,,,tòa ct 1 chung cư m2 ban cơ yếu chính phủ ngã tư lê văn lương khuất duy tiến thanh xuân
1142,"cityland park hills 18 phan văn trị , phường 10 , quận gò vấp",,,,,,,,,cityland park hills 18 phan văn trị phường 10 quận gò vấp,,,,cityland park hills 18 phan văn trị phường 10 quận gò vấp
1143,"bắc sơn , trảng bom , đồng nai",,,,,,,,,bắc sơn trảng bom,,,Đồng Nai,"bắc sơn trảng bom, Đồng Nai"
1144,"ngõ phố đặng thai mai , quảng an , tây hồ , hn",,,,,,,,,ngõ phố đặng thai mai quảng an tây hồ hn,,,,ngõ phố đặng thai mai quảng an tây hồ hn
1145,phố đặng thai mai,,,,,,,,,phố đặng thai mai,,,,phố đặng thai mai
1146,xuân diệu,,,,,,,,,xuân diệu,,,,xuân diệu
1147,đường nguyễn hữu dật,,,,,,,,,đường nguyễn hữu dật,,,,đường nguyễn hữu dật
1148,nhà k2 tập thể thành công,,,,,,,,,nhà k2 tập thể thành công,,,,nhà k2 tập thể thành công
1149,mặt ngõ 12 láng hạ,,,,,,,,,mặt ngõ 12 láng hạ,,,,mặt ngõ 12 láng hạ
1150,"854 tạ quang bửu , p5 , quận 8",,,,,,,,,854 tạ quang bửu p5 quận 8,,,,854 tạ quang bửu p5 quận 8
1151,tòa nhà ellipse trần phú - hà đông,,,,,,,,,tòa nhà ellipse trần phú hà đông,,,,tòa nhà ellipse trần phú hà đông
1152,tòa nhà ellipse - 110 trần phú - hà đông,,,,,,,,,tòa nhà ellipse 110 trần phú hà đông,,,,tòa nhà ellipse 110 trần phú hà đông
1153,"đường quang trung , gò vấp",,,,,,,,,đường quang trung gò vấp,,,,đường quang trung gò vấp
1154,số 58 phố nguyễn văn tuyết,,,,,,,,,số 58 phố nguyễn văn tuyết,,,,số 58 phố nguyễn văn tuyết
1155,"hancorp plaza 72 trần đăng ninh , cầu giấy , hà nội",,,,,,,,,hancorp plaza 72 trần đăng ninh cầu giấy hà nội,,,,hancorp plaza 72 trần đăng ninh cầu giấy hà nội
1156,"166 / 5 / 2 lý thái tổ , phường 1 , quận 3",,,,,,,,,166 5 2 lý thái tổ phường 1 quận 3,,,,166 5 2 lý thái tổ phường 1 quận 3
1157,"số 1 , ngõ 15 , huỳnh thúc kháng - đống đa - hà nội",,,,,,,,,số 1 ngõ 15 huỳnh thúc kháng đống đa hà nội,,,,số 1 ngõ 15 huỳnh thúc kháng đống đa hà nội
1158,mặt tiền nguyễn văn linh,,,,,,,,,mặt tiền nguyễn văn linh,,,,mặt tiền nguyễn văn linh
1159,"đường làng tăng phú , phường tăng nhơn phú a , quận 9",,,,,,,,,đường làng tăng phú phường tăng nhơn phú a quận 9,,,,đường làng tăng phú phường tăng nhơn phú a quận 9
1160,"lý tự trọng , p . bến nghé , q . 1",,,,,,,,,lý tự trọng p bến nghé q 1,,,,lý tự trọng p bến nghé q 1
1161,mon city,,,,,,,,,mon city,,,,mon city
1162,lô 32 dãy tt 02 kđt mon city . mon city,,,,,,,,,lô 32 dãy tt 02 kđt mon city mon city,,,,lô 32 dãy tt 02 kđt mon city mon city
1163,đốc ngữ,,,,,,,,,đốc ngữ,,,,đốc ngữ
1164,"đường an hà quảng phú , phường an phú , tp tam kỳ , tỉnh quảng nam",,,,,,,,,đường an hà quảng phú phường an phú tp tam kỳ tỉnh,,,Quảng Nam,"đường an hà quảng phú phường an phú tp tam kỳ tỉnh, Quảng Nam"
1165,panko plaza,,,,,,,,,panko plaza,,,,panko plaza
1166,"tp tam kỳ , tỉnh quảng nam",,,,,,,,,tp tam kỳ tỉnh,,,Quảng Nam,"tp tam kỳ tỉnh, Quảng Nam"
1167,"nguyễn văn thương ( đường d1 cũ ) , phường 25 , quận bình thạnh , tphcm",,,,,,,,,nguyễn văn thương đường d1 cũ phường 25 quận bình thạnh tphcm,,,,nguyễn văn thương đường d1 cũ phường 25 quận bình thạnh tphcm
1168,"mặt tiền đường nguyễn trung trực , phường 5 , bình thạnh",,,,,,,,,mặt tiền đường nguyễn trung trực phường 5 bình thạnh,,,,mặt tiền đường nguyễn trung trực phường 5 bình thạnh
1169,"dự án lexington residence thuộc phường an phú , quận 2 , tp hồ chí minh",,,,,,,,,dự án lexington residence thuộc   tp,Phường An Phú, Quận 2,Hồ Chí Minh,"dự án lexington residence thuộc   tp, Phường An Phú,  Quận 2, Hồ Chí Minh"
1170,đào tấn,,,,,,,,,đào tấn,,,,đào tấn
1171,ngọc hồi hà nội,,,,,,,,,ngọc hồi hà nội,,,,ngọc hồi hà nội
1172,"km 14 , quốc lộ 1a , ngọc hồi , thanh trì , hà nội",,,,,,,,,km 14 quốc lộ 1a ngọc hồi thanh trì hà nội,,,,km 14 quốc lộ 1a ngọc hồi thanh trì hà nội
1173,( 84.24 ) 62623838 .,,,,,,,,,84 24 62623838,,,,84 24 62623838
1174,"âu cơ , tây hồ , hn",,,,,,,,,âu cơ tây hồ hn,,,,âu cơ tây hồ hn
1175,"âu cơ , tây hồ",,,,,,,,,âu cơ tây hồ,,,,âu cơ tây hồ
1176,ladeco building,,,,,,,,,ladeco building,,,,ladeco building
1177,266 đội cấn,,,,,,,,,266 đội cấn,,,,266 đội cấn
1178,"71 / 62 nguyễn bặc , phường 3 , tân bình",,,,,,,,,71 62 nguyễn bặc phường 3 tân bình,,,,71 62 nguyễn bặc phường 3 tân bình
1179,dự án safira khang điền đường võ chí công,,,,,,,,,dự án safira khang điền đường võ chí công,,,,dự án safira khang điền đường võ chí công
1180,"sadeco , phước kiển , nhà bè",,,,,,,,,sadeco phước kiển nhà bè,,,,sadeco phước kiển nhà bè
1181,lê thanh nghị,,,,,,,,,lê thanh nghị,,,,lê thanh nghị
1182,"số 302 / 1 / 12 lê đình cẩn , p . tân tạo , quận bình tân , hcm",,,,,,,,,số 302 1 12 lê đình cẩn p tân tạo quận bình tân hcm,,,,số 302 1 12 lê đình cẩn p tân tạo quận bình tân hcm
1183,"549 tô hiến thành , phường 14 , quận 10",,,,,,,,,549 tô hiến thành phường 14 quận 10,,,,549 tô hiến thành phường 14 quận 10
1184,"1170 / 49b đường 3 / 2 , phường 12 , quận 11",,,,,,,,,1170 49b đường 3 2 phường 12 quận 11,,,,1170 49b đường 3 2 phường 12 quận 11
1185,khu dân cư cityland center hills,,,,,,,,,khu dân cư cityland center hills,,,,khu dân cư cityland center hills
1186,cityland center hill,,,,,,,,,cityland center hill,,,,cityland center hill
1187,"nguyễn ngọc doãn , quận đống đa hn",,,,,,,,,nguyễn ngọc doãn quận đống đa hn,,,,nguyễn ngọc doãn quận đống đa hn
1188,"khu cn tân tạo , quận tân bình , hcm",,,,,,,,,khu cn tân tạo quận tân bình hcm,,,,khu cn tân tạo quận tân bình hcm
1189,"đường lê đại hành , p . 11 , q . 11",,,,,,,,,đường lê đại hành p 11 q 11,,,,đường lê đại hành p 11 q 11
1190,"377 / 82 lê đại hành , phường 11 , quận 11 , tp hcm",,,,,,,,,377 82 lê đại hành phường 11 quận 11 tp hcm,,,,377 82 lê đại hành phường 11 quận 11 tp hcm
1191,chung cư cao cấp vinhomes green bay mễ trì - quận nam từ liêm - hà nội,,,,,,,,,chung cư cao cấp vinhomes green bay mễ trì quận nam từ liêm hà nội,,,,chung cư cao cấp vinhomes green bay mễ trì quận nam từ liêm hà nội
1192,trung tâm quận nam từ liêm,,,,,,,,,trung tâm quận nam từ liêm,,,,trung tâm quận nam từ liêm
1193,"chung cư bộ công an , p . bình an , q2",,,,,,,,,chung cư bộ công an p bình an q2,,,,chung cư bộ công an p bình an q2
1194,"cầu chữ y , quận 8",,,,,,,,,cầu chữ y quận 8,,,,cầu chữ y quận 8
1195,quận 2 khu vực đảo kim cương,,,,,,,,,quận 2 khu vực đảo kim cương,,,,quận 2 khu vực đảo kim cương
1196,"đường đặng văn trơn - phường hiệp hoà , biên hoà , đồng nai",,,,,,,,,đường đặng văn trơn phường hiệp hoà biên hoà,,,Đồng Nai,"đường đặng văn trơn phường hiệp hoà biên hoà, Đồng Nai"
1197,"ngõ 8 , văn phú , hà đông",,,,,,,,,ngõ 8 văn phú hà đông,,,,ngõ 8 văn phú hà đông
1198,vinhomes,,,,,,,,,vinhomes,,,,vinhomes
1199,"144 phố huế , phường nguyễn du",,,,,,,,,144 phố huế phường nguyễn du,,,,144 phố huế phường nguyễn du
1200,"celadon city quận tân phú , đường n1",,,,,,,,,celadon city quận tân phú đường n1,,,,celadon city quận tân phú đường n1
1201,"ngõ 11 việt hưng , long biên",,,,,,,,,ngõ 11 việt hưng long biên,,,,ngõ 11 việt hưng long biên
1202,"cc quân khu 7 , q12",,,,,,,,,cc quân khu 7 q12,,,,cc quân khu 7 q12
1203,"ngọc việt building , mặt đường a4 , khu k300 , p12 , tân bình",,,,,,,,,ngọc việt building mặt đường a4 khu k300 p12 tân bình,,,,ngọc việt building mặt đường a4 khu k300 p12 tân bình
1204,hẻm 601 cmt 8 q10,,,,,,,,,hẻm 601 cmt 8 q10,,,,hẻm 601 cmt 8 q10
1205,86 đường số 7 kdc cityland center hills gò vấp,,,,,,,,,86 đường số 7 kdc cityland center hills gò vấp,,,,86 đường số 7 kdc cityland center hills gò vấp
1206,chung cư c2 - hc xuân đỉnh,,,,,,,,,chung cư c2 hc xuân đỉnh,,,,chung cư c2 hc xuân đỉnh
1207,"số 33 mạc thái tổ , yên hòa , cầu giấy , hà nội",,,,,,,,,số 33 mạc thái tổ yên hòa cầu giấy hà nội,,,,số 33 mạc thái tổ yên hòa cầu giấy hà nội
1208,tòa chung cư ia 20 ciputra - nam thăng long hà nội ( chân cầu thăng long ),,,,,,,,,tòa chung cư ia 20 ciputra nam thăng long hà nội chân cầu thăng long,,,,tòa chung cư ia 20 ciputra nam thăng long hà nội chân cầu thăng long
1209,vinhomes central park bình thạnh,,,,,,,,,vinhomes central park bình thạnh,,,,vinhomes central park bình thạnh
1210,tòa park 4,,,,,,,,,tòa park 4,,,,tòa park 4
1211,trung tâm quận 1,,,,,,,,,trung tâm quận 1,,,,trung tâm quận 1
1212,"phường cầu ông lãnh , quận 1 , tp . hcm",,,,,,,,,phường cầu ông lãnh quận 1 tp hcm,,,,phường cầu ông lãnh quận 1 tp hcm
1213,"chung cư moonlight residences số 102 đặng văn bi , phường bình thọ , quận thủ đức , tp hcm",,,,,,,,,chung cư moonlight residences số 102 đặng văn bi phường bình thọ quận thủ đức tp hcm,,,,chung cư moonlight residences số 102 đặng văn bi phường bình thọ quận thủ đức tp hcm
1214,"51 / 1 nguyễn văn giáp , phường bình trưng đông , quận 2",,,,,,,,,51 1 nguyễn văn giáp phường bình trưng đông quận 2,,,,51 1 nguyễn văn giáp phường bình trưng đông quận 2
1215,"tòa nhà vincom center , 72 lê thánh tôn , quận 1",,,,,,,,,tòa nhà vincom center 72 lê thánh tôn quận 1,,,,tòa nhà vincom center 72 lê thánh tôn quận 1
1216,362 phố huế,,,,,,,,,362 phố huế,,,,362 phố huế
1217,"ngõ ngọc thụy , long biên , hn",,,,,,,,,ngõ ngọc thụy long biên hn,,,,ngõ ngọc thụy long biên hn
1218,"ngọc thụy , long biên hà nội",,,,,,,,,ngọc thụy long biên hà nội,,,,ngọc thụy long biên hà nội
1219,"ngõ 63 , phường phú đô , nam từ liêm , hn",,,,,,,,,ngõ 63 phường phú đô nam từ liêm hn,,,,ngõ 63 phường phú đô nam từ liêm hn
1220,số 130 nguyễn đức cảnh phường tân mai quận hoàng mai hà nội,,,,,,,,,số 130 nguyễn đức cảnh phường tân mai quận hoàng mai hà nội,,,,số 130 nguyễn đức cảnh phường tân mai quận hoàng mai hà nội
1221,mặt đường 70,,,,,,,,,mặt đường 70,,,,mặt đường 70
1222,"tòa ct 2 , dự án hateco apollo",,,,,,,,,tòa ct 2 dự án hateco apollo,,,,tòa ct 2 dự án hateco apollo
1223,citi soho,,,,,,,,,citi soho,,,,citi soho
1224,"128 đường 17 , phường tân kiểng , q7",,,,,,,,,128 đường 17 phường tân kiểng q7,,,,128 đường 17 phường tân kiểng q7
1225,chung cư idico tân phú,,,,,,,,,chung cư idico tân phú,,,,chung cư idico tân phú
1226,"số 25 thọ tháp , cầu giấy , hà nội",,,,,,,,,số 25 thọ tháp cầu giấy hà nội,,,,số 25 thọ tháp cầu giấy hà nội
1227,"45 , ngõ 29 , phố võng thị , quận tây hồ , tp hà nội",,,,,,,,,45 ngõ 29 phố võng thị quận tây hồ tp hà nội,,,,45 ngõ 29 phố võng thị quận tây hồ tp hà nội
1228,mặt phố tôn đức thắng,,,,,,,,,mặt phố tôn đức thắng,,,,mặt phố tôn đức thắng
1229,đường lê tấn bê,,,,,,,,,đường lê tấn bê,,,,đường lê tấn bê
1230,dự án lê thành an lạc,,,,,,,,,dự án lê thành an lạc,,,,dự án lê thành an lạc
1231,"khu vực quận 10 , phường 14 , đường lý thường kiệt",,,,,,,,,khu vực quận 10 phường 14 đường lý thường kiệt,,,,khu vực quận 10 phường 14 đường lý thường kiệt
1232,số 202 / 6 / 37,,,,,,,,,số 202 6 37,,,,số 202 6 37
1233,cụm cn thanh oai - hà đông,,,,,,,,,cụm cn thanh oai hà đông,,,,cụm cn thanh oai hà đông
1234,"cụm cn thanh oai , hà nội",,,,,,,,,cụm cn thanh oai hà nội,,,,cụm cn thanh oai hà nội
1235,"ngã 3 mặt phố trung kính , yên hòa , cầu giấy",,,,,,,,,ngã 3 mặt phố trung kính yên hòa cầu giấy,,,,ngã 3 mặt phố trung kính yên hòa cầu giấy
1236,"879 đường hoàng sa , p9 , q3 , tp hcm",,,,,,,,,879 đường hoàng sa p9 q3 tp hcm,,,,879 đường hoàng sa p9 q3 tp hcm
1237,chung cư imperial place bình tân,,,,,,,,,chung cư imperial place bình tân,,,,chung cư imperial place bình tân
1238,căn hộ hausneo,,,,,,,,,căn hộ hausneo,,,,căn hộ hausneo
1239,"đường vạn kiếp , quận bình thạnh",,,,,,,,,đường vạn kiếp quận bình thạnh,,,,đường vạn kiếp quận bình thạnh
1240,"mt đường vạn kiếp , q . bình thạnh",,,,,,,,,mt đường vạn kiếp q bình thạnh,,,,mt đường vạn kiếp q bình thạnh
1241,"số nhà 111 , phố đức giang ( tổ 17 - thượng thanh - long biên - hà nội",,,,,,,,,số nhà 111 phố đức giang tổ 17 thượng thanh long biên hà nội,,,,số nhà 111 phố đức giang tổ 17 thượng thanh long biên hà nội
1242,52 ngọc lâm,,,,,,,,,52 ngọc lâm,,,,52 ngọc lâm
1243,toyota - tôn thất thuyết - mỹ đình 2 - từ liêm - hà nội,,,,,,,,,toyota tôn thất thuyết mỹ đình 2 từ liêm hà nội,,,,toyota tôn thất thuyết mỹ đình 2 từ liêm hà nội
1244,toyota tôn thất thuyết,,,,,,,,,toyota tôn thất thuyết,,,,toyota tôn thất thuyết
1245,toyota tôn thất thuyết và những tòa nhà khác tại hà nội,,,,,,,,,toyota tôn thất thuyết và những tòa nhà khác tại hà nội,,,,toyota tôn thất thuyết và những tòa nhà khác tại hà nội
1246,tân hoàng minh - quảng an,,,,,,,,,tân hoàng minh quảng an,,,,tân hoàng minh quảng an
1247,chung cư flc complex 36 phạm hùng,,,,,,,,,chung cư flc complex 36 phạm hùng,,,,chung cư flc complex 36 phạm hùng
1248,"số 69 nguyễn thị thập , phường tân phú , quận 7",,,,,,,,,số 69 nguyễn thị thập phường tân phú quận 7,,,,số 69 nguyễn thị thập phường tân phú quận 7
1249,mặt phố đê la thành ( la thành to ),,,,,,,,,mặt phố đê la thành la thành to,,,,mặt phố đê la thành la thành to
1250,nguyễn tuân - thanh xuân,,,,,,,,,nguyễn tuân thanh xuân,,,,nguyễn tuân thanh xuân
1251,"thị trấn yên mỹ , hưng yên",,,,,,,,,thị trấn yên mỹ,,,Hưng Yên,"thị trấn yên mỹ, Hưng Yên"
1252,khu biệt thự vườn đào,,,,,,,,,khu biệt thự vườn đào,,,,khu biệt thự vườn đào
1253,sari town,,,,,,,,,sari town,,,,sari town
1254,"đường nguyễn hoàng đoạn giao nguyễn văn linh , đà nẵng",,,,,,,,,đường nguyễn hoàng đoạn giao nguyễn văn linh,,,Đà Nẵng,"đường nguyễn hoàng đoạn giao nguyễn văn linh, Đà Nẵng"
1255,184 nguyễn hoàng liên hệ,,,,,,,,,184 nguyễn hoàng liên hệ,,,,184 nguyễn hoàng liên hệ
1256,km 15 đại lộ thăng long,,,,,,,,,km 15 đại lộ thăng long,,,,km 15 đại lộ thăng long
1257,trương công định quận tân bình tiện,,,,,,,,,trương công định quận tân bình tiện,,,,trương công định quận tân bình tiện
1258,đường trương công định p . 14 q . tân bình,,,,,,,,,đường trương công định p 14 q tân bình,,,,đường trương công định p 14 q tân bình
1259,"220 trương công định , phường 14 , quận tân bình",,,,,,,,,220 trương công định phường 14 quận tân bình,,,,220 trương công định phường 14 quận tân bình
1260,số nhà 18 ngách 79 / 143 phố nguyễn chính - quận hoàng mai hà nội,,,,,,,,,số nhà 18 ngách 79 143 phố nguyễn chính quận hoàng mai hà nội,,,,số nhà 18 ngách 79 143 phố nguyễn chính quận hoàng mai hà nội
1261,"lk 10 , dãy no . 01 , đất dịch vụ cây quýt , kđt văn khê , hđ , hn",,,,,,,,,lk 10 dãy no 01 đất dịch vụ cây quýt kđt văn khê hđ hn,,,,lk 10 dãy no 01 đất dịch vụ cây quýt kđt văn khê hđ hn
1262,dv cây quýt,,,,,,,,,dv cây quýt,,,,dv cây quýt
1263,"tòa ct 5c - kđt văn khê , hà đông , hà nội",,,,,,,,,tòa ct 5c kđt văn khê hà đông hà nội,,,,tòa ct 5c kđt văn khê hà đông hà nội
1264,sunrise city khu central,,,,,,,,,sunrise city khu central,,,,sunrise city khu central
1265,khu trung sơn,,,,,,,,,khu trung sơn,,,,khu trung sơn
1266,"hoàng anh thanh bình , đường d4 , khu him lam , phường tân hưng , quận 7",,,,,,,,,hoàng anh thanh bình đường d4 khu him lam phường tân hưng quận 7,,,,hoàng anh thanh bình đường d4 khu him lam phường tân hưng quận 7
1267,"340 / lê văn quới , bhh a , bình tân , tp . hcm",,,,,,,,,340 lê văn quới bhh a bình tân tp hcm,,,,340 lê văn quới bhh a bình tân tp hcm
1268,"5 / 49 / 3 nơ trang long , p . 7 , q . bình thạnh , tp . hcm",,,,,,,,,5 49 3 nơ trang long p 7 q bình thạnh tp hcm,,,,5 49 3 nơ trang long p 7 q bình thạnh tp hcm
1269,"165 tân sơn , p15 , tân bình , hcm",,,,,,,,,165 tân sơn p15 tân bình hcm,,,,165 tân sơn p15 tân bình hcm
1270,"189 hàng bông , hoàn kiếm , hn",,,,,,,,,189 hàng bông hoàn kiếm hn,,,,189 hàng bông hoàn kiếm hn
1271,him lam riverside quận 7,,,,,,,,,him lam riverside quận 7,,,,him lam riverside quận 7
1272,đường lạc long quân p10 q11,,,,,,,,,đường lạc long quân p10 q11,,,,đường lạc long quân p10 q11
1273,"số 20 / 1b đường võ văn hát , phường long trường , quận 9",,,,,,,,,số 20 1b đường võ văn hát phường long trường quận 9,,,,số 20 1b đường võ văn hát phường long trường quận 9
1274,"chung cư eurowindown , chân cầu đông trù , đông hội , huyện đông anh , hà nội",,,,,,,,,chung cư eurowindown chân cầu đông trù đông hội huyện đông anh hà nội,,,,chung cư eurowindown chân cầu đông trù đông hội huyện đông anh hà nội
1275,chung cư cao cấp goldmark city 136 đường hồ tùng mậu,,,,,,,,,chung cư cao cấp goldmark city 136 đường hồ tùng mậu,,,,chung cư cao cấp goldmark city 136 đường hồ tùng mậu
1276,khu đất công nghiệp alpha,,,,,,,,,khu đất công nghiệp alpha,,,,khu đất công nghiệp alpha
1277,"số 86 dịch vọng hậu , cầu giấy , hà nội",,,,,,,,,số 86 dịch vọng hậu cầu giấy hà nội,,,,số 86 dịch vọng hậu cầu giấy hà nội
1278,"ngõ 67 đỗ quang , trung hòa , cầu giấy , hà nội",,,,,,,,,ngõ 67 đỗ quang trung hòa cầu giấy hà nội,,,,ngõ 67 đỗ quang trung hòa cầu giấy hà nội
1279,ngõ 67,,,,,,,,,ngõ 67,,,,ngõ 67
1280,"the ascent , thảo điền",,,,,,,,,the ascent thảo điền,,,,the ascent thảo điền
1281,tòa nhà 90 nguyễn đình chiểu,,,,,,,,,tòa nhà 90 nguyễn đình chiểu,,,,tòa nhà 90 nguyễn đình chiểu
1282,ngõ 155 đặng tiến đông,,,,,,,,,ngõ 155 đặng tiến đông,,,,ngõ 155 đặng tiến đông
1283,"quận bình thạnh , đường phan văn trị , phường 11",,,,,,,,,quận bình thạnh đường phan văn trị phường 11,,,,quận bình thạnh đường phan văn trị phường 11
1284,"hẻm 354 đường phan văn trị , phường 11 , quận bình thạnh",,,,,,,,,hẻm 354 đường phan văn trị phường 11 quận bình thạnh,,,,hẻm 354 đường phan văn trị phường 11 quận bình thạnh
1285,"hẻm 435 phạm văn đồng , phường 11 , quận bình thạnh",,,,,,,,,hẻm 435 phạm văn đồng phường 11 quận bình thạnh,,,,hẻm 435 phạm văn đồng phường 11 quận bình thạnh
1286,"nguyễn đình chính , p . 8",,,,,,,,,nguyễn đình chính p 8,,,,nguyễn đình chính p 8
1287,phùng chí kiên - hoàng quốc việt,,,,,,,,,phùng chí kiên hoàng quốc việt,,,,phùng chí kiên hoàng quốc việt
1288,chung cư ct 1 - vĩnh điềm trung,,,,,,,,,chung cư ct 1 vĩnh điềm trung,,,,chung cư ct 1 vĩnh điềm trung
1289,"phố hai bà trưng , quận hoàn kiếm , hà nội",,,,,,,,,phố hai bà trưng quận hoàn kiếm hà nội,,,,phố hai bà trưng quận hoàn kiếm hà nội
1290,39c hai bà trưng,,,,,,,,,39c hai bà trưng,,,,39c hai bà trưng
1291,chung cư cao cấp dự án novaland - sân bay tân sơn nhất,,,,,,,,,chung cư cao cấp dự án novaland sân bay tân sơn nhất,,,,chung cư cao cấp dự án novaland sân bay tân sơn nhất
1292,"hoàng anh river view , quận 2",,,,,,,,,hoàng anh river view quận 2,,,,hoàng anh river view quận 2
1293,"chung cư home city trung kính , quận cầu giấy",,,,,,,,,chung cư home city trung kính quận cầu giấy,,,,chung cư home city trung kính quận cầu giấy
1294,v303 tòa v3,,,,,,,,,v303 tòa v3,,,,v303 tòa v3
1295,nhà chung cư b11d nam trung yên,,,,,,,,,nhà chung cư b11d nam trung yên,,,,nhà chung cư b11d nam trung yên
1296,"tam bình , gò dưa , thủ đức",,,,,,,,,tam bình gò dưa thủ đức,,,,tam bình gò dưa thủ đức
1297,chung cư vinhomes quận 9,,,,,,,,,chung cư vinhomes quận 9,,,,chung cư vinhomes quận 9
1298,đường hồng hà,,,,,,,,,đường hồng hà,,,,đường hồng hà
1299,số nhà 531 xuân đỉnh,,,,,,,,,số nhà 531 xuân đỉnh,,,,số nhà 531 xuân đỉnh
1300,"08 hoàng minh giám , phường 9 , quận phú nhuận , tp . hcm",,,,,,,,,08 hoàng minh giám phường 9 quận phú nhuận tp hcm,,,,08 hoàng minh giám phường 9 quận phú nhuận tp hcm
1301,"đường nguyễn bỉnh khiêm , phường đakao , quận 1 , thành phố hồ chí minh",,,,,,,,,đường nguyễn bỉnh khiêm phường đakao  thành phố,, Quận 1,Hồ Chí Minh,"đường nguyễn bỉnh khiêm phường đakao  thành phố,  Quận 1, Hồ Chí Minh"
1302,"1489 nguyễn văn linh , p . tân phong , q . 7 , tp . hcm",,,,,,,,,1489 nguyễn văn linh p tân phong q 7 tp hcm,,,,1489 nguyễn văn linh p tân phong q 7 tp hcm
1303,"sohude tower nguyễn hữu cảnh , bình thạnh",,,,,,,,,sohude tower nguyễn hữu cảnh bình thạnh,,,,sohude tower nguyễn hữu cảnh bình thạnh
1304,đường lê minh nhựt,,,,,,,,,đường lê minh nhựt,,,,đường lê minh nhựt
1305,chung cư phan xích long,,,,,,,,,chung cư phan xích long,,,,chung cư phan xích long
1306,khu phan xích long,,,,,,,,,khu phan xích long,,,,khu phan xích long
1307,số 45a giảng võ,,,,,,,,,số 45a giảng võ,,,,số 45a giảng võ
1308,"tt 3d . 73 khu đô thị phùng khoang , đường đôi ngõ 19 phố tố hữu",,,,,,,,,tt 3d 73 khu đô thị phùng khoang đường đôi ngõ 19 phố tố hữu,,,,tt 3d 73 khu đô thị phùng khoang đường đôi ngõ 19 phố tố hữu
1309,lô 1265 đường xô viết nghệ tĩnh - phường hòa cường nam - quận hải châu - tp . đà nẵng,,,,,,,,,lô 1265 đường xô viết nghệ tĩnh   tp,Phường Hòa Cường Nam,Quận Hải Châu,Đà Nẵng,"lô 1265 đường xô viết nghệ tĩnh   tp, Phường Hòa Cường Nam, Quận Hải Châu, Đà Nẵng"
1310,"1b điện biên phủ , p . 25 , q . bình thạnh",,,,,,,,,1b  phủ p 25 q bình thạnh,,,Điện Biên,"1b  phủ p 25 q bình thạnh, Điện Biên"
1311,"đường lê trọng tấn , thanh xuân",,,,,,,,,đường lê trọng tấn thanh xuân,,,,đường lê trọng tấn thanh xuân
1312,"số 8 , ngõ 268 , đường lê trọng tấn , thanh xuân",,,,,,,,,số 8 ngõ 268 đường lê trọng tấn thanh xuân,,,,số 8 ngõ 268 đường lê trọng tấn thanh xuân
1313,"chung cư phúc thịnh , phường 1 , quận 5",,,,,,,,,chung cư phúc thịnh phường 1 quận 5,,,,chung cư phúc thịnh phường 1 quận 5
1314,"đường tân thuận nam , p . phú thuận , q7",,,,,,,,,đường tân thuận nam p phú thuận q7,,,,đường tân thuận nam p phú thuận q7
1315,89 hàm nghi,,,,,,,,,89 hàm nghi,,,,89 hàm nghi
1316,khu vip nguyễn oanh,,,,,,,,,khu vip nguyễn oanh,,,,khu vip nguyễn oanh
1317,ngõ 235 nguyễn trãi,,,,,,,,,ngõ 235 nguyễn trãi,,,,ngõ 235 nguyễn trãi
1318,"số 36a nguyễn lâm , p9 , q10",,,,,,,,,số 36a nguyễn lâm p9 q10,,,,số 36a nguyễn lâm p9 q10
1319,"57 / 22 / 53 ngõ 68 , cầu giấy",,,,,,,,,57 22 53 ngõ 68 cầu giấy,,,,57 22 53 ngõ 68 cầu giấy
1320,"khu tập thể số 4 hoàng diệu , ba đình , hà nội",,,,,,,,,khu tập thể số 4 hoàng diệu ba đình hà nội,,,,khu tập thể số 4 hoàng diệu ba đình hà nội
1321,27b nguyễn hữu huân,,,,,,,,,27b nguyễn hữu huân,,,,27b nguyễn hữu huân
1322,grand riverside quận 4,,,,,,,,,grand riverside quận 4,,,,grand riverside quận 4
1323,quận 4,,,,,,,,,quận 4,,,,quận 4
1324,iph,,,,,,,,,iph,,,,iph
1325,số 184 phố kim mã ba đình hà nội,,,,,,,,,số 184 phố kim mã ba đình hà nội,,,,số 184 phố kim mã ba đình hà nội
1326,"36 hoàng cầu , phường ô chợ dừa , quận đống đa , hà nội",,,,,,,,,36 hoàng cầu phường ô chợ dừa quận đống đa hà nội,,,,36 hoàng cầu phường ô chợ dừa quận đống đa hà nội
1327,"mặt đường trịnh văn bô ( sát cầu vượt xuân phương ) , quận nam từ liêm , hà nội",,,,,,,,,mặt đường trịnh văn bô sát cầu vượt xuân phương quận nam từ liêm hà nội,,,,mặt đường trịnh văn bô sát cầu vượt xuân phương quận nam từ liêm hà nội
1328,"cao ốc bmc , 422 võ văn kiệt , p . cô giang , quận 1 , tp . hcm",,,,,,,,,cao ốc bmc 422 võ văn kiệt p cô giang quận 1 tp hcm,,,,cao ốc bmc 422 võ văn kiệt p cô giang quận 1 tp hcm
1329,hoàng sa & nguyễn đình chiểu quận 1,,,,,,,,,hoàng sa nguyễn đình chiểu quận 1,,,,hoàng sa nguyễn đình chiểu quận 1
1330,ciputra penthouse,,,,,,,,,ciputra penthouse,,,,ciputra penthouse
1331,khu đô thị lakeview city,,,,,,,,,khu đô thị lakeview city,,,,khu đô thị lakeview city
1332,"mặt tiền đường cống lở , phường 15 , quận tân bình , tphcm",,,,,,,,,mặt tiền đường cống lở phường 15 quận tân bình tphcm,,,,mặt tiền đường cống lở phường 15 quận tân bình tphcm
1333,phú diễn,,,,,,,,,phú diễn,,,,phú diễn
1334,455 ngõ 68 phú diễn,,,,,,,,,455 ngõ 68 phú diễn,,,,455 ngõ 68 phú diễn
1335,"số nhà b1 tại khu nhà ở cao cấp phú nhuận , 243a nguyễn thượng hiền , phường 6 , quận bình thạnh",,,,,,,,,số nhà b1 tại khu nhà ở cao cấp phú nhuận 243a nguyễn thượng hiền phường 6 quận bình thạnh,,,,số nhà b1 tại khu nhà ở cao cấp phú nhuận 243a nguyễn thượng hiền phường 6 quận bình thạnh
1336,"the prince residence , đường nguyễn văn trỗi , q . phú nhuận",,,,,,,,,the prince residence đường nguyễn văn trỗi q phú nhuận,,,,the prince residence đường nguyễn văn trỗi q phú nhuận
1337,đất cuốc,,,,,,,,,đất cuốc,,,,đất cuốc
1338,18t2 - kđt trung hòa nhân chính - lê văn lương - thanh xuân,,,,,,,,,18t2 kđt trung hòa nhân chính lê văn lương thanh xuân,,,,18t2 kđt trung hòa nhân chính lê văn lương thanh xuân
1339,"số 841 lũy bán bích , p . tân thành , q . tân phú",,,,,,,,,số 841 lũy bán bích p tân thành q tân phú,,,,số 841 lũy bán bích p tân thành q tân phú
1340,68 trần thái tông - cầu giấy,,,,,,,,,68 trần thái tông cầu giấy,,,,68 trần thái tông cầu giấy
1341,68 trần thái tông,,,,,,,,,68 trần thái tông,,,,68 trần thái tông
1342,đường tôn thất thuyết - dịch vọng hậu,,,,,,,,,đường tôn thất thuyết dịch vọng hậu,,,,đường tôn thất thuyết dịch vọng hậu
1343,"dự án sài gòn avenue , q . thủ đức",,,,,,,,,dự án sài gòn avenue q thủ đức,,,,dự án sài gòn avenue q thủ đức
1344,"léman luxury apartments - số 117 nguyễn đình chiểu , phường 6 , quận 3 , hcm",,,,,,,,,léman luxury apartments số 117 nguyễn đình chiểu phường 6 quận 3 hcm,,,,léman luxury apartments số 117 nguyễn đình chiểu phường 6 quận 3 hcm
1345,"mặt đường nguyễn văn trác , yên nghĩa , hà đông",,,,,,,,,mặt đường nguyễn văn trác yên nghĩa hà đông,,,,mặt đường nguyễn văn trác yên nghĩa hà đông
1346,nhà số 211 phan xích long,,,,,,,,,nhà số 211 phan xích long,,,,nhà số 211 phan xích long
1347,green valley,,,,,,,,,green valley,,,,green valley
1348,q . tân bình,,,,,,,,,q tân bình,,,,q tân bình
1349,"mặt tiền 802b âu cơ , phường 14 , quận tân bình",,,,,,,,,mặt tiền 802b âu cơ phường 14 quận tân bình,,,,mặt tiền 802b âu cơ phường 14 quận tân bình
1350,tòa s1 . 12,,,,,,,,,tòa s1 12,,,,tòa s1 12
1351,"số b15 đường 699 lạc long quân , q tây hồ",,,,,,,,,số b15 đường 699 lạc long quân q tây hồ,,,,số b15 đường 699 lạc long quân q tây hồ
1352,mặt phố chính đại mỗ,,,,,,,,,mặt phố chính đại mỗ,,,,mặt phố chính đại mỗ
1353,dự án tropic garden,,,,,,,,,dự án tropic garden,,,,dự án tropic garden
1354,"chung cư oriental plaza , đc 685 âu cơ , q tân phú",,,,,,,,,chung cư oriental plaza đc 685 âu cơ q tân phú,,,,chung cư oriental plaza đc 685 âu cơ q tân phú
1355,"chung cư 6 th element , tây hồ",,,,,,,,,chung cư 6 th element tây hồ,,,,chung cư 6 th element tây hồ
1356,"hẻm 10m ,",,,,,,,,,hẻm 10m,,,,hẻm 10m
1357,"68 / 10d trần quang khải , p . tân định q1",,,,,,,,,68 10d trần quang khải p tân định q1,,,,68 10d trần quang khải p tân định q1
1358,mặt tiền đường dh 436,,,,,,,,,mặt tiền đường dh 436,,,,mặt tiền đường dh 436
1359,"phường 3 , quận 3",,,,,,,,,phường 3 quận 3,,,,phường 3 quận 3
1360,"mặt đường 40 kim giang , thanh xuân",,,,,,,,,mặt đường 40 kim giang thanh xuân,,,,mặt đường 40 kim giang thanh xuân
1361,dự án masteri an phú nội thất,,,,,,,,,dự án masteri an phú nội thất,,,,dự án masteri an phú nội thất
1362,"413b lê quang định , phường 5 , quận bình thạnh",,,,,,,,,413b lê quang định phường 5 quận bình thạnh,,,,413b lê quang định phường 5 quận bình thạnh
1363,"389 / 26 / 8 quốc lộ 13 , p . hiệp bình phước , q . thủ đức",,,,,,,,,389 26 8 quốc lộ 13 p hiệp  q thủ đức,,,Bình Phước,"389 26 8 quốc lộ 13 p hiệp  q thủ đức, Bình Phước"
1364,hạ long,,,,,,,,,hạ long,,,,hạ long
1365,"kcn tân tạo , tp . hcm",,,,,,,,,kcn tân tạo tp hcm,,,,kcn tân tạo tp hcm
1366,"kcn tân tạo , p . tân tạo , q . bình tân",,,,,,,,,kcn tân tạo p tân tạo q bình tân,,,,kcn tân tạo p tân tạo q bình tân
1367,"212 phan chu trinh , p . 2 , tp . vũng tàu",,,,,,,,,212 phan chu trinh p 2 tp vũng tàu,,,,212 phan chu trinh p 2 tp vũng tàu
1368,tòa d chung cư imperia 143 nguyễn tuân,,,,,,,,,tòa d chung cư imperia 143 nguyễn tuân,,,,tòa d chung cư imperia 143 nguyễn tuân
1369,"220a - c nguyễn đình chiểu , p . 6 , quận 3",,,,,,,,,220a c nguyễn đình chiểu p 6 quận 3,,,,220a c nguyễn đình chiểu p 6 quận 3
1370,"37 phan đình phùng , ba đình , hn",,,,,,,,,37 phan đình phùng ba đình hn,,,,37 phan đình phùng ba đình hn
1371,trung tâm quận 10,,,,,,,,,trung tâm quận 10,,,,trung tâm quận 10
1372,đường thành thái,,,,,,,,,đường thành thái,,,,đường thành thái
1373,"163 / 26 thành thái , p14 , q10",,,,,,,,,163 26 thành thái p14 q10,,,,163 26 thành thái p14 q10
1374,"clb lan anh , tòa nhà viettel",,,,,,,,,clb lan anh tòa nhà viettel,,,,clb lan anh tòa nhà viettel
1375,"377 / 1 cmt 8 , p12 , q10 , hcm",,,,,,,,,377 1 cmt 8 p12 q10 hcm,,,,377 1 cmt 8 p12 q10 hcm
1376,tòa s2,,,,,,,,,tòa s2,,,,tòa s2
1377,"chung cư sky 9 phú hữu , quận 9",,,,,,,,,chung cư sky 9 phú hữu quận 9,,,,chung cư sky 9 phú hữu quận 9
1378,số 7 vọng đức,,,,,,,,,số 7 vọng đức,,,,số 7 vọng đức
1379,phố mai hắc đế,,,,,,,,,phố mai hắc đế,,,,phố mai hắc đế
1380,"169 nguyễn văn lượng , p . 10 , gv",,,,,,,,,169 nguyễn văn lượng p 10 gv,,,,169 nguyễn văn lượng p 10 gv
1381,khu phân lô phố vũ phạm hàm - trung hòa - cầu giấy - hà nội,,,,,,,,,khu phân lô phố vũ phạm hàm trung hòa cầu giấy hà nội,,,,khu phân lô phố vũ phạm hàm trung hòa cầu giấy hà nội
1382,"356 thoại ngọc hầu , tân phú , tp . hcm",,,,,,,,,356 thoại ngọc hầu tân phú tp hcm,,,,356 thoại ngọc hầu tân phú tp hcm
1383,richmond,,,,,,,,,richmond,,,,richmond
1384,16 thái hà - trung liệt - đống đa,,,,,,,,,16 thái hà trung liệt đống đa,,,,16 thái hà trung liệt đống đa
1385,"moonlight đặng văn bi , thủ đức",,,,,,,,,moonlight đặng văn bi thủ đức,,,,moonlight đặng văn bi thủ đức
1386,khu đô thị văn khê hà đông,,,,,,,,,khu đô thị văn khê hà đông,,,,khu đô thị văn khê hà đông
1387,"richmond city , 207 nguyễn xí , p . 26 , q . bình thạnh",,,,,,,,,richmond city 207 nguyễn xí p 26 q bình thạnh,,,,richmond city 207 nguyễn xí p 26 q bình thạnh
1388,vp chung cư học viện quốc phòng đường nguyễn văn huyên,,,,,,,,,vp chung cư học viện quốc phòng đường nguyễn văn huyên,,,,vp chung cư học viện quốc phòng đường nguyễn văn huyên
1389,cầu giấy,,,,,,,,,cầu giấy,,,,cầu giấy
1390,đường nguyễn chí thanh,,,,,,,,,đường nguyễn chí thanh,,,,đường nguyễn chí thanh
1391,72 c2,,,,,,,,,72 c2,,,,72 c2
1392,đường dương hiến quyền,,,,,,,,,đường dương hiến quyền,,,,đường dương hiến quyền
1393,"nhà số 3 lk 9 khu simco sông đà - vạn phúc , hà nội",,,,,,,,,nhà số 3 lk 9 khu simco sông đà vạn phúc hà nội,,,,nhà số 3 lk 9 khu simco sông đà vạn phúc hà nội
1394,"palm height , phường an phú quận 2",,,,,,,,,palm height phường an phú quận 2,,,,palm height phường an phú quận 2
1395,"đường 78 duy tân , cầu giấy , hà nội",,,,,,,,,đường 78 duy tân cầu giấy hà nội,,,,đường 78 duy tân cầu giấy hà nội
1396,71 nguyễn chí thanh,,,,,,,,,71 nguyễn chí thanh,,,,71 nguyễn chí thanh
1397,"đường đỗ xuân hợp , phường phước long b , q9",,,,,,,,,đường đỗ xuân hợp phường phước long b q9,,,,đường đỗ xuân hợp phường phước long b q9
1398,landmark 5,,,,,,,,,landmark 5,,,,landmark 5
1399,dự án sarina khu sala đại quang minh,,,,,,,,,dự án sarina khu sala đại quang minh,,,,dự án sarina khu sala đại quang minh
1400,"nguyễn bỉnh khiêm , phường đakao , quận 1 , thành phố hồ chí minh",,,,,,,,,nguyễn bỉnh khiêm phường đakao  thành phố,, Quận 1,Hồ Chí Minh,"nguyễn bỉnh khiêm phường đakao  thành phố,  Quận 1, Hồ Chí Minh"
1401,"bạch đằng , phường 24 , quận bình thạnh , tp hcm",,,,,,,,,bạch đằng phường 24 quận bình thạnh tp hcm,,,,bạch đằng phường 24 quận bình thạnh tp hcm
1402,phố bà triệu,,,,,,,,,phố bà triệu,,,,phố bà triệu
1403,"đường nguyễn đức thuận , p . 13 , tân bình",,,,,,,,,đường nguyễn đức thuận p 13 tân bình,,,,đường nguyễn đức thuận p 13 tân bình
1404,ch prosper plaza q12,,,,,,,,,ch prosper plaza q12,,,,ch prosper plaza q12
1405,tòa vinaconex 9,,,,,,,,,tòa vinaconex 9,,,,tòa vinaconex 9
1406,"mặt đường phạm hùng , q . nam từ liêm , hà nội",,,,,,,,,mặt đường phạm hùng q nam từ liêm hà nội,,,,mặt đường phạm hùng q nam từ liêm hà nội
1407,mặt tiền đường tô hiến thành,,,,,,,,,mặt tiền đường tô hiến thành,,,,mặt tiền đường tô hiến thành
1408,"kdc bình lợi , bình thạnh",,,,,,,,,kdc bình lợi bình thạnh,,,,kdc bình lợi bình thạnh
1409,346 - 348 - 350 đường hoàng văn thụ phường 4 quận tân bình,,,,,,,,,346 348 350 đường hoàng văn thụ phường 4 quận tân bình,,,,346 348 350 đường hoàng văn thụ phường 4 quận tân bình
1410,"1422 huỳnh tấn phát , phường phú mỹ , quận 7 , tphcm",,,,,,,,,1422 huỳnh tấn phát phường phú mỹ quận 7 tphcm,,,,1422 huỳnh tấn phát phường phú mỹ quận 7 tphcm
1411,q . bình thạnh,,,,,,,,,q bình thạnh,,,,q bình thạnh
1412,phương mai,,,,,,,,,phương mai,,,,phương mai
1413,orchard garden,,,,,,,,,orchard garden,,,,orchard garden
1414,khu cư xá ngân hàng,,,,,,,,,khu cư xá ngân hàng,,,,khu cư xá ngân hàng
1415,"89 đoàn văn bơ , p12 , q4 , hcm",,,,,,,,,89 đoàn văn bơ p12 q4 hcm,,,,89 đoàn văn bơ p12 q4 hcm
1416,"khu đô thị hd mon , nhà số 33 dãy tt 01 , ngã 4 đường hàm nghi - nguyễn cơ thạch , phường mỹ đình 2 , quận nam từ liêm , hà nội",,,,,,,,,khu đô thị hd mon nhà số 33 dãy tt 01 ngã 4 đường hàm nghi nguyễn cơ thạch phường mỹ đình 2 quận nam từ liêm hà nội,,,,khu đô thị hd mon nhà số 33 dãy tt 01 ngã 4 đường hàm nghi nguyễn cơ thạch phường mỹ đình 2 quận nam từ liêm hà nội
1417,khu hd mon,,,,,,,,,khu hd mon,,,,khu hd mon
1418,q . 10,,,,,,,,,q 10,,,,q 10
1419,"334 / 9 lý thường kiệt , p . 14 , q . 10 , tp . hcm",,,,,,,,,334 9 lý thường kiệt p 14 q 10 tp hcm,,,,334 9 lý thường kiệt p 14 q 10 tp hcm
1420,q9,,,,,,,,,q9,,,,q9
1421,"đường số 7 , khu phố ích thạnh , trường thạnh , q9 , hcm",,,,,,,,,đường số 7 khu phố ích thạnh trường thạnh q9 hcm,,,,đường số 7 khu phố ích thạnh trường thạnh q9 hcm
1422,lĩnh nam,,,,,,,,,lĩnh nam,,,,lĩnh nam
1423,"minh phụng , p . 5 , qu . 6",,,,,,,,,minh phụng p 5 qu 6,,,,minh phụng p 5 qu 6
1424,quận 6,,,,,,,,,quận 6,,,,quận 6
1425,"112 trung kính , phường trung hòa , cầu giấy , hà nội",,,,,,,,,112 trung kính phường trung hòa cầu giấy hà nội,,,,112 trung kính phường trung hòa cầu giấy hà nội
1426,"526 – 528 nguyễn văn cừ , phường gia thụy , quận long biên , thành phố hà nội",,,,,,,,,526 528 nguyễn văn cừ phường gia thụy quận long biên thành phố hà nội,,,,526 528 nguyễn văn cừ phường gia thụy quận long biên thành phố hà nội
1427,691 giải phóng,,,,,,,,,691 giải phóng,,,,691 giải phóng
1428,mặt đường giải phóng,,,,,,,,,mặt đường giải phóng,,,,mặt đường giải phóng
1429,số 86 lý phục man,,,,,,,,,số 86 lý phục man,,,,số 86 lý phục man
1430,88 láng hạ đầy đủ đồ,,,,,,,,,88 láng hạ đầy đủ đồ,,,,88 láng hạ đầy đủ đồ
1431,"mặt phố số 81 đường trường chinh , thanh xuân , hà nội",,,,,,,,,mặt phố số 81 đường trường chinh thanh xuân hà nội,,,,mặt phố số 81 đường trường chinh thanh xuân hà nội
1432,"474 nguyễn thị minh khai , phường 2 , quận 3 , tp . hcm",,,,,,,,,474 nguyễn thị minh khai phường 2 quận 3 tp hcm,,,,474 nguyễn thị minh khai phường 2 quận 3 tp hcm
1433,đường quốc lộ 3,,,,,,,,,đường quốc lộ 3,,,,đường quốc lộ 3
1434,"đường đản dị , thị trấn đông anh , huyện đông anh",,,,,,,,,đường đản dị thị trấn đông anh huyện đông anh,,,,đường đản dị thị trấn đông anh huyện đông anh
1435,"số nhà 49 , ngõ 440 đường trường chinh",,,,,,,,,số nhà 49 ngõ 440 đường trường chinh,,,,số nhà 49 ngõ 440 đường trường chinh
1436,chung cư cao cấp goldmark city,,,,,,,,,chung cư cao cấp goldmark city,,,,chung cư cao cấp goldmark city
1437,136 hồ tùng mậu,,,,,,,,,136 hồ tùng mậu,,,,136 hồ tùng mậu
1438,embassy garden tây tây hồ,,,,,,,,,embassy garden tây tây hồ,,,,embassy garden tây tây hồ
1439,khu dân cư đại phú green villas,,,,,,,,,khu dân cư đại phú green villas,,,,khu dân cư đại phú green villas
1440,mặt tiền lý thường kiệt,,,,,,,,,mặt tiền lý thường kiệt,,,,mặt tiền lý thường kiệt
1441,chung cư tại central garden - quận 1 - hồ chí minh,,,,,,,,,chung cư tại central garden,, Quận 1,Hồ Chí Minh,"chung cư tại central garden,  Quận 1, Hồ Chí Minh"
1442,central garden,,,,,,,,,central garden,,,,central garden
1443,quận 7 mini cao cấp,,,,,,,,,quận 7 mini cao cấp,,,,quận 7 mini cao cấp
1444,"1115 / 76 huỳnh tấn phát , p . phú thuận , q . 7 , tp . hồ chí minh",,,,,,,,,1115 76 huỳnh tấn phát p phú thuận q 7 tp,,,Hồ Chí Minh,"1115 76 huỳnh tấn phát p phú thuận q 7 tp, Hồ Chí Minh"
1445,chung cư cao cấp tại,,,,,,,,,chung cư cao cấp tại,,,,chung cư cao cấp tại
1446,"tòa chung cư goldmark city . đường hồ tùng mậu , bắc từ liêm , hà nội",,,,,,,,,tòa chung cư goldmark city đường hồ tùng mậu bắc từ liêm hà nội,,,,tòa chung cư goldmark city đường hồ tùng mậu bắc từ liêm hà nội
1447,off richmond,,,,,,,,,off richmond,,,,off richmond
1448,"40a bà triệu , phường hàng bài , quận hoàn kiếm , tp hà nội",,,,,,,,,40a bà triệu phường hàng bài quận hoàn kiếm tp hà nội,,,,40a bà triệu phường hàng bài quận hoàn kiếm tp hà nội
1449,"tòa p2 , kđt ciputra",,,,,,,,,tòa p2 kđt ciputra,,,,tòa p2 kđt ciputra
1450,"copac square , q4 , hcm",,,,,,,,,copac square q4 hcm,,,,copac square q4 hcm
1451,"ngõ 640 nguyễn văn cừ , long biên , hà nội",,,,,,,,,ngõ 640 nguyễn văn cừ long biên hà nội,,,,ngõ 640 nguyễn văn cừ long biên hà nội
1452,"đường bông sao , p5 , q8",,,,,,,,,đường bông sao p5 q8,,,,đường bông sao p5 q8
1453,44 yên phụ - hà nội aqua central,,,,,,,,,44 yên phụ hà nội aqua central,,,,44 yên phụ hà nội aqua central
1454,hà nội aqua central,,,,,,,,,hà nội aqua central,,,,hà nội aqua central
1455,kingston residence,,,,,,,,,kingston residence,,,,kingston residence
1456,hà đô,,,,,,,,,hà đô,,,,hà đô
1457,"220 / 18 âu cơ , p . 9 , q . tân bình , tp hcm",,,,,,,,,220 18 âu cơ p 9 q tân bình tp hcm,,,,220 18 âu cơ p 9 q tân bình tp hcm
1458,"khu long sơn , 1351 huỳnh tấn phát , p . phú thuận , q7",,,,,,,,,khu long sơn 1351 huỳnh tấn phát p phú thuận q7,,,,khu long sơn 1351 huỳnh tấn phát p phú thuận q7
1459,"lê văn khương , phường thới an , quận 12",,,,,,,,,lê văn khương phường thới an quận 12,,,,lê văn khương phường thới an quận 12
1460,mặt tiền đường lê văn khương,,,,,,,,,mặt tiền đường lê văn khương,,,,mặt tiền đường lê văn khương
1461,chung cư sunrise riverside phước kiển đường nguyễn hữu thọ huyện nhà bè,,,,,,,,,chung cư sunrise riverside phước kiển đường nguyễn hữu thọ huyện nhà bè,,,,chung cư sunrise riverside phước kiển đường nguyễn hữu thọ huyện nhà bè
1462,chung cư ecohome phúc lợi,,,,,,,,,chung cư ecohome phúc lợi,,,,chung cư ecohome phúc lợi
1463,"38 dương đức hiền , tây thạnh , tân phú",,,,,,,,,38 dương đức hiền tây thạnh tân phú,,,,38 dương đức hiền tây thạnh tân phú
1464,"dự án one verandah , thạnh mỹ lợi , q . 2",,,,,,,,,dự án one verandah thạnh mỹ lợi q 2,,,,dự án one verandah thạnh mỹ lợi q 2
1465,"địa chỉ số 47 đường xuân thủy , quận cầu giấy , thành phố hà nội",,,,,,,,,địa chỉ số 47 đường xuân thủy quận cầu giấy thành phố hà nội,,,,địa chỉ số 47 đường xuân thủy quận cầu giấy thành phố hà nội
1466,"phường 8 , quận 3",,,,,,,,,phường 8 quận 3,,,,phường 8 quận 3
1467,lotus sen hồng,,,,,,,,,lotus sen hồng,,,,lotus sen hồng
1468,"25 đường số 2 kdc khang an , p . phú hữu , quận 9 , tp . hcm giá thuê :",,,,,,,,,25 đường số 2 kdc khang an p phú hữu quận 9 tp hcm giá thuê,,,,25 đường số 2 kdc khang an p phú hữu quận 9 tp hcm giá thuê
1469,"tòa hh 1 - 90 nguyễn tuân , thanh xuân , hà nội",,,,,,,,,tòa hh 1 90 nguyễn tuân thanh xuân hà nội,,,,tòa hh 1 90 nguyễn tuân thanh xuân hà nội
1470,tòa 90 nguyễn tuân,,,,,,,,,tòa 90 nguyễn tuân,,,,tòa 90 nguyễn tuân
1471,chung cư tòa nhà petrowaco số 97 - 99 láng hạ,,,,,,,,,chung cư tòa nhà petrowaco số 97 99 láng hạ,,,,chung cư tòa nhà petrowaco số 97 99 láng hạ
1472,"số 75 / 16 đường số 48 , hiệp bình chánh , quận thủ đức",,,,,,,,,số 75 16 đường số 48 hiệp bình chánh quận thủ đức,,,,số 75 16 đường số 48 hiệp bình chánh quận thủ đức
1473,cao ốc căn hộ h2 - hoàng diệu - quận 4 - hồ chí minh,,,,,,,,,cao ốc căn hộ h2 hoàng diệu,, Quận 4,Hồ Chí Minh,"cao ốc căn hộ h2 hoàng diệu,  Quận 4, Hồ Chí Minh"
1474,"h2 , hoàng diệu , quận 4",,,,,,,,,h2 hoàng diệu quận 4,,,,h2 hoàng diệu quận 4
1475,saigon avenue,,,,,,,,,saigon avenue,,,,saigon avenue
1476,trần kế xương,,,,,,,,,trần kế xương,,,,trần kế xương
1477,quận bình thạnh,,,,,,,,,quận bình thạnh,,,,quận bình thạnh
1478,"49 mai lão bạng , p . 13 , quận tân bình",,,,,,,,,49 mai lão bạng p 13 quận tân bình,,,,49 mai lão bạng p 13 quận tân bình
1479,léman luxury,,,,,,,,,léman luxury,,,,léman luxury
1480,trung tâm q . tân phú,,,,,,,,,trung tâm q tân phú,,,,trung tâm q tân phú
1481,"733 lũy bán bích , p . phú thọ hòa , q . tân phú",,,,,,,,,733 lũy bán bích p  hòa q tân phú,,,Phú Thọ,"733 lũy bán bích p  hòa q tân phú, Phú Thọ"
1482,quận tân phú,,,,,,,,,quận tân phú,,,,quận tân phú
1483,ngõ 196 phố cầu giấy,,,,,,,,,ngõ 196 phố cầu giấy,,,,ngõ 196 phố cầu giấy
1484,"số 20 ngõ 196 đường cầu giấy , phường quan hoa - quận cầu giấy",,,,,,,,,số 20 ngõ 196 đường cầu giấy phường quan hoa quận cầu giấy,,,,số 20 ngõ 196 đường cầu giấy phường quan hoa quận cầu giấy
1485,"71 / 1 nguyễn văn thương ( d1 cũ ) , p25 , q . bình thạnh",,,,,,,,,71 1 nguyễn văn thương d1 cũ p25 q bình thạnh,,,,71 1 nguyễn văn thương d1 cũ p25 q bình thạnh
1486,"71 / 1 nguyen van thuong st . , binh thanh district , hcmc",,,,,,,,,71 1 nguyen van thuong st binh thanh district hcmc,,,,71 1 nguyen van thuong st binh thanh district hcmc
1487,"số 512 / 10 đường trường chinh , p13 , tân bình",,,,,,,,,số 512 10 đường trường chinh p13 tân bình,,,,số 512 10 đường trường chinh p13 tân bình
1488,"địa chỉ đường đình thôn , phường mỹ đình 1 , quận nam từ liêm , thành phố hà nội",,,,,,,,,địa chỉ đường đình thôn phường mỹ đình 1 quận nam từ liêm thành phố hà nội,,,,địa chỉ đường đình thôn phường mỹ đình 1 quận nam từ liêm thành phố hà nội
1489,"số 380 - 382 nguyễn an ninh , phường 8 , tp vũng tàu",,,,,,,,,số 380 382 nguyễn an ninh phường 8 tp vũng tàu,,,,số 380 382 nguyễn an ninh phường 8 tp vũng tàu
1490,mặt tiền đường nguyễn an ninh,,,,,,,,,mặt tiền đường nguyễn an ninh,,,,mặt tiền đường nguyễn an ninh
1491,city tower chung cư tại citadines bình dương - thành phố thuận an - bình dương,,,,,,,,,city tower chung cư tại citadines  thành phố thuận an,,,Bình Dương,"city tower chung cư tại citadines  thành phố thuận an, Bình Dương"
1492,chung cư tại citadine bình dương - huyện thuận an - bình dương,,,,,,,,,chung cư tại citadine,,Huyện Thuận An,Bình Dương,"chung cư tại citadine, Huyện Thuận An, Bình Dương"
1493,mặt tiền đại lộ bình dương,,,,,,,,,mặt tiền đại lộ,,,Bình Dương,"mặt tiền đại lộ, Bình Dương"
1494,q12,,,,,,,,,q12,,,,q12
1495,"114 / 2a nguyễn thị đặng , tân thới hiệp , q12",,,,,,,,,114 2a nguyễn thị đặng tân thới hiệp q12,,,,114 2a nguyễn thị đặng tân thới hiệp q12
1496,quận 12,,,,,,,,,quận 12,,,,quận 12
1497,đông anh - hà nội,,,,,,,,,đông anh hà nội,,,,đông anh hà nội
1498,"botanica premier - novaland 108 hồng hà , p2 , quận tân bình",,,,,,,,,botanica premier novaland 108 hồng hà p2 quận tân bình,,,,botanica premier novaland 108 hồng hà p2 quận tân bình
1499,chung cư botanica premier,,,,,,,,,chung cư botanica premier,,,,chung cư botanica premier
1500,"mặt phố trần thái tông , cầu giấy , hà nội",,,,,,,,,mặt phố trần thái tông cầu giấy hà nội,,,,mặt phố trần thái tông cầu giấy hà nội
1501,"68 mặt phố trần thái tông , cầu giấy , hà nội",,,,,,,,,68 mặt phố trần thái tông cầu giấy hà nội,,,,68 mặt phố trần thái tông cầu giấy hà nội
1502,green field,,,,,,,,,green field,,,,green field
1503,"686 xô viết nghệ tĩnh , phường 25 , q . bình thạnh , tp . hcm",,,,,,,,,686 xô viết nghệ tĩnh phường 25 q bình thạnh tp hcm,,,,686 xô viết nghệ tĩnh phường 25 q bình thạnh tp hcm
1504,hado centrosa quận 10,,,,,,,,,hado centrosa quận 10,,,,hado centrosa quận 10
1505,hado centrosa,,,,,,,,,hado centrosa,,,,hado centrosa
1506,"số 83 mặt tiền đường a4 , quận tân bình",,,,,,,,,số 83 mặt tiền đường a4 quận tân bình,,,,số 83 mặt tiền đường a4 quận tân bình
1507,era town đức khải,,,,,,,,,era town đức khải,,,,era town đức khải
1508,chung cư đức khải ( era town ) quận 7,,,,,,,,,chung cư đức khải era town quận 7,,,,chung cư đức khải era town quận 7
1509,mặt tiền nguyễn thị định,,,,,,,,,mặt tiền nguyễn thị định,,,,mặt tiền nguyễn thị định
1510,"đường nguyễn thị định , phường an phú , q . 2",,,,,,,,,đường nguyễn thị định phường an phú q 2,,,,đường nguyễn thị định phường an phú q 2
1511,q . tân phú,,,,,,,,,q tân phú,,,,q tân phú
1512,"60 lê vĩnh hòa , p . phú thọ hòa , q . tân phú",,,,,,,,,60 lê vĩnh hòa p  hòa q tân phú,,,Phú Thọ,"60 lê vĩnh hòa p  hòa q tân phú, Phú Thọ"
1513,"466 âu cơ , p10 , tân bình giá",,,,,,,,,466 âu cơ p10 tân bình giá,,,,466 âu cơ p10 tân bình giá
1514,"135 / 5 hòa hưng , phường 12 , quận 10",,,,,,,,,135 5 hòa hưng phường 12 quận 10,,,,135 5 hòa hưng phường 12 quận 10
1515,"766 cách mạng tháng 8 , phường 05 , quận tân bình",,,,,,,,,766 cách mạng tháng 8 phường 05 quận tân bình,,,,766 cách mạng tháng 8 phường 05 quận tân bình
1516,"mặt đường tỉnh lộ 205 - khoái châu , hưng yên",,,,,,,,,mặt đường tỉnh lộ 205 khoái châu,,,Hưng Yên,"mặt đường tỉnh lộ 205 khoái châu, Hưng Yên"
1517,bắc ninh,,,,,,,,,,,,Bắc Ninh,Bắc Ninh
1518,"523a đỗ xuân hợp , phước long b , quận 9",,,,,,,,,523a đỗ xuân hợp phước long b quận 9,,,,523a đỗ xuân hợp phước long b quận 9
1519,"the gold view , q4",,,,,,,,,the gold view q4,,,,the gold view q4
1520,"dự án the gold view , đường bến vân đồn , phường 1 , quận 4 , hồ chí minh",,,,,,,,,dự án the gold view đường bến vân đồn,Phường 1, Quận 4,Hồ Chí Minh,"dự án the gold view đường bến vân đồn, Phường 1,  Quận 4, Hồ Chí Minh"
1521,phố trương định,,,,,,,,,phố trương định,,,,phố trương định
1522,ngõ 214 hoàng mai,,,,,,,,,ngõ 214 hoàng mai,,,,ngõ 214 hoàng mai
1523,"vân hòa , ba vì , hà nội",,,,,,,,,vân hòa ba vì hà nội,,,,vân hòa ba vì hà nội
1524,"mã lò - bình trị đông a , quận bình tân",,,,,,,,,mã lò bình trị đông a quận bình tân,,,,mã lò bình trị đông a quận bình tân
1525,tân bình,,,,,,,,,tân bình,,,,tân bình
1526,chung cư quận tân bình,,,,,,,,,chung cư quận tân bình,,,,chung cư quận tân bình
1527,"mặt tiền dt 830 , xã long hiệp , huyện bến lức , long an",,,,,,,,,mặt tiền dt 830,Xã Long Hiệp,Huyện Bến Lức,Long An,"mặt tiền dt 830, Xã Long Hiệp, Huyện Bến Lức, Long An"
1528,s202 1802 vinhomes smart city,,,,,,,,,s202 1802 vinhomes smart city,,,,s202 1802 vinhomes smart city
1529,hòa thạch - quốc oai - hn,,,,,,,,,hòa thạch quốc oai hn,,,,hòa thạch quốc oai hn
1530,new life tower hạ long,,,,,,,,,new life tower hạ long,,,,new life tower hạ long
1531,"mặt đường hoàng quốc việt , khu cái dăm , bãi cháy",,,,,,,,,mặt đường hoàng quốc việt khu cái dăm bãi cháy,,,,mặt đường hoàng quốc việt khu cái dăm bãi cháy
1532,new life hạ long,,,,,,,,,new life hạ long,,,,new life hạ long
1533,huỳnh thúc kháng,,,,,,,,,huỳnh thúc kháng,,,,huỳnh thúc kháng
1534,"phố linh lang , quận đống đa",,,,,,,,,phố linh lang quận đống đa,,,,phố linh lang quận đống đa
1535,phố chùa bộc,,,,,,,,,phố chùa bộc,,,,phố chùa bộc
1536,"hẻm 115 lê văn sỹ , p13 , phú nhuận",,,,,,,,,hẻm 115 lê văn sỹ p13 phú nhuận,,,,hẻm 115 lê văn sỹ p13 phú nhuận
1537,q . gò vấp,,,,,,,,,q gò vấp,,,,q gò vấp
1538,mặt tiền đường số 1 - q . bình tân - tp . hcm,,,,,,,,,mặt tiền đường số 1 q bình tân tp hcm,,,,mặt tiền đường số 1 q bình tân tp hcm
1539,cc sunshine riverside,,,,,,,,,cc sunshine riverside,,,,cc sunshine riverside
1540,"mặt tiền thích quảng đức , p . 4 , quận phú nhuận",,,,,,,,,mặt tiền thích quảng đức p 4 quận phú nhuận,,,,mặt tiền thích quảng đức p 4 quận phú nhuận
1541,khu ruby,,,,,,,,,khu ruby,,,,khu ruby
1542,khu ruby celadon city quận tân phú,,,,,,,,,khu ruby celadon city quận tân phú,,,,khu ruby celadon city quận tân phú
1543,"đường nguyễn văn đậu , quận bình thạnh",,,,,,,,,đường nguyễn văn đậu quận bình thạnh,,,,đường nguyễn văn đậu quận bình thạnh
1544,khu emerald celadon city quận tân phú,,,,,,,,,khu emerald celadon city quận tân phú,,,,khu emerald celadon city quận tân phú
1545,trung tâm thái hòa - tân uyên - bình dương,,,,,,,,,trung tâm thái hòa tân uyên,,,Bình Dương,"trung tâm thái hòa tân uyên, Bình Dương"
1546,"5 / 45 / 7 nơ trang long , phường 7 , bình thạnh , hcm",,,,,,,,,5 45 7 nơ trang long phường 7 bình thạnh hcm,,,,5 45 7 nơ trang long phường 7 bình thạnh hcm
1547,"ngõ 295 phố bạch mai , hai bà trưng",,,,,,,,,ngõ 295 phố bạch mai hai bà trưng,,,,ngõ 295 phố bạch mai hai bà trưng
1548,ngõ 109 trường chinh,,,,,,,,,ngõ 109 trường chinh,,,,ngõ 109 trường chinh
1549,phố lĩnh nam,,,,,,,,,phố lĩnh nam,,,,phố lĩnh nam
1550,ngõ 622 minh khai,,,,,,,,,ngõ 622 minh khai,,,,ngõ 622 minh khai
1551,phố tam trinh,,,,,,,,,phố tam trinh,,,,phố tam trinh
1552,thị xã phú mỹ,,,,,,,,,thị xã phú mỹ,,,,thị xã phú mỹ
1553,ngõ 61 phùng chí kiên,,,,,,,,,ngõ 61 phùng chí kiên,,,,ngõ 61 phùng chí kiên
1554,"360 / 10 / 17 đường số 4 , phường 16 , quận gò vấp , tp hcm",,,,,,,,,360 10 17 đường số 4 phường 16 quận gò vấp tp hcm,,,,360 10 17 đường số 4 phường 16 quận gò vấp tp hcm
1555,thôn 7 phú cát,,,,,,,,,thôn 7 phú cát,,,,thôn 7 phú cát
1556,phường hiệp phú - quận 9,,,,,,,,,phường hiệp phú quận 9,,,,phường hiệp phú quận 9
1557,phường long trường quận 9,,,,,,,,,phường long trường quận 9,,,,phường long trường quận 9
1558,sunshine city quận 7,,,,,,,,,sunshine city quận 7,,,,sunshine city quận 7
1559,"an hòa , đồng nai",,,,,,,,,an hòa,,,Đồng Nai,"an hòa, Đồng Nai"
1560,an vượng villas thuộc dãy b6 khu biệt thự dương nội,,,,,,,,,an vượng villas thuộc dãy b6 khu biệt thự dương nội,,,,an vượng villas thuộc dãy b6 khu biệt thự dương nội
1561,"an vượng villa , kđt dương nội , phường la khê , quận hà đông , hà nội",,,,,,,,,an vượng villa kđt dương nội phường la khê quận hà đông hà nội,,,,an vượng villa kđt dương nội phường la khê quận hà đông hà nội
1562,khu a an vượng villa,,,,,,,,,khu a an vượng villa,,,,khu a an vượng villa
1563,chung cư scenic valley quận 7,,,,,,,,,chung cư scenic valley quận 7,,,,chung cư scenic valley quận 7
1564,chung cư star hill quận 7,,,,,,,,,chung cư star hill quận 7,,,,chung cư star hill quận 7
1565,"chung cư imperial place , an lạc , bình tân",,,,,,,,,chung cư imperial place an lạc bình tân,,,,chung cư imperial place an lạc bình tân
1566,phường tân vĩnh hiệp và tp thủ dầu một bình dương,,,,,,,,,phường tân vĩnh hiệp và tp thủ dầu một,,,Bình Dương,"phường tân vĩnh hiệp và tp thủ dầu một, Bình Dương"
1567,chung cư giai việt phường 5 quận 8,,,,,,,,,chung cư giai việt phường 5 quận 8,,,,chung cư giai việt phường 5 quận 8
1568,mặt tiền đường tạ quang bửu,,,,,,,,,mặt tiền đường tạ quang bửu,,,,mặt tiền đường tạ quang bửu
1569,phường 15 quận 8,,,,,,,,,phường 15 quận 8,,,,phường 15 quận 8
1570,"phường phước long a , - quận 9",,,,,,,,,phường phước long a quận 9,,,,phường phước long a quận 9
1571,phường phước long b - quận 9,,,,,,,,,phường phước long b quận 9,,,,phường phước long b quận 9
1572,"phố bát khối , long biên",,,,,,,,,phố bát khối long biên,,,,phố bát khối long biên
1573,phố dương văn bé,,,,,,,,,phố dương văn bé,,,,phố dương văn bé
1574,"phố tô vĩnh diễn , lô góc",,,,,,,,,phố tô vĩnh diễn lô góc,,,,phố tô vĩnh diễn lô góc
1575,"phường bình trưng tây , quận 2",,,,,,,,,phường bình trưng tây quận 2,,,,phường bình trưng tây quận 2
1576,trung tâm quận 5,,,,,,,,,trung tâm quận 5,,,,trung tâm quận 5
1577,"hà đô centrosa , tòa iris",,,,,,,,,hà đô centrosa tòa iris,,,,hà đô centrosa tòa iris
1578,"số 200 ba tháng hai - cách mạng tháng tám - cao thắng , phường 12 , quận 10",,,,,,,,,số 200 ba tháng hai cách mạng tháng tám cao thắng phường 12 quận 10,,,,số 200 ba tháng hai cách mạng tháng tám cao thắng phường 12 quận 10
1579,phường 9 quận 8,,,,,,,,,phường 9 quận 8,,,,phường 9 quận 8
1580,mặt tiền đường quận gò vấp,,,,,,,,,mặt tiền đường quận gò vấp,,,,mặt tiền đường quận gò vấp
1581,hồ ngọc lãm,,,,,,,,,hồ ngọc lãm,,,,hồ ngọc lãm
1582,cầu phạm văn chí p7 q6,,,,,,,,,cầu phạm văn chí p7 q6,,,,cầu phạm văn chí p7 q6
1583,đường hoàng quốc việt phường phú mỹ quận 7,,,,,,,,,đường hoàng quốc việt phường phú mỹ quận 7,,,,đường hoàng quốc việt phường phú mỹ quận 7
1584,phường 4 quận 3,,,,,,,,,phường 4 quận 3,,,,phường 4 quận 3
1585,đường 13,,,,,,,,,đường 13,,,,đường 13
1586,"bình hưng hòa b , bình tân",,,,,,,,,bình hưng hòa b bình tân,,,,bình hưng hòa b bình tân
1587,phố kim ngưu,,,,,,,,,phố kim ngưu,,,,phố kim ngưu
1588,ngõ 559 kim ngưu,,,,,,,,,ngõ 559 kim ngưu,,,,ngõ 559 kim ngưu
1589,"đường âu cơ , phường 9 , quận tân bình",,,,,,,,,đường âu cơ phường 9 quận tân bình,,,,đường âu cơ phường 9 quận tân bình
1590,phố giải phóng,,,,,,,,,phố giải phóng,,,,phố giải phóng
1591,ngõ 230 lạc trung,,,,,,,,,ngõ 230 lạc trung,,,,ngõ 230 lạc trung
1592,sài gòn town - quận tân phú,,,,,,,,,sài gòn town quận tân phú,,,,sài gòn town quận tân phú
1593,"mặt tiền thoại ngọc hầu , quận tân phú",,,,,,,,,mặt tiền thoại ngọc hầu quận tân phú,,,,mặt tiền thoại ngọc hầu quận tân phú
1594,khu căn hộ sài gòn town,,,,,,,,,khu căn hộ sài gòn town,,,,khu căn hộ sài gòn town
1595,đường trần hưng đạo quận 1,,,,,,,,,đường trần hưng đạo quận 1,,,,đường trần hưng đạo quận 1
1596,phường phú hữu - quận 9,,,,,,,,,phường phú hữu quận 9,,,,phường phú hữu quận 9
1597,chung cư hà đô centrosa,,,,,,,,,chung cư hà đô centrosa,,,,chung cư hà đô centrosa
1598,đường huỳnh tấn phát quận 7,,,,,,,,,đường huỳnh tấn phát quận 7,,,,đường huỳnh tấn phát quận 7
1599,phường tăng nhơn phú a - quận 9,,,,,,,,,phường tăng nhơn phú a quận 9,,,,phường tăng nhơn phú a quận 9
1600,chung cư phú thọ quận 11,,,,,,,,,chung cư  quận 11,,,Phú Thọ,"chung cư  quận 11, Phú Thọ"
1601,phường 5 quận 8,,,,,,,,,phường 5 quận 8,,,,phường 5 quận 8
1602,đường lê văn lương phường tân kiểng quận 7,,,,,,,,,đường lê văn lương phường tân kiểng quận 7,,,,đường lê văn lương phường tân kiểng quận 7
1603,"phố hào nam , đống đa",,,,,,,,,phố hào nam đống đa,,,,phố hào nam đống đa
1604,"hẻm 341 khuông việt , p . phú trung , q . tân phú , giáp quận 11",,,,,,,,,hẻm 341 khuông việt p phú trung q tân phú giáp quận 11,,,,hẻm 341 khuông việt p phú trung q tân phú giáp quận 11
1605,phố trần bình,,,,,,,,,phố trần bình,,,,phố trần bình
1606,"quận 11 đường lạc long quận , p3 , q11",,,,,,,,,quận 11 đường lạc long quận p3 q11,,,,quận 11 đường lạc long quận p3 q11
1607,"tuệ tĩnh , p12 , quận 11",,,,,,,,,tuệ tĩnh p12 quận 11,,,,tuệ tĩnh p12 quận 11
1608,xã phú xuân huyện nhà bè - đường huỳnh tấn phát,,,,,,,,,xã phú xuân huyện nhà bè đường huỳnh tấn phát,,,,xã phú xuân huyện nhà bè đường huỳnh tấn phát
1609,tân hòa đông p14 q6,,,,,,,,,tân hòa đông p14 q6,,,,tân hòa đông p14 q6
1610,phường trường thạnh quận 9,,,,,,,,,phường trường thạnh quận 9,,,,phường trường thạnh quận 9
1611,phường 3 quận 8,,,,,,,,,phường 3 quận 8,,,,phường 3 quận 8
1612,phường 4 quận 8,,,,,,,,,phường 4 quận 8,,,,phường 4 quận 8
1613,quân gò vấp,,,,,,,,,quân gò vấp,,,,quân gò vấp
1614,phố hoàng mai,,,,,,,,,phố hoàng mai,,,,phố hoàng mai
1615,tropic garden,,,,,,,,,tropic garden,,,,tropic garden
1616,quận gò vấp - khu dân cư city land,,,,,,,,,quận gò vấp khu dân cư city land,,,,quận gò vấp khu dân cư city land
1617,lê văn lương xã nhơn đức huyện nhà bè,,,,,,,,,lê văn lương xã nhơn đức huyện nhà bè,,,,lê văn lương xã nhơn đức huyện nhà bè
1618,chung cư the park residence xã phước kiển huyện nhà bè,,,,,,,,,chung cư the park residence xã phước kiển huyện nhà bè,,,,chung cư the park residence xã phước kiển huyện nhà bè
1619,phường 9 quận phú nhuận,,,,,,,,,phường 9 quận phú nhuận,,,,phường 9 quận phú nhuận
1620,"cantavil an phú , phường an phú , quận 2",,,,,,,,,cantavil an phú phường an phú quận 2,,,,cantavil an phú phường an phú quận 2
1621,chung cư cantavil,,,,,,,,,chung cư cantavil,,,,chung cư cantavil
1622,quận 1 mặt tiền đường võ thị sáu,,,,,,,,,quận 1 mặt tiền đường võ thị sáu,,,,quận 1 mặt tiền đường võ thị sáu
1623,quận 11 - nhà thi đấu lãnh binh thăng,,,,,,,,,quận 11 nhà thi đấu lãnh binh thăng,,,,quận 11 nhà thi đấu lãnh binh thăng
1624,"phường 5 , quận 3",,,,,,,,,phường 5 quận 3,,,,phường 5 quận 3
1625,"phường 11 , quận 3",,,,,,,,,phường 11 quận 3,,,,phường 11 quận 3
1626,"dự án verosa khang điền - phường phú hữu , quận 9",,,,,,,,,dự án verosa khang điền phường phú hữu quận 9,,,,dự án verosa khang điền phường phú hữu quận 9
1627,phạm viết chánh – quận 1,,,,,,,,,phạm viết chánh quận 1,,,,phạm viết chánh quận 1
1628,mặt tiền đường thới tam thôn hóc môn,,,,,,,,,mặt tiền đường thới tam thôn hóc môn,,,,mặt tiền đường thới tam thôn hóc môn
1629,sunny plaza quận gò vấp,,,,,,,,,sunny plaza quận gò vấp,,,,sunny plaza quận gò vấp
1630,chung cư the symphony - midtown quận 7,,,,,,,,,chung cư the symphony midtown quận 7,,,,chung cư the symphony midtown quận 7
1631,vinhome landmark,,,,,,,,,vinhome landmark,,,,vinhome landmark
1632,trung tâm thị trấn kim bài,,,,,,,,,trung tâm thị trấn kim bài,,,,trung tâm thị trấn kim bài
1633,cát động thị trấn kim bài,,,,,,,,,cát động thị trấn kim bài,,,,cát động thị trấn kim bài
1634,mặt phố văn quán,,,,,,,,,mặt phố văn quán,,,,mặt phố văn quán
1635,xã phước kiển huyện nhà bè,,,,,,,,,xã phước kiển huyện nhà bè,,,,xã phước kiển huyện nhà bè
1636,chung cư v - star quận 7,,,,,,,,,chung cư v star quận 7,,,,chung cư v star quận 7
1637,hẻm đường nguyễn văn quỳ quận 7,,,,,,,,,hẻm đường nguyễn văn quỳ quận 7,,,,hẻm đường nguyễn văn quỳ quận 7
1638,everich infinity quận 5,,,,,,,,,everich infinity quận 5,,,,everich infinity quận 5
1639,"phường phước bình , quận 9",,,,,,,,,phường phước bình quận 9,,,,phường phước bình quận 9
1640,khu topaz celadon city quận tân phú,,,,,,,,,khu topaz celadon city quận tân phú,,,,khu topaz celadon city quận tân phú
1641,p11 q6,,,,,,,,,p11 q6,,,,p11 q6
1642,orchard parkview,,,,,,,,,orchard parkview,,,,orchard parkview
1643,"đường huỳnh tấn phát , xã phú xuân huyện nhà bè",,,,,,,,,đường huỳnh tấn phát xã phú xuân huyện nhà bè,,,,đường huỳnh tấn phát xã phú xuân huyện nhà bè
1644,masteri thảo điền,,,,,,,,,masteri thảo điền,,,,masteri thảo điền
1645,"masteri thảo điền tọa lạc ngay tại trung tâm thảo điền quận 2 , mặt tiền xa lộ hà nội",,,,,,,,,masteri thảo điền tọa lạc ngay tại trung tâm thảo điền quận 2 mặt tiền xa lộ hà nội,,,,masteri thảo điền tọa lạc ngay tại trung tâm thảo điền quận 2 mặt tiền xa lộ hà nội
1646,p12 q6,,,,,,,,,p12 q6,,,,p12 q6
1647,"homyland 3 phường bình trưng tây , quận 2",,,,,,,,,homyland 3 phường bình trưng tây quận 2,,,,homyland 3 phường bình trưng tây quận 2
1648,phường cát lái quận 2,,,,,,,,,phường cát lái quận 2,,,,phường cát lái quận 2
1649,urban hill phú mỹ hưng,,,,,,,,,urban hill phú mỹ hưng,,,,urban hill phú mỹ hưng
1650,phố nguyễn lương bằng,,,,,,,,,phố nguyễn lương bằng,,,,phố nguyễn lương bằng
1651,phố bạch đằng,,,,,,,,,phố bạch đằng,,,,phố bạch đằng
1652,"phố dương văn bé , minh khai",,,,,,,,,phố dương văn bé minh khai,,,,phố dương văn bé minh khai
1653,nguyễn văn trỗi - thanh xuân,,,,,,,,,nguyễn văn trỗi thanh xuân,,,,nguyễn văn trỗi thanh xuân
1654,phường long phước quận 9,,,,,,,,,phường long phước quận 9,,,,phường long phước quận 9
1655,phường long bình quận 9,,,,,,,,,phường long bình quận 9,,,,phường long bình quận 9
1656,"đường thái phiên , p8 , q11",,,,,,,,,đường thái phiên p8 q11,,,,đường thái phiên p8 q11
1657,"phường phước long a , quận 9",,,,,,,,,phường phước long a quận 9,,,,phường phước long a quận 9
1658,đường nguyễn văn quỳ quận 7,,,,,,,,,đường nguyễn văn quỳ quận 7,,,,đường nguyễn văn quỳ quận 7
1659,xã bình chánh huyện bình chánh,,,,,,,,,xã bình chánh huyện bình chánh,,,,xã bình chánh huyện bình chánh
1660,mặt tiền đường tạ quang bửu - khu trung tâm hành chính mới quận 8,,,,,,,,,mặt tiền đường tạ quang bửu khu trung tâm hành chính mới quận 8,,,,mặt tiền đường tạ quang bửu khu trung tâm hành chính mới quận 8
1661,mặt tiền đường phường 1 quận 8,,,,,,,,,mặt tiền đường phường 1 quận 8,,,,mặt tiền đường phường 1 quận 8
1662,phường 11 quận phú nhuận,,,,,,,,,phường 11 quận phú nhuận,,,,phường 11 quận phú nhuận
1663,hẻm nguyễn thị minh khai,,,,,,,,,hẻm nguyễn thị minh khai,,,,hẻm nguyễn thị minh khai
1664,"đường xô viết nghệ tĩnh , phường 26 , bình thanh",,,,,,,,,đường xô viết nghệ tĩnh phường 26 bình thanh,,,,đường xô viết nghệ tĩnh phường 26 bình thanh
1665,nguyễn cảnh chân,,,,,,,,,nguyễn cảnh chân,,,,nguyễn cảnh chân
1666,hẻm văn thân,,,,,,,,,hẻm văn thân,,,,hẻm văn thân
1667,p8 q6,,,,,,,,,p8 q6,,,,p8 q6
1668,chung cư hoàng quốc việt phường phú mỹ quận 7,,,,,,,,,chung cư hoàng quốc việt phường phú mỹ quận 7,,,,chung cư hoàng quốc việt phường phú mỹ quận 7
1669,"408 nguyễn thị minh khai , quận 1",,,,,,,,,408 nguyễn thị minh khai quận 1,,,,408 nguyễn thị minh khai quận 1
1670,ra phạm đình hổ p2 q6,,,,,,,,,ra phạm đình hổ p2 q6,,,,ra phạm đình hổ p2 q6
1671,lý chiêu hoàng,,,,,,,,,lý chiêu hoàng,,,,lý chiêu hoàng
1672,sân thượng p10 q6,,,,,,,,,sân thượng p10 q6,,,,sân thượng p10 q6
1673,đường phan đình phùng,,,,,,,,,đường phan đình phùng,,,,đường phan đình phùng
1674,"đường 3 / 2 , p16 , quận 11",,,,,,,,,đường 3 2 p16 quận 11,,,,đường 3 2 p16 quận 11
1675,chung cư riverside residence,,,,,,,,,chung cư riverside residence,,,,chung cư riverside residence
1676,thụy khuê,,,,,,,,,thụy khuê,,,,thụy khuê
1677,"chung cư sài gòn gateway , phường hiệp phú , quận 9",,,,,,,,,chung cư sài gòn gateway phường hiệp phú quận 9,,,,chung cư sài gòn gateway phường hiệp phú quận 9
1678,emerald celadon city quận tân phú,,,,,,,,,emerald celadon city quận tân phú,,,,emerald celadon city quận tân phú
1679,chung cư emerald,,,,,,,,,chung cư emerald,,,,chung cư emerald
1680,đường số xã phú xuân huyện nhà bè,,,,,,,,,đường số xã phú xuân huyện nhà bè,,,,đường số xã phú xuân huyện nhà bè
1681,phường phú mỹ quận 7,,,,,,,,,phường phú mỹ quận 7,,,,phường phú mỹ quận 7
1682,minh khai,,,,,,,,,minh khai,,,,minh khai
1683,"phố kim hoa , xã đàn",,,,,,,,,phố kim hoa xã đàn,,,,phố kim hoa xã đàn
1684,"minh khai , vĩnh tuy , hbt , hn",,,,,,,,,minh khai vĩnh tuy hbt hn,,,,minh khai vĩnh tuy hbt hn
1685,phố thanh đàm,,,,,,,,,phố thanh đàm,,,,phố thanh đàm
1686,chung cư haus neo - quận 9,,,,,,,,,chung cư haus neo quận 9,,,,chung cư haus neo quận 9
1687,chung cư the art gia hòa phường phước long b - quận 9,,,,,,,,,chung cư the art gia hòa phường phước long b quận 9,,,,chung cư the art gia hòa phường phước long b quận 9
1688,khu dân cư cao cấp gia hòa art village,,,,,,,,,khu dân cư cao cấp gia hòa art village,,,,khu dân cư cao cấp gia hòa art village
1689,mặt tiền đường đỗ xuân hợp,,,,,,,,,mặt tiền đường đỗ xuân hợp,,,,mặt tiền đường đỗ xuân hợp
1690,hẻm trung tâm quận 1,,,,,,,,,hẻm trung tâm quận 1,,,,hẻm trung tâm quận 1
1691,"mega village khang điền , phường phú hữu - quận 9",,,,,,,,,mega village khang điền phường phú hữu quận 9,,,,mega village khang điền phường phú hữu quận 9
1692,chung cư hoàng anh thanh bình phường tân hưng quận 7,,,,,,,,,chung cư hoàng anh thanh bình phường tân hưng quận 7,,,,chung cư hoàng anh thanh bình phường tân hưng quận 7
1693,khu dân cư him lam,,,,,,,,,khu dân cư him lam,,,,khu dân cư him lam
1694,khu dân cư omely đường đào tông nguyên huyện nhà bè,,,,,,,,,khu dân cư omely đường đào tông nguyên huyện nhà bè,,,,khu dân cư omely đường đào tông nguyên huyện nhà bè
1695,"the estella phường an phú , quận 2",,,,,,,,,the estella phường an phú quận 2,,,,the estella phường an phú quận 2
1696,saigon mia kdc trung sơn xã bình hưng huyện bình chánh,,,,,,,,,saigon mia kdc trung sơn xã bình hưng huyện bình chánh,,,,saigon mia kdc trung sơn xã bình hưng huyện bình chánh
1697,mặt tiền đường số 9a khu dân cư trung sơn,,,,,,,,,mặt tiền đường số 9a khu dân cư trung sơn,,,,mặt tiền đường số 9a khu dân cư trung sơn
1698,quận 5,,,,,,,,,quận 5,,,,quận 5
1699,chung cư la kai trung tâm quận 5,,,,,,,,,chung cư la kai trung tâm quận 5,,,,chung cư la kai trung tâm quận 5
1700,"phường bình an , quận 2",,,,,,,,,phường bình an quận 2,,,,phường bình an quận 2
1701,lucky palace p2 q6,,,,,,,,,lucky palace p2 q6,,,,lucky palace p2 q6
1702,lucky palace,,,,,,,,,lucky palace,,,,lucky palace
1703,địa chỉ 50 phan văn khỏe – phường 2 – quận 6,,,,,,,,,địa chỉ 50 phan văn khỏe phường 2 quận 6,,,,địa chỉ 50 phan văn khỏe phường 2 quận 6
1704,kingdom 1012,,,,,,,,,kingdom 1012,,,,kingdom 1012
1705,"xi riverview palace , phường thảo điền , quận 2",,,,,,,,,xi riverview palace phường thảo điền quận 2,,,,xi riverview palace phường thảo điền quận 2
1706,đại thành - quận tân phú,,,,,,,,,đại thành quận tân phú,,,,đại thành quận tân phú
1707,phường phước long a - quận 9,,,,,,,,,phường phước long a quận 9,,,,phường phước long a quận 9
1708,"phường tăng nhơn phú a , quận 9",,,,,,,,,phường tăng nhơn phú a quận 9,,,,phường tăng nhơn phú a quận 9
1709,"an lạc , bình tân",,,,,,,,,an lạc bình tân,,,,an lạc bình tân
1710,phố vương thừa vũ,,,,,,,,,phố vương thừa vũ,,,,phố vương thừa vũ
1711,kdc xã phong phú huyện bình chánh,,,,,,,,,kdc xã phong phú huyện bình chánh,,,,kdc xã phong phú huyện bình chánh
1712,"thị trấn hóc môn , hóc môn",,,,,,,,,thị trấn hóc môn hóc môn,,,,thị trấn hóc môn hóc môn
1713,đường trần xuân soạn phường tân hưng quận 7,,,,,,,,,đường trần xuân soạn phường tân hưng quận 7,,,,đường trần xuân soạn phường tân hưng quận 7
1714,chung cư khang gia chánh hưng phường 4 quận 8,,,,,,,,,chung cư khang gia chánh hưng phường 4 quận 8,,,,chung cư khang gia chánh hưng phường 4 quận 8
1715,mặt tiền đường hồ thanh biên,,,,,,,,,mặt tiền đường hồ thanh biên,,,,mặt tiền đường hồ thanh biên
1716,"tân hiệp , huyện hóc môn",,,,,,,,,tân hiệp huyện hóc môn,,,,tân hiệp huyện hóc môn
1717,phường 7 quận 8,,,,,,,,,phường 7 quận 8,,,,phường 7 quận 8
1718,hẻm đinh tiên hoàn quận bình thạnh,,,,,,,,,hẻm đinh tiên hoàn quận bình thạnh,,,,hẻm đinh tiên hoàn quận bình thạnh
1719,hẻm tăng bạt hổ quận bình thạnh,,,,,,,,,hẻm tăng bạt hổ quận bình thạnh,,,,hẻm tăng bạt hổ quận bình thạnh
1720,"đường tăng bạt thổ , p . 11 , q . bìnhthạnh",,,,,,,,,đường tăng bạt thổ p 11 q bìnhthạnh,,,,đường tăng bạt thổ p 11 q bìnhthạnh
1721,"đường xô viết nghệ tĩnh , quận bình thạnh",,,,,,,,,đường xô viết nghệ tĩnh quận bình thạnh,,,,đường xô viết nghệ tĩnh quận bình thạnh
1722,đường xô viết nghệ tĩnh,,,,,,,,,đường xô viết nghệ tĩnh,,,,đường xô viết nghệ tĩnh
1723,sân thượng xã nhơn đức huyện nhà bè,,,,,,,,,sân thượng xã nhơn đức huyện nhà bè,,,,sân thượng xã nhơn đức huyện nhà bè
1724,hẻm bạch đằng,,,,,,,,,hẻm bạch đằng,,,,hẻm bạch đằng
1725,"đường lê thị bạch cát , p11 , quận 11",,,,,,,,,đường lê thị bạch cát p11 quận 11,,,,đường lê thị bạch cát p11 quận 11
1726,chung cư gia phú p3 q6,,,,,,,,,chung cư gia phú p3 q6,,,,chung cư gia phú p3 q6
1727,"tuệ tĩnh , p . 13 , q11",,,,,,,,,tuệ tĩnh p 13 q11,,,,tuệ tĩnh p 13 q11
1728,"phố văn hương , tôn đức thắng",,,,,,,,,phố văn hương tôn đức thắng,,,,phố văn hương tôn đức thắng
1729,"phố tô hiến thành , hbt",,,,,,,,,phố tô hiến thành hbt,,,,phố tô hiến thành hbt
1730,ngõ 521 trương định,,,,,,,,,ngõ 521 trương định,,,,ngõ 521 trương định
1731,vũ tông phan,,,,,,,,,vũ tông phan,,,,vũ tông phan
1732,"phường thạnh mỹ lợi , quận 2",,,,,,,,,phường thạnh mỹ lợi quận 2,,,,phường thạnh mỹ lợi quận 2
1733,"lạc long quân , phường 3 quận 11",,,,,,,,,lạc long quân phường 3 quận 11,,,,lạc long quân phường 3 quận 11
1734,phường tân phú - quận 9,,,,,,,,,phường tân phú quận 9,,,,phường tân phú quận 9
1735,phường 7 quận phú nhuận,,,,,,,,,phường 7 quận phú nhuận,,,,phường 7 quận phú nhuận
1736,"đường nơ trang long , quận bình thạnh",,,,,,,,,đường nơ trang long quận bình thạnh,,,,đường nơ trang long quận bình thạnh
1737,tân hiệp hóc môn,,,,,,,,,tân hiệp hóc môn,,,,tân hiệp hóc môn
1738,garden gate,,,,,,,,,garden gate,,,,garden gate
1739,trung tâm quận phú nhuận,,,,,,,,,trung tâm quận phú nhuận,,,,trung tâm quận phú nhuận
1740,chung cư sky garden 2 phường tân phong quận 7,,,,,,,,,chung cư sky garden 2 phường tân phong quận 7,,,,chung cư sky garden 2 phường tân phong quận 7
1741,"lạc long quân , quận 11",,,,,,,,,lạc long quân quận 11,,,,lạc long quân quận 11
1742,"đường quang trung , hà đông , hà nội",,,,,,,,,đường quang trung hà đông hà nội,,,,đường quang trung hà đông hà nội
1743,phố quang trung,,,,,,,,,phố quang trung,,,,phố quang trung
1744,phố mạc thị bưởi,,,,,,,,,phố mạc thị bưởi,,,,phố mạc thị bưởi
1745,phường tăng nhơn phú b quận 9,,,,,,,,,phường tăng nhơn phú b quận 9,,,,phường tăng nhơn phú b quận 9
1746,"phường 7 , quận 3",,,,,,,,,phường 7 quận 3,,,,phường 7 quận 3
1747,huyện hóc môn,,,,,,,,,huyện hóc môn,,,,huyện hóc môn
1748,"hẻm / / , p . bình hưng hòa , bình tân",,,,,,,,,hẻm p bình hưng  tân,,,Hòa Bình,"hẻm p bình hưng  tân, Hòa Bình"
1749,xã vĩnh lộc b huyện bình chánh,,,,,,,,,xã vĩnh lộc b huyện bình chánh,,,,xã vĩnh lộc b huyện bình chánh
1750,"mt , an lạc a , bình tân",,,,,,,,,mt an lạc a bình tân,,,,mt an lạc a bình tân
1751,chợ hồ trọng quý p10 q6,,,,,,,,,chợ hồ trọng quý p10 q6,,,,chợ hồ trọng quý p10 q6
1752,"lò siêu , quận 11",,,,,,,,,lò siêu quận 11,,,,lò siêu quận 11
1753,nguyễn văn ràng xã phước lộc huyện nhà bè,,,,,,,,,nguyễn văn ràng xã phước lộc huyện nhà bè,,,,nguyễn văn ràng xã phước lộc huyện nhà bè
1754,khu bình phú p10 q6,,,,,,,,,khu bình phú p10 q6,,,,khu bình phú p10 q6
1755,"the sun avenue , phường an phú , quận 2",,,,,,,,,the sun avenue phường an phú quận 2,,,,the sun avenue phường an phú quận 2
1756,chung cư golden star quận 7,,,,,,,,,chung cư golden star quận 7,,,,chung cư golden star quận 7
1757,cổ linh long biên,,,,,,,,,cổ linh long biên,,,,cổ linh long biên
1758,trương định,,,,,,,,,trương định,,,,trương định
1759,"trung tâm quận hai bà trưng , hoàng mai",,,,,,,,,trung tâm quận hai bà trưng hoàng mai,,,,trung tâm quận hai bà trưng hoàng mai
1760,"đường ngọc thuy , phường ngọc thụy",,,,,,,,,đường ngọc thuy phường ngọc thụy,,,,đường ngọc thuy phường ngọc thụy
1761,trường chinh,,,,,,,,,trường chinh,,,,trường chinh
1762,"phường trường thọ , quận thủ đức",,,,,,,,,phường trường thọ quận thủ đức,,,,phường trường thọ quận thủ đức
1763,phường 14 quận phú nhuận,,,,,,,,,phường 14 quận phú nhuận,,,,phường 14 quận phú nhuận
1764,chung cư phúc thịnh,,,,,,,,,chung cư phúc thịnh,,,,chung cư phúc thịnh
1765,"citihome , phường cát lái , quận 2",,,,,,,,,citihome phường cát lái quận 2,,,,citihome phường cát lái quận 2
1766,"chung cư the sun avenue , phường an phú , quận 2",,,,,,,,,chung cư the sun avenue phường an phú quận 2,,,,chung cư the sun avenue phường an phú quận 2
1767,"mặt tiền trần quý , quận 11",,,,,,,,,mặt tiền trần quý quận 11,,,,mặt tiền trần quý quận 11
1768,chung cư cosmo city quận 7 - ngay big c nguyễn thị thập,,,,,,,,,chung cư cosmo city quận 7 ngay big c nguyễn thị thập,,,,chung cư cosmo city quận 7 ngay big c nguyễn thị thập
1769,mặt tiền đường n6,,,,,,,,,mặt tiền đường n6,,,,mặt tiền đường n6
1770,"81 / 7 lương thế vinh , p . tân thới hòa . q . tân phú",,,,,,,,,81 7 lương thế vinh p tân thới hòa q tân phú,,,,81 7 lương thế vinh p tân thới hòa q tân phú
1771,ngõ 272 ba gác,,,,,,,,,ngõ 272 ba gác,,,,ngõ 272 ba gác
1772,"trung tâm phố tôn đức thắng , phường hàng bột",,,,,,,,,trung tâm phố tôn đức thắng phường hàng bột,,,,trung tâm phố tôn đức thắng phường hàng bột
1773,"hoàng tháp , đường 9a kdc trung sơn",,,,,,,,,hoàng tháp đường 9a kdc trung sơn,,,,hoàng tháp đường 9a kdc trung sơn
1774,quận 3 phường 12,,,,,,,,,quận 3 phường 12,,,,quận 3 phường 12
1775,mặt tiền đường trung tâm quận 5,,,,,,,,,mặt tiền đường trung tâm quận 5,,,,mặt tiền đường trung tâm quận 5
1776,hẻm quận 4,,,,,,,,,hẻm quận 4,,,,hẻm quận 4
1777,"chung cư the era town , quận 7",,,,,,,,,chung cư the era town quận 7,,,,chung cư the era town quận 7
1778,mặt tiền đường ngay trung tâm quận 5,,,,,,,,,mặt tiền đường ngay trung tâm quận 5,,,,mặt tiền đường ngay trung tâm quận 5
1779,trung đông - quận tân phú,,,,,,,,,trung đông quận tân phú,,,,trung đông quận tân phú
1780,mặt tiềnường đề thám quận 1,,,,,,,,,mặt tiềnường đề thám quận 1,,,,mặt tiềnường đề thám quận 1
1781,"phó đức chính , p . nguyễn thái bình",,,,,,,,,phó đức chính p nguyễn,,,Thái Bình,"phó đức chính p nguyễn, Thái Bình"
1782,"chung cư the sun avenue , quận 2",,,,,,,,,chung cư the sun avenue quận 2,,,,chung cư the sun avenue quận 2
1783,chung cư eco green sg phường tân thuận tây quận 7,,,,,,,,,chung cư eco green sg phường tân thuận tây quận 7,,,,chung cư eco green sg phường tân thuận tây quận 7
1784,chung cư xi grand court quận 10,,,,,,,,,chung cư xi grand court quận 10,,,,chung cư xi grand court quận 10
1785,ngọc hồi,,,,,,,,,ngọc hồi,,,,ngọc hồi
1786,ngõ 121 kim ngưu,,,,,,,,,ngõ 121 kim ngưu,,,,ngõ 121 kim ngưu
1787,đường hoàng quốc việt - cầu giấy - hà nội,,,,,,,,,đường hoàng quốc việt cầu giấy hà nội,,,,đường hoàng quốc việt cầu giấy hà nội
1788,lô góc ngã 4 hàng buồm – hàng giấy,,,,,,,,,lô góc ngã 4 hàng buồm hàng giấy,,,,lô góc ngã 4 hàng buồm hàng giấy
1789,quận 2 p bình an đường trần não,,,,,,,,,quận 2 p bình an đường trần não,,,,quận 2 p bình an đường trần não
1790,masteri an phú,,,,,,,,,masteri an phú,,,,masteri an phú
1791,khu nam long phường phước long b - quận 9,,,,,,,,,khu nam long phường phước long b quận 9,,,,khu nam long phường phước long b quận 9
1792,"đường 3 / 2 , p2 , q11",,,,,,,,,đường 3 2 p2 q11,,,,đường 3 2 p2 q11
1793,"đường đào tông nguyên , thị trấn huyện nhà b è",,,,,,,,,đường đào tông nguyên thị trấn huyện nhà b è,,,,đường đào tông nguyên thị trấn huyện nhà b è
1794,"đường huỳnh tấn phát , thị trấn huyện nhà bè",,,,,,,,,đường huỳnh tấn phát thị trấn huyện nhà bè,,,,đường huỳnh tấn phát thị trấn huyện nhà bè
1795,"dự án samsung village , phường phú hữu - quận 9",,,,,,,,,dự án samsung village phường phú hữu quận 9,,,,dự án samsung village phường phú hữu quận 9
1796,landmark 81 quận bình thạnh,,,,,,,,,landmark 81 quận bình thạnh,,,,landmark 81 quận bình thạnh
1797,khu dân cư bình phú ii p10 q6,,,,,,,,,khu dân cư bình phú ii p10 q6,,,,khu dân cư bình phú ii p10 q6
1798,khu dân cư bình phú 2 p10 q6,,,,,,,,,khu dân cư bình phú 2 p10 q6,,,,khu dân cư bình phú 2 p10 q6
1799,"linh đường , ngọc hồi",,,,,,,,,linh đường ngọc hồi,,,,linh đường ngọc hồi
1800,phường 13 quận tân bình,,,,,,,,,phường 13 quận tân bình,,,,phường 13 quận tân bình
1801,đàm quang trung,,,,,,,,,đàm quang trung,,,,đàm quang trung
1802,ngõ hòa bình 7 - minh khai - hbt,,,,,,,,,ngõ  7 minh khai hbt,,,Hòa Bình,"ngõ  7 minh khai hbt, Hòa Bình"
1803,hẻm đường đinh bộ lĩnh,,,,,,,,,hẻm đường đinh bộ lĩnh,,,,hẻm đường đinh bộ lĩnh
1804,ehome 3,,,,,,,,,ehome 3,,,,ehome 3
1805,khu dân cư phú xuân xã phú xuân huyện nhà bè,,,,,,,,,khu dân cư phú xuân xã phú xuân huyện nhà bè,,,,khu dân cư phú xuân xã phú xuân huyện nhà bè
1806,"xã đa phước , huyện bình chánh",,,,,,,,,xã đa phước huyện bình chánh,,,,xã đa phước huyện bình chánh
1807,"dự án lucky dragon - chủ đầu tư novaland , phường phước long b",,,,,,,,,dự án lucky dragon chủ đầu tư novaland phường phước long b,,,,dự án lucky dragon chủ đầu tư novaland phường phước long b
1808,"đường đỗ xuân hợp , quận 9",,,,,,,,,đường đỗ xuân hợp quận 9,,,,đường đỗ xuân hợp quận 9
1809,idico,,,,,,,,,idico,,,,idico
1810,quận gò vấp - city land park hill,,,,,,,,,quận gò vấp city land park hill,,,,quận gò vấp city land park hill
1811,topaz garden quận tân phú,,,,,,,,,topaz garden quận tân phú,,,,topaz garden quận tân phú
1812,chung cư the golden star quận 7,,,,,,,,,chung cư the golden star quận 7,,,,chung cư the golden star quận 7
1813,"phố trần bình , mai dịch , cầu giấy",,,,,,,,,phố trần bình mai dịch cầu giấy,,,,phố trần bình mai dịch cầu giấy
1814,"nhà trần thái tông , quận cầu giấy",,,,,,,,,nhà trần thái tông quận cầu giấy,,,,nhà trần thái tông quận cầu giấy
1815,"an lạc a , bình tân",,,,,,,,,an lạc a bình tân,,,,an lạc a bình tân
1816,"nguyễn văn tạo , xã hiệp phước , huyện nhà bè",,,,,,,,,nguyễn văn tạo xã hiệp phước huyện nhà bè,,,,nguyễn văn tạo xã hiệp phước huyện nhà bè
1817,the park residence xã phước kiển đường nguyễn hữu thọ huyện nhà bè,,,,,,,,,the park residence xã phước kiển đường nguyễn hữu thọ huyện nhà bè,,,,the park residence xã phước kiển đường nguyễn hữu thọ huyện nhà bè
1818,chung cư phúc thịnh quận 5,,,,,,,,,chung cư phúc thịnh quận 5,,,,chung cư phúc thịnh quận 5
1819,đường huỳnh tấn phát phường tân thuận tây quận 7,,,,,,,,,đường huỳnh tấn phát phường tân thuận tây quận 7,,,,đường huỳnh tấn phát phường tân thuận tây quận 7
1820,trung tâm thị trấn huyện nhà bè - đường đặng nhữ lâm,,,,,,,,,trung tâm thị trấn huyện nhà bè đường đặng nhữ lâm,,,,trung tâm thị trấn huyện nhà bè đường đặng nhữ lâm
1821,chung cư kingdom 101,,,,,,,,,chung cư kingdom 101,,,,chung cư kingdom 101
1822,saigon pearl quận bình thạnh,,,,,,,,,saigon pearl quận bình thạnh,,,,saigon pearl quận bình thạnh
1823,"phường 2 quận tân bình , tp hồ chí minh",,,,,,,,,tp,Phường 2,Quận Tân Bình,Hồ Chí Minh,"tp, Phường 2, Quận Tân Bình, Hồ Chí Minh"
1824,khu dân cư thị trấn huyện nhà bè,,,,,,,,,khu dân cư thị trấn huyện nhà bè,,,,khu dân cư thị trấn huyện nhà bè
1825,phú thạnh - quận tân phú,,,,,,,,,phú thạnh quận tân phú,,,,phú thạnh quận tân phú
1826,chung cư tôn thất thuyết quận 4,,,,,,,,,chung cư tôn thất thuyết quận 4,,,,chung cư tôn thất thuyết quận 4
1827,quận gò vấp - chung cư city land park hill,,,,,,,,,quận gò vấp chung cư city land park hill,,,,quận gò vấp chung cư city land park hill
1828,quận hai bà trưng,,,,,,,,,quận hai bà trưng,,,,quận hai bà trưng
1829,đường minh khai,,,,,,,,,đường minh khai,,,,đường minh khai
1830,đường hoàng quốc việt,,,,,,,,,đường hoàng quốc việt,,,,đường hoàng quốc việt
1831,chung cư gò dầu 2 quận tân phú,,,,,,,,,chung cư gò dầu 2 quận tân phú,,,,chung cư gò dầu 2 quận tân phú
1832,chung cư starlight riverside q6,,,,,,,,,chung cư starlight riverside q6,,,,chung cư starlight riverside q6
1833,mặt tiền quận 11,,,,,,,,,mặt tiền quận 11,,,,mặt tiền quận 11
1834,celadon city khu emerald quận tân phú,,,,,,,,,celadon city khu emerald quận tân phú,,,,celadon city khu emerald quận tân phú
1835,"khuôn viên celadon city , chung cư emerald",,,,,,,,,khuôn viên celadon city chung cư emerald,,,,khuôn viên celadon city chung cư emerald
1836,chung cư masteri an phú quận 2,,,,,,,,,chung cư masteri an phú quận 2,,,,chung cư masteri an phú quận 2
1837,xã bình hưng huyện bình chánh,,,,,,,,,xã bình hưng huyện bình chánh,,,,xã bình hưng huyện bình chánh
1838,đường bùi đình túy,,,,,,,,,đường bùi đình túy,,,,đường bùi đình túy
1839,chợ phú lâm p13 q6,,,,,,,,,chợ phú lâm p13 q6,,,,chợ phú lâm p13 q6
1840,chung cư hưng ngân,,,,,,,,,chung cư hưng ngân,,,,chung cư hưng ngân
1841,chung cư h3 quận 4,,,,,,,,,chung cư h3 quận 4,,,,chung cư h3 quận 4
1842,mặt tiền hoàng diệu,,,,,,,,,mặt tiền hoàng diệu,,,,mặt tiền hoàng diệu
1843,trung tâm quận 3,,,,,,,,,trung tâm quận 3,,,,trung tâm quận 3
1844,"ngô tất tố phường 22 , bình thạnh",,,,,,,,,ngô tất tố phường 22 bình thạnh,,,,ngô tất tố phường 22 bình thạnh
1845,"cc moonlight boulevard , an lạc a , bình tân",,,,,,,,,cc moonlight boulevard an lạc a bình tân,,,,cc moonlight boulevard an lạc a bình tân
1846,chung cư d - vela huỳnh tấn phát quận 7,,,,,,,,,chung cư d vela huỳnh tấn phát quận 7,,,,chung cư d vela huỳnh tấn phát quận 7
1847,mặt tiền huỳnh tấn phát,,,,,,,,,mặt tiền huỳnh tấn phát,,,,mặt tiền huỳnh tấn phát
1848,golden manson,,,,,,,,,golden manson,,,,golden manson
1849,đền lừ - hoàng mai,,,,,,,,,đền lừ hoàng mai,,,,đền lừ hoàng mai
1850,phố kim ngưu - hai bà trưng,,,,,,,,,phố kim ngưu hai bà trưng,,,,phố kim ngưu hai bà trưng
1851,võng thị,,,,,,,,,võng thị,,,,võng thị
1852,nguyễn lam,,,,,,,,,nguyễn lam,,,,nguyễn lam
1853,phố vĩnh hưng,,,,,,,,,phố vĩnh hưng,,,,phố vĩnh hưng
1854,mặt tiền đường quận tân bình,,,,,,,,,mặt tiền đường quận tân bình,,,,mặt tiền đường quận tân bình
1855,mặt tiền quận tân phú,,,,,,,,,mặt tiền quận tân phú,,,,mặt tiền quận tân phú
1856,lũy bán bích,,,,,,,,,lũy bán bích,,,,lũy bán bích
1857,chung cư trung tâm quận 5,,,,,,,,,chung cư trung tâm quận 5,,,,chung cư trung tâm quận 5
1858,"hẻm nguyễn thiện thuật , phường 2 , quận 3",,,,,,,,,hẻm nguyễn thiện thuật phường 2 quận 3,,,,hẻm nguyễn thiện thuật phường 2 quận 3
1859,"chung cư an hòa phường an phú , quận 2",,,,,,,,,chung cư an hòa phường an phú quận 2,,,,chung cư an hòa phường an phú quận 2
1860,chung cư phường 6 quận 4,,,,,,,,,chung cư phường 6 quận 4,,,,chung cư phường 6 quận 4
1861,phường 12 quận phú nhuận,,,,,,,,,phường 12 quận phú nhuận,,,,phường 12 quận phú nhuận
1862,ngõ 99 phố định công hạ,,,,,,,,,ngõ 99 phố định công hạ,,,,ngõ 99 phố định công hạ
1863,xã hiệp phước huyện nhà bè,,,,,,,,,xã hiệp phước huyện nhà bè,,,,xã hiệp phước huyện nhà bè
1864,chung cư an hòa 6 khu nam long quận 7,,,,,,,,,chung cư an hòa 6 khu nam long quận 7,,,,chung cư an hòa 6 khu nam long quận 7
1865,mặt tiền đường phường 3 quận 8,,,,,,,,,mặt tiền đường phường 3 quận 8,,,,mặt tiền đường phường 3 quận 8
1866,"xã tân kiên , huyện bình chánh",,,,,,,,,xã tân kiên huyện bình chánh,,,,xã tân kiên huyện bình chánh
1867,"bình thới , p8 , q11",,,,,,,,,bình thới p8 q11,,,,bình thới p8 q11
1868,phường 13 quận 8,,,,,,,,,phường 13 quận 8,,,,phường 13 quận 8
1869,q6,,,,,,,,,q6,,,,q6
1870,"khu dân cư , thị trấn nhà bè đường huỳnh tấn phát huyện nhà bè",,,,,,,,,khu dân cư thị trấn nhà bè đường huỳnh tấn phát huyện nhà bè,,,,khu dân cư thị trấn nhà bè đường huỳnh tấn phát huyện nhà bè
1871,nhà quận 11,,,,,,,,,nhà quận 11,,,,nhà quận 11
1872,phố lê trọng tấn,,,,,,,,,phố lê trọng tấn,,,,phố lê trọng tấn
1873,ngõ 337 cầu giấy,,,,,,,,,ngõ 337 cầu giấy,,,,ngõ 337 cầu giấy
1874,đường trương công giai,,,,,,,,,đường trương công giai,,,,đường trương công giai
1875,hồng bàng p12 q6,,,,,,,,,hồng bàng p12 q6,,,,hồng bàng p12 q6
1876,khu bình phú p11 q6,,,,,,,,,khu bình phú p11 q6,,,,khu bình phú p11 q6
1877,"nguyễn thị minh khai , quận 1",,,,,,,,,nguyễn thị minh khai quận 1,,,,nguyễn thị minh khai quận 1
1878,phường 8 quận phú nhuận,,,,,,,,,phường 8 quận phú nhuận,,,,phường 8 quận phú nhuận
1879,chung cư sunrise city north phường tân hưng quận 7,,,,,,,,,chung cư sunrise city north phường tân hưng quận 7,,,,chung cư sunrise city north phường tân hưng quận 7
1880,mặt tiền đường nguyễn hữu thọ,,,,,,,,,mặt tiền đường nguyễn hữu thọ,,,,mặt tiền đường nguyễn hữu thọ
1881,chung cư 219 trung kính - central field,,,,,,,,,chung cư 219 trung kính central field,,,,chung cư 219 trung kính central field
1882,chung cư 219 trung kính,,,,,,,,,chung cư 219 trung kính,,,,chung cư 219 trung kính
1883,mặt phố nguyễn tuân giao ngụy như kom tum,,,,,,,,,mặt phố nguyễn tuân giao ngụy như kom tum,,,,mặt phố nguyễn tuân giao ngụy như kom tum
1884,"láng hạ , đống đa , hà nội",,,,,,,,,láng hạ đống đa hà nội,,,,láng hạ đống đa hà nội
1885,chung cư starcity,,,,,,,,,chung cư starcity,,,,chung cư starcity
1886,"tòa starcity 81 đường lê văn lương , p nhân chính , q thanh xuân , tp hà nội",,,,,,,,,tòa starcity 81 đường lê văn lương p nhân chính q thanh xuân tp hà nội,,,,tòa starcity 81 đường lê văn lương p nhân chính q thanh xuân tp hà nội
1887,chung cư tòa nhà starcity,,,,,,,,,chung cư tòa nhà starcity,,,,chung cư tòa nhà starcity
1888,"đường thái văn lung , quận 1",,,,,,,,,đường thái văn lung quận 1,,,,đường thái văn lung quận 1
1889,chung cư richmond city quận bình thạnh,,,,,,,,,chung cư richmond city quận bình thạnh,,,,chung cư richmond city quận bình thạnh
1890,mặt tiền đường nguyễn xí,,,,,,,,,mặt tiền đường nguyễn xí,,,,mặt tiền đường nguyễn xí
1891,chung cư sài gòn gateway - phường hiệp phú,,,,,,,,,chung cư sài gòn gateway phường hiệp phú,,,,chung cư sài gòn gateway phường hiệp phú
1892,mặt tiền xa lộ hà nội - đường song hành,,,,,,,,,mặt tiền xa lộ hà nội đường song hành,,,,mặt tiền xa lộ hà nội đường song hành
1893,sala sarina,,,,,,,,,sala sarina,,,,sala sarina
1894,khu đô thị mới sala thuộc tòa nhà sarimi b2,,,,,,,,,khu đô thị mới sala thuộc tòa nhà sarimi b2,,,,khu đô thị mới sala thuộc tòa nhà sarimi b2
1895,"trung chánh , hóc môn",,,,,,,,,trung chánh hóc môn,,,,trung chánh hóc môn
1896,chung cư vimeco,,,,,,,,,chung cư vimeco,,,,chung cư vimeco
1897,"vimeco , nguyễn chánh , trung hòa , cầu giấy , hà nội",,,,,,,,,vimeco nguyễn chánh trung hòa cầu giấy hà nội,,,,vimeco nguyễn chánh trung hòa cầu giấy hà nội
1898,phố lê văn hưu,,,,,,,,,phố lê văn hưu,,,,phố lê văn hưu
1899,"số 168 trấn vũ , ba đình , hà nội",,,,,,,,,số 168 trấn vũ ba đình hà nội,,,,số 168 trấn vũ ba đình hà nội
1900,168 trấn vũ,,,,,,,,,168 trấn vũ,,,,168 trấn vũ
1901,the tresor quận 4,,,,,,,,,the tresor quận 4,,,,the tresor quận 4
1902,mặt tiền bến vân đồn,,,,,,,,,mặt tiền bến vân đồn,,,,mặt tiền bến vân đồn
1903,phường 8 quận 3,,,,,,,,,phường 8 quận 3,,,,phường 8 quận 3
1904,ngay ngã tư hậu giang - minh phụng p9 q6,,,,,,,,,ngay ngã tư  minh phụng p9 q6,,,Hậu Giang,"ngay ngã tư  minh phụng p9 q6, Hậu Giang"
1905,"phường phú hữu , quận 9",,,,,,,,,phường phú hữu quận 9,,,,phường phú hữu quận 9
1906,"an gia star , tân tạo , bình tân",,,,,,,,,an gia star tân tạo bình tân,,,,an gia star tân tạo bình tân
1907,"căn hộ masteri thảo điền tọa lạc ngay tại trung tâm thảo điền quận 2 , mặt tiền xa lộ hà nội",,,,,,,,,căn hộ masteri thảo điền tọa lạc ngay tại trung tâm thảo điền quận 2 mặt tiền xa lộ hà nội,,,,căn hộ masteri thảo điền tọa lạc ngay tại trung tâm thảo điền quận 2 mặt tiền xa lộ hà nội
1908,tòa c37 bắc hà,,,,,,,,,tòa c37 bắc hà,,,,tòa c37 bắc hà
1909,"tòa c37 , tố hữu , trung văn , nam từ liêm , tp hà nội",,,,,,,,,tòa c37 tố hữu trung văn nam từ liêm tp hà nội,,,,tòa c37 tố hữu trung văn nam từ liêm tp hà nội
1910,phố trường chinh diện tích,,,,,,,,,phố trường chinh diện tích,,,,phố trường chinh diện tích
1911,"hào nam , quận đống đa , hà nội",,,,,,,,,hào nam quận đống đa hà nội,,,,hào nam quận đống đa hà nội
1912,phố hoàng cầu tòa nhà,,,,,,,,,phố hoàng cầu tòa nhà,,,,phố hoàng cầu tòa nhà
1913,mặt phố hoàng cầu,,,,,,,,,mặt phố hoàng cầu,,,,mặt phố hoàng cầu
1914,tòa center point,,,,,,,,,tòa center point,,,,tòa center point
1915,"chung cư center point vị trí tòa center point , 27 đường lê văn lương , p nhân chính , q thanh xuân , tp hà nội",,,,,,,,,chung cư center point vị trí tòa center point 27 đường lê văn lương p nhân chính q thanh xuân tp hà nội,,,,chung cư center point vị trí tòa center point 27 đường lê văn lương p nhân chính q thanh xuân tp hà nội
1916,"huỳnh thúc kháng , quận đống đa , hà nội",,,,,,,,,huỳnh thúc kháng quận đống đa hà nội,,,,huỳnh thúc kháng quận đống đa hà nội
1917,phường 10 quận 8,,,,,,,,,phường 10 quận 8,,,,phường 10 quận 8
1918,mặt tiền đường phường 5 quận 8,,,,,,,,,mặt tiền đường phường 5 quận 8,,,,mặt tiền đường phường 5 quận 8
1919,bà ký gần hồng bàng p9 q6,,,,,,,,,bà ký gần hồng bàng p9 q6,,,,bà ký gần hồng bàng p9 q6
1920,"đường ngô quang thắm long thới , huyện nhà bè",,,,,,,,,đường ngô quang thắm long thới huyện nhà bè,,,,đường ngô quang thắm long thới huyện nhà bè
1921,đường nơ trang long,,,,,,,,,đường nơ trang long,,,,đường nơ trang long
1922,phố hàng đào,,,,,,,,,phố hàng đào,,,,phố hàng đào
1923,"trần nhật duật , quận hoàn kiếm , hà nội",,,,,,,,,trần nhật duật quận hoàn kiếm hà nội,,,,trần nhật duật quận hoàn kiếm hà nội
1924,chùa láng,,,,,,,,,chùa láng,,,,chùa láng
1925,mặt phố chùa láng,,,,,,,,,mặt phố chùa láng,,,,mặt phố chùa láng
1926,"lê duẩn , quận đống đa , hà nội",,,,,,,,,lê duẩn quận đống đa hà nội,,,,lê duẩn quận đống đa hà nội
1927,xi grand court quận 10,,,,,,,,,xi grand court quận 10,,,,xi grand court quận 10
1928,đường nguyễn bình phú xuân huyện nhà bè,,,,,,,,,đường nguyễn bình phú xuân huyện nhà bè,,,,đường nguyễn bình phú xuân huyện nhà bè
1929,"cầu vượt cây gõ , p2 , quận 11",,,,,,,,,cầu vượt cây gõ p2 quận 11,,,,cầu vượt cây gõ p2 quận 11
1930,mai xuân thưởng p2 q6,,,,,,,,,mai xuân thưởng p2 q6,,,,mai xuân thưởng p2 q6
1931,"hxt bình thành , bình hưng hòa b , bình tân",,,,,,,,,hxt bình thành bình hưng hòa b bình tân,,,,hxt bình thành bình hưng hòa b bình tân
1932,"chung cư the prince , nguyễn văn trỗi",,,,,,,,,chung cư the prince nguyễn văn trỗi,,,,chung cư the prince nguyễn văn trỗi
1933,đường xương cá thông qua nguyễn văn tạo long thới huyện nhà bè,,,,,,,,,đường xương cá thông qua nguyễn văn tạo long thới huyện nhà bè,,,,đường xương cá thông qua nguyễn văn tạo long thới huyện nhà bè
1934,khu dân cư thị trấn nhà bè đường huỳnh tấn phát huyện nhà bè,,,,,,,,,khu dân cư thị trấn nhà bè đường huỳnh tấn phát huyện nhà bè,,,,khu dân cư thị trấn nhà bè đường huỳnh tấn phát huyện nhà bè
1935,xã nhơn đức huyện nhà bè,,,,,,,,,xã nhơn đức huyện nhà bè,,,,xã nhơn đức huyện nhà bè
1936,đường gò ô môi quận 7,,,,,,,,,đường gò ô môi quận 7,,,,đường gò ô môi quận 7
1937,"thị trấn nhà bè , đường đặng nhữ lâm , huyện nhà bè",,,,,,,,,thị trấn nhà bè đường đặng nhữ lâm huyện nhà bè,,,,thị trấn nhà bè đường đặng nhữ lâm huyện nhà bè
1938,"điện biên phủ và phan văn hân , bình thạnh",,,,,,,,,phủ và phan văn hân bình thạnh,,,Điện Biên,"phủ và phan văn hân bình thạnh, Điện Biên"
1939,đường nguyễn gia trí,,,,,,,,,đường nguyễn gia trí,,,,đường nguyễn gia trí
1940,"chợ nhơn đức - lê văn lương , huyện nhà bè",,,,,,,,,chợ nhơn đức lê văn lương huyện nhà bè,,,,chợ nhơn đức lê văn lương huyện nhà bè
1941,chung cư era town đức khải phường phú mỹ quận 7,,,,,,,,,chung cư era town đức khải phường phú mỹ quận 7,,,,chung cư era town đức khải phường phú mỹ quận 7
1942,"hẻm ông ích khiêm , phường 14 , quận 11",,,,,,,,,hẻm ông ích khiêm phường 14 quận 11,,,,hẻm ông ích khiêm phường 14 quận 11
1943,"đường đào tông nguyên , xã phú xuân huyện nhà bè - thông thoáng",,,,,,,,,đường đào tông nguyên xã phú xuân huyện nhà bè thông thoáng,,,,đường đào tông nguyên xã phú xuân huyện nhà bè thông thoáng
1944,cụm 7 - xã hiệp thuận - huyện phúc thọ - hà nội,,,,,,,,,cụm 7 xã hiệp thuận huyện phúc thọ hà nội,,,,cụm 7 xã hiệp thuận huyện phúc thọ hà nội
1945,chung cư dự án mandarin garden - cầu giấy,,,,,,,,,chung cư dự án mandarin garden cầu giấy,,,,chung cư dự án mandarin garden cầu giấy
1946,khu dân cư him lam phường tân hưng quận 7,,,,,,,,,khu dân cư him lam phường tân hưng quận 7,,,,khu dân cư him lam phường tân hưng quận 7
1947,"tóc tiên , thị xã phú mỹ",,,,,,,,,tóc tiên thị xã phú mỹ,,,,tóc tiên thị xã phú mỹ
1948,khu dân cư tam bình,,,,,,,,,khu dân cư tam bình,,,,khu dân cư tam bình
1949,"phố kim ngưu , hai bà trưng",,,,,,,,,phố kim ngưu hai bà trưng,,,,phố kim ngưu hai bà trưng
1950,emerald celadon city tầng 1 quận tân phú,,,,,,,,,emerald celadon city tầng 1 quận tân phú,,,,emerald celadon city tầng 1 quận tân phú
1951,"lương sơn , hòa bình",,,,,,,,,lương sơn,,,Hòa Bình,"lương sơn, Hòa Bình"
1952,the estella,,,,,,,,,the estella,,,,the estella
1953,khuông việt quận tân phú,,,,,,,,,khuông việt quận tân phú,,,,khuông việt quận tân phú
1954,khu căn hộ khuông việt,,,,,,,,,khu căn hộ khuông việt,,,,khu căn hộ khuông việt
1955,chung cư an dương vương - điện lực ( periot ) phường 16 quận 8,,,,,,,,,chung cư an dương vương điện lực periot phường 16 quận 8,,,,chung cư an dương vương điện lực periot phường 16 quận 8
1956,phường 10 quận phú nhuận,,,,,,,,,phường 10 quận phú nhuận,,,,phường 10 quận phú nhuận
1957,phường 16 quận 8,,,,,,,,,phường 16 quận 8,,,,phường 16 quận 8
1958,chung cư cao cấp viva riverside q6,,,,,,,,,chung cư cao cấp viva riverside q6,,,,chung cư cao cấp viva riverside q6
1959,khu căn hộ cao cấp viva riverside,,,,,,,,,khu căn hộ cao cấp viva riverside,,,,khu căn hộ cao cấp viva riverside
1960,viva riverside,,,,,,,,,viva riverside,,,,viva riverside
1961,"dự án citi soho phường cát lái , quận 2",,,,,,,,,dự án citi soho phường cát lái quận 2,,,,dự án citi soho phường cát lái quận 2
1962,ngách 268 / 56 tổ 16 ngọc thụy,,,,,,,,,ngách 268 56 tổ 16 ngọc thụy,,,,ngách 268 56 tổ 16 ngọc thụy
1963,đường lê đức thọ,,,,,,,,,đường lê đức thọ,,,,đường lê đức thọ
1964,"khu tên lửa , bình tân",,,,,,,,,khu tên lửa bình tân,,,,khu tên lửa bình tân
1965,hẻm đường xô viết nghệ tĩnh,,,,,,,,,hẻm đường xô viết nghệ tĩnh,,,,hẻm đường xô viết nghệ tĩnh
1966,quận gò vấp - chung cư an hội 3,,,,,,,,,quận gò vấp chung cư an hội 3,,,,quận gò vấp chung cư an hội 3
1967,"chung cư ct 1b văn quán , phường văn quán , hà đông , hà nội",,,,,,,,,chung cư ct 1b văn quán phường văn quán hà đông hà nội,,,,chung cư ct 1b văn quán phường văn quán hà đông hà nội
1968,"a8 - 52 khu hành chính mới huyện gia viễn , tỉnh ninh bình",,,,,,,,,a8 52 khu hành chính mới  tỉnh,,Huyện Gia Viễn,Ninh Bình,"a8 52 khu hành chính mới  tỉnh, Huyện Gia Viễn, Ninh Bình"
1969,trung tâm quận hoàn kiếm,,,,,,,,,trung tâm quận hoàn kiếm,,,,trung tâm quận hoàn kiếm
1970,mặt phố thợ nhuộm,,,,,,,,,mặt phố thợ nhuộm,,,,mặt phố thợ nhuộm
1971,"xã châu pha , thị xã phú mỹ , bà rịa - vũng tàu",,,,,,,,,,Xã Châu Pha,Thị xã Phú Mỹ,Bà Rịa Vũng Tàu,"Xã Châu Pha, Thị xã Phú Mỹ, Bà Rịa Vũng Tàu"
1972,kđt cát tường phú hưng,,,,,,,,,kđt cát tường phú hưng,,,,kđt cát tường phú hưng
1973,"số 46 phố nguyễn thị minh khai , tp vinh , tỉnh nghệ an",,,,,,,,,số 46 phố nguyễn thị minh khai tp vinh tỉnh,,,Nghệ An,"số 46 phố nguyễn thị minh khai tp vinh tỉnh, Nghệ An"
1974,đường cửa đại,,,,,,,,,đường cửa đại,,,,đường cửa đại
1975,"khu dân cư thăng long , phường bình trị đông b , quận bình tân",,,,,,,,,khu dân cư thăng long phường bình trị đông b quận bình tân,,,,khu dân cư thăng long phường bình trị đông b quận bình tân
1976,dlusso nguyễn thị định phường an phú quận 2,,,,,,,,,dlusso nguyễn thị định phường an phú quận 2,,,,dlusso nguyễn thị định phường an phú quận 2
1977,ngõ 40 xuân la,,,,,,,,,ngõ 40 xuân la,,,,ngõ 40 xuân la
1978,"mt cộng hòa ngay pico plaza ( lotte mart ) , p12 , tân bình",,,,,,,,,mt cộng hòa ngay pico plaza lotte mart p12 tân bình,,,,mt cộng hòa ngay pico plaza lotte mart p12 tân bình
1979,đường số 7 - p tân tạo - q bình tân,,,,,,,,,đường số 7 p tân tạo q bình tân,,,,đường số 7 p tân tạo q bình tân
1980,"sunview town , hiệp bình phước , thủ đức",,,,,,,,,sunview town hiệp  thủ đức,,,Bình Phước,"sunview town hiệp  thủ đức, Bình Phước"
1981,"phường trường thọ , tp thủ đức",,,,,,,,,phường trường thọ tp thủ đức,,,,phường trường thọ tp thủ đức
1982,"xã phú an , thị xã bến cát , bình dương",,,,,,,,,,Xã Phú An,Thị xã Bến Cát,Bình Dương,"Xã Phú An, Thị xã Bến Cát, Bình Dương"
1983,chung cư hoàng kim thế gia quận bình tân,,,,,,,,,chung cư hoàng kim thế gia quận bình tân,,,,chung cư hoàng kim thế gia quận bình tân
1984,"lạc long quân , p5 , quận 11",,,,,,,,,lạc long quân p5 quận 11,,,,lạc long quân p5 quận 11
1985,phường thạnh mỹ lợi quận 2,,,,,,,,,phường thạnh mỹ lợi quận 2,,,,phường thạnh mỹ lợi quận 2
1986,"hẻm lê văn sỹ , phường 1 quận tân bình",,,,,,,,,hẻm lê văn sỹ phường 1 quận tân bình,,,,hẻm lê văn sỹ phường 1 quận tân bình
1987,"mt hồng bàng , p11 , q5",,,,,,,,,mt hồng bàng p11 q5,,,,mt hồng bàng p11 q5
1988,mega village khang điền quận 9,,,,,,,,,mega village khang điền quận 9,,,,mega village khang điền quận 9
1989,"cc 35 hồ học lãm , an lạc , bình tân",,,,,,,,,cc 35 hồ học lãm an lạc bình tân,,,,cc 35 hồ học lãm an lạc bình tân
1990,chung cư luxcity quận 7,,,,,,,,,chung cư luxcity quận 7,,,,chung cư luxcity quận 7
1991,"số : 1 / 48 thanh đa , p . 27 , q . bình thạnh , tphcm",,,,,,,,,số 1 48 thanh đa p 27 q bình thạnh tphcm,,,,số 1 48 thanh đa p 27 q bình thạnh tphcm
1992,"chung cư gold season , 47 nguyễn tuân",,,,,,,,,chung cư gold season 47 nguyễn tuân,,,,chung cư gold season 47 nguyễn tuân
1993,"số 2508 , tòa ct 1a",,,,,,,,,số 2508 tòa ct 1a,,,,số 2508 tòa ct 1a
1994,"chung cư nam đô , 609 trương định , quận hoàng mai",,,,,,,,,chung cư nam đô 609 trương định quận hoàng mai,,,,chung cư nam đô 609 trương định quận hoàng mai
1995,khu dân cư phú mỹ hưng phường tân phong quận 7,,,,,,,,,khu dân cư phú mỹ hưng phường tân phong quận 7,,,,khu dân cư phú mỹ hưng phường tân phong quận 7
1996,trung tâm phú mỹ hưng,,,,,,,,,trung tâm phú mỹ hưng,,,,trung tâm phú mỹ hưng
1997,trung tâm quận 7,,,,,,,,,trung tâm quận 7,,,,trung tâm quận 7
1998,bình tân - chung cư tân mai,,,,,,,,,bình tân chung cư tân mai,,,,bình tân chung cư tân mai
1999,"lê quang định , phường 11 , bình thạnh",,,,,,,,,lê quang định phường 11 bình thạnh,,,,lê quang định phường 11 bình thạnh
2000,"nguyên hồng , ba đình , hà nội",,,,,,,,,nguyên hồng ba đình hà nội,,,,nguyên hồng ba đình hà nội
2001,"vị trí đào tông nguyên , huyện nhà bè",,,,,,,,,vị trí đào tông nguyên huyện nhà bè,,,,vị trí đào tông nguyên huyện nhà bè
2002,hẻm phạm văn đồng,,,,,,,,,hẻm phạm văn đồng,,,,hẻm phạm văn đồng
2003,khu bình phú 1 p11 q6,,,,,,,,,khu bình phú 1 p11 q6,,,,khu bình phú 1 p11 q6
2004,song phương - hoài đức - hà nội,,,,,,,,,song phương hoài đức hà nội,,,,song phương hoài đức hà nội
2005,khu vực mỹ đình 2,,,,,,,,,khu vực mỹ đình 2,,,,khu vực mỹ đình 2
2006,khu dân cư sài gòn mới huyện nhà bè đường đào tông nguyên nhà mới,,,,,,,,,khu dân cư sài gòn mới huyện nhà bè đường đào tông nguyên nhà mới,,,,khu dân cư sài gòn mới huyện nhà bè đường đào tông nguyên nhà mới
2007,kim hồng fortuna quận tân phú,,,,,,,,,kim hồng fortuna quận tân phú,,,,kim hồng fortuna quận tân phú
2008,chung cư the splendor quận gò vấp,,,,,,,,,chung cư the splendor quận gò vấp,,,,chung cư the splendor quận gò vấp
2009,"khu đô thị dta phước an , nhơn trạch",,,,,,,,,khu đô thị dta phước an nhơn trạch,,,,khu đô thị dta phước an nhơn trạch
2010,nguyễn thị thập - bigc quận 7,,,,,,,,,nguyễn thị thập bigc quận 7,,,,nguyễn thị thập bigc quận 7
2011,vinhomes central park tân cảng,,,,,,,,,vinhomes central park tân cảng,,,,vinhomes central park tân cảng
2012,chung cư nguyễn biểu quận 5,,,,,,,,,chung cư nguyễn biểu quận 5,,,,chung cư nguyễn biểu quận 5
2013,tp biên hòa,,,,,,,,,tp biên hòa,,,,tp biên hòa
2014,"chung cư số 02 lê hồng phong , phường phước hải - nha trang",,,,,,,,,chung cư số 02 lê hồng phong phường phước hải nha trang,,,,chung cư số 02 lê hồng phong phường phước hải nha trang
2015,đường nguyễn văn tạo xã long thới huyện nhà bè,,,,,,,,,đường nguyễn văn tạo xã long thới huyện nhà bè,,,,đường nguyễn văn tạo xã long thới huyện nhà bè
2016,"chợ điều , kp 1 , long bình",,,,,,,,,chợ điều kp 1 long bình,,,,chợ điều kp 1 long bình
2017,đường 21,,,,,,,,,đường 21,,,,đường 21
2018,phố tô vĩnh diện - phường khương trung - quận thanh xuân,,,,,,,,,phố tô vĩnh diện phường khương trung quận thanh xuân,,,,phố tô vĩnh diện phường khương trung quận thanh xuân
2019,bắc vàn cô tô,,,,,,,,,bắc vàn cô tô,,,,bắc vàn cô tô
2020,chung cư remax plaza p1 q6,,,,,,,,,chung cư remax plaza p1 q6,,,,chung cư remax plaza p1 q6
2021,góc hai mặt tiền đường phạm đình hổ và bãi sậy,,,,,,,,,góc hai mặt tiền đường phạm đình hổ và bãi sậy,,,,góc hai mặt tiền đường phạm đình hổ và bãi sậy
2022,ngã ba phạm đình hổ - bãi sậy,,,,,,,,,ngã ba phạm đình hổ bãi sậy,,,,ngã ba phạm đình hổ bãi sậy
2023,phố trương định - hai bà trưng - hn,,,,,,,,,phố trương định hai bà trưng hn,,,,phố trương định hai bà trưng hn
2024,tòa hh 1b,,,,,,,,,tòa hh 1b,,,,tòa hh 1b
2025,"ngõ 48 ngọc trì - thạch bàn , long biên",,,,,,,,,ngõ 48 ngọc trì thạch bàn long biên,,,,ngõ 48 ngọc trì thạch bàn long biên
2026,n01t8 khu ngoại giao đoàn,,,,,,,,,n01t8 khu ngoại giao đoàn,,,,n01t8 khu ngoại giao đoàn
2027,"chung cư city garden , 59 ngô tất tố , bình thạnh",,,,,,,,,chung cư city garden 59 ngô tất tố bình thạnh,,,,chung cư city garden 59 ngô tất tố bình thạnh
2028,khu dân cư thủy lợi 4 - nguyễn xí,,,,,,,,,khu dân cư thủy lợi 4 nguyễn xí,,,,khu dân cư thủy lợi 4 nguyễn xí
2029,chung cư hà đô,,,,,,,,,chung cư hà đô,,,,chung cư hà đô
2030,khu đô thị vinhomes grand park - quận 9,,,,,,,,,khu đô thị vinhomes grand park quận 9,,,,khu đô thị vinhomes grand park quận 9
2031,tttx phú mỹ,,,,,,,,,tttx phú mỹ,,,,tttx phú mỹ
2032,10a ngõ 138 hạ đình,,,,,,,,,10a ngõ 138 hạ đình,,,,10a ngõ 138 hạ đình
2033,trung tâm quận 4,,,,,,,,,trung tâm quận 4,,,,trung tâm quận 4
2034,"số 98 / 31 cống lở p . 15 , q . tân bình",,,,,,,,,số 98 31 cống lở p 15 q tân bình,,,,số 98 31 cống lở p 15 q tân bình
2035,khu dân cư camellia garden xã bình hưng huyện bình chánh,,,,,,,,,khu dân cư camellia garden xã bình hưng huyện bình chánh,,,,khu dân cư camellia garden xã bình hưng huyện bình chánh
2036,"thanh hà cienco 5 , thuộc dự án thanh hà mường thanh , hà đông , hà nội",,,,,,,,,thanh hà cienco 5 thuộc dự án thanh hà mường thanh hà đông hà nội,,,,thanh hà cienco 5 thuộc dự án thanh hà mường thanh hà đông hà nội
2037,khu vực thanh hà cienco 5,,,,,,,,,khu vực thanh hà cienco 5,,,,khu vực thanh hà cienco 5
2038,hẻm 1 sẹc nguyễn thượng hiền,,,,,,,,,hẻm 1 sẹc nguyễn thượng hiền,,,,hẻm 1 sẹc nguyễn thượng hiền
2039,dự án feliz en vista phường thạnh mỹ lợi quận 2,,,,,,,,,dự án feliz en vista phường thạnh mỹ lợi quận 2,,,,dự án feliz en vista phường thạnh mỹ lợi quận 2
2040,xã lê minh xuân huyện bình chánh,,,,,,,,,xã lê minh xuân huyện bình chánh,,,,xã lê minh xuân huyện bình chánh
2041,safira khang điền q9,,,,,,,,,safira khang điền q9,,,,safira khang điền q9
2042,phường phú hữu quận 9,,,,,,,,,phường phú hữu quận 9,,,,phường phú hữu quận 9
2043,thôn 4 diên đồng,,,,,,,,,thôn 4 diên đồng,,,,thôn 4 diên đồng
2044,703 chung cư khu đô thị định công hoàng mai,,,,,,,,,703 chung cư khu đô thị định công hoàng mai,,,,703 chung cư khu đô thị định công hoàng mai
2045,"mặt tiền đường nguyễn văn khối , phường 11 , quận gò vấp",,,,,,,,,mặt tiền đường nguyễn văn khối phường 11 quận gò vấp,,,,mặt tiền đường nguyễn văn khối phường 11 quận gò vấp
2046,"hẻm 136 thông mặt tiền hậu giang , quận 6",,,,,,,,,hẻm 136 thông mặt tiền  quận 6,,,Hậu Giang,"hẻm 136 thông mặt tiền  quận 6, Hậu Giang"
2047,ngõ 118 cầu giấy,,,,,,,,,ngõ 118 cầu giấy,,,,ngõ 118 cầu giấy
2048,"ngõ 26 cầu diễn , quận bắc từ liêm , hà nội",,,,,,,,,ngõ 26 cầu diễn quận bắc từ liêm hà nội,,,,ngõ 26 cầu diễn quận bắc từ liêm hà nội
2049,ngõ 168 kim giang - thanh xuân - hà nội,,,,,,,,,ngõ 168 kim giang thanh xuân hà nội,,,,ngõ 168 kim giang thanh xuân hà nội
2050,n07 b1 kđt dịch vọng,,,,,,,,,n07 b1 kđt dịch vọng,,,,n07 b1 kđt dịch vọng
2051,the parkland,,,,,,,,,the parkland,,,,the parkland
2052,thôn 2 phú cát,,,,,,,,,thôn 2 phú cát,,,,thôn 2 phú cát
2053,q2 thảo điền,,,,,,,,,q2 thảo điền,,,,q2 thảo điền
2054,mạch tràng - cổ loa - đông anh - hà nội,,,,,,,,,mạch tràng cổ loa đông anh hà nội,,,,mạch tràng cổ loa đông anh hà nội
2055,tòa ct 4b xala,,,,,,,,,tòa ct 4b xala,,,,tòa ct 4b xala
2056,khu dân cư tỉnh lộ 44a brvt,,,,,,,,,khu dân cư tỉnh lộ 44a brvt,,,,khu dân cư tỉnh lộ 44a brvt
2057,tòa a,,,,,,,,,tòa a,,,,tòa a
2058,"hẻm 1 sẹc đường số 2 , bình trưng đông , q2",,,,,,,,,hẻm 1 sẹc đường số 2 bình trưng đông q2,,,,hẻm 1 sẹc đường số 2 bình trưng đông q2
2059,xóm độc lập - la phù,,,,,,,,,xóm độc lập la phù,,,,xóm độc lập la phù
2060,"ngách 5 , ngõ 204 trần duy hưng",,,,,,,,,ngách 5 ngõ 204 trần duy hưng,,,,ngách 5 ngõ 204 trần duy hưng
2061,"số 311a huỳnh tấn phát , q7 , hcm",,,,,,,,,số 311a huỳnh tấn phát q7 hcm,,,,số 311a huỳnh tấn phát q7 hcm
2062,góc 2 mt đường số 7 và huỳnh tấn phát,,,,,,,,,góc 2 mt đường số 7 và huỳnh tấn phát,,,,góc 2 mt đường số 7 và huỳnh tấn phát
2063,"số 10 ngõ 103 cù chính lan , thanh xuân , hà nội",,,,,,,,,số 10 ngõ 103 cù chính lan thanh xuân hà nội,,,,số 10 ngõ 103 cù chính lan thanh xuân hà nội
2064,thanh xuân - hà nội,,,,,,,,,thanh xuân hà nội,,,,thanh xuân hà nội
2065,vincom long biên,,,,,,,,,vincom long biên,,,,vincom long biên
2066,dự án vinhomes symphony,,,,,,,,,dự án vinhomes symphony,,,,dự án vinhomes symphony
2067,"đường thạnh xuân 52 , phường thạnh xuân , quận 12",,,,,,,,,đường thạnh xuân 52 phường thạnh xuân quận 12,,,,đường thạnh xuân 52 phường thạnh xuân quận 12
2068,"thôn suối sâu , xã ninh tân , thị xã ninh hòa",,,,,,,,,thôn suối sâu xã ninh tân thị xã ninh hòa,,,,thôn suối sâu xã ninh tân thị xã ninh hòa
2069,"khu a minh khôi , phủ lý , hà nam",,,,,,,,,khu a minh khôi phủ lý,,,Hà Nam,"khu a minh khôi phủ lý, Hà Nam"
2070,"lạc long quân , p3 q11",,,,,,,,,lạc long quân p3 q11,,,,lạc long quân p3 q11
2071,đường thống nhất p16 gò vấp,,,,,,,,,đường thống nhất p16 gò vấp,,,,đường thống nhất p16 gò vấp
2072,"tứ liên , âu cơ , tây hồ",,,,,,,,,tứ liên âu cơ tây hồ,,,,tứ liên âu cơ tây hồ
2073,"tòa r2 , dự án royal city , 72a nguyễn trãi",,,,,,,,,tòa r2 dự án royal city 72a nguyễn trãi,,,,tòa r2 dự án royal city 72a nguyễn trãi
2074,"chung cư orchard garden , 128 hồng hà , phú nhuận , tp . hcm",,,,,,,,,chung cư orchard garden 128 hồng hà phú nhuận tp hcm,,,,chung cư orchard garden 128 hồng hà phú nhuận tp hcm
2075,hồ đăk nông thượng view,,,,,,,,,hồ đăk nông thượng view,,,,hồ đăk nông thượng view
2076,"khu biệt thự d3 vườn đào , lô bt 29 , trung tâm quận tây hồ",,,,,,,,,khu biệt thự d3 vườn đào lô bt 29 trung tâm quận tây hồ,,,,khu biệt thự d3 vườn đào lô bt 29 trung tâm quận tây hồ
2077,"văn là , phú la , hà đông hà nội",,,,,,,,,văn là phú la hà đông hà nội,,,,văn là phú la hà đông hà nội
2078,"đường lê duẩn , quận hai bà trưng",,,,,,,,,đường lê duẩn quận hai bà trưng,,,,đường lê duẩn quận hai bà trưng
2079,trung tâm đường lê duẫn,,,,,,,,,trung tâm đường lê duẫn,,,,trung tâm đường lê duẫn
2080,đường bùi thanh khiết,,,,,,,,,đường bùi thanh khiết,,,,đường bùi thanh khiết
2081,"p . long phước , quận 9",,,,,,,,,p long phước quận 9,,,,p long phước quận 9
2082,"đường gò dưa , tam bình , thủ đức",,,,,,,,,đường gò dưa tam bình thủ đức,,,,đường gò dưa tam bình thủ đức
2083,"số 84 / 12 nguyễn thanh tuyền , phường 2 , tân bình",,,,,,,,,số 84 12 nguyễn thanh tuyền phường 2 tân bình,,,,số 84 12 nguyễn thanh tuyền phường 2 tân bình
2084,"tân khánh , suối tiên",,,,,,,,,tân khánh suối tiên,,,,tân khánh suối tiên
2085,mặt chính số 164 phố đông thiên đường,,,,,,,,,mặt chính số 164 phố đông thiên đường,,,,mặt chính số 164 phố đông thiên đường
2086,đường trường chinh,,,,,,,,,đường trường chinh,,,,đường trường chinh
2087,đại lộ chu văn an,,,,,,,,,đại lộ chu văn an,,,,đại lộ chu văn an
2088,"phường an khánh , quận ninh kiều , tp . cần thơ",,,,,,,,,tp,Phường An Khánh,Quận Ninh Kiều,Cần Thơ,"tp, Phường An Khánh, Quận Ninh Kiều, Cần Thơ"
2089,trung tâm tp . cần thơ,,,,,,,,,trung tâm tp,,,Cần Thơ,"trung tâm tp, Cần Thơ"
2090,đường lê quang định,,,,,,,,,đường lê quang định,,,,đường lê quang định
2091,"p11 , q . bình thạnh",,,,,,,,,p11 q bình thạnh,,,,p11 q bình thạnh
2092,dự án epics home thái hà constrexim 43 phạm văn đồng,,,,,,,,,dự án epics home thái hà constrexim 43 phạm văn đồng,,,,dự án epics home thái hà constrexim 43 phạm văn đồng
2093,chung cư hh bộ công an ( epics home ),,,,,,,,,chung cư hh bộ công an epics home,,,,chung cư hh bộ công an epics home
2094,"đường ngô chí quốc , phường linh chiểu , thủ đức , tp hồ chí minh",,,,,,,,,đường ngô chí quốc phường linh chiểu thủ đức tp,,,Hồ Chí Minh,"đường ngô chí quốc phường linh chiểu thủ đức tp, Hồ Chí Minh"
2095,"chung cư tttm chợ mơ , đường bạch mai , phường trương định , quận hai bà trưng , hà nội",,,,,,,,,chung cư tttm chợ mơ đường bạch mai phường trương định quận hai bà trưng hà nội,,,,chung cư tttm chợ mơ đường bạch mai phường trương định quận hai bà trưng hà nội
2096,chung cư tttm chợ mơ,,,,,,,,,chung cư tttm chợ mơ,,,,chung cư tttm chợ mơ
2097,"số 13 trần quốc tuấn , p . 1 , gv",,,,,,,,,số 13 trần quốc tuấn p 1 gv,,,,số 13 trần quốc tuấn p 1 gv
2098,"dự án anh dũng 7 , phường anh dũng , dương kinh , hải phòng",,,,,,,,,dự án anh dũng 7 phường anh dũng dương kinh,,,Hải Phòng,"dự án anh dũng 7 phường anh dũng dương kinh, Hải Phòng"
2099,dự án anh dũng 7,,,,,,,,,dự án anh dũng 7,,,,dự án anh dũng 7
2100,đường thạnh xuân 22,,,,,,,,,đường thạnh xuân 22,,,,đường thạnh xuân 22
2101,"tx . dĩ an , bình dương",,,,,,,,,tx dĩ an,,,Bình Dương,"tx dĩ an, Bình Dương"
2102,"chung cư dcapitale , trần duy hưng , hà nội",,,,,,,,,chung cư dcapitale trần duy hưng hà nội,,,,chung cư dcapitale trần duy hưng hà nội
2103,khu phân lô đường hoàng quốc việt ngõ,,,,,,,,,khu phân lô đường hoàng quốc việt ngõ,,,,khu phân lô đường hoàng quốc việt ngõ
2104,dương văn bé,,,,,,,,,dương văn bé,,,,dương văn bé
2105,phường phú hòa thủ dầu một,,,,,,,,,phường phú hòa thủ dầu một,,,,phường phú hòa thủ dầu một
2106,thủ dầu một,,,,,,,,,thủ dầu một,,,,thủ dầu một
2107,đường nhựa phạm thái bường,,,,,,,,,đường nhựa phạm thái bường,,,,đường nhựa phạm thái bường
2108,"mỹ đình 2 , nam từ liêm , hà nội",,,,,,,,,mỹ đình 2 nam từ liêm hà nội,,,,mỹ đình 2 nam từ liêm hà nội
2109,linh xuân thủ đức,,,,,,,,,linh xuân thủ đức,,,,linh xuân thủ đức
2110,xã cư yên - lương sơn - hòa bình,,,,,,,,,xã cư yên lương sơn,,,Hòa Bình,"xã cư yên lương sơn, Hòa Bình"
2111,dự án lavender city,,,,,,,,,dự án lavender city,,,,dự án lavender city
2112,"thôn xóm bùi trám , xã hòa sơn",,,,,,,,,thôn xóm bùi trám xã hòa sơn,,,,thôn xóm bùi trám xã hòa sơn
2113,"13 quán thánh , ba đình , hà nội",,,,,,,,,13 quán thánh ba đình hà nội,,,,13 quán thánh ba đình hà nội
2114,tòa b1 dự án phương đông green park số 1 trần thủ độ,,,,,,,,,tòa b1 dự án phương đông green park số 1 trần thủ độ,,,,tòa b1 dự án phương đông green park số 1 trần thủ độ
2115,chung cư phương đông green park,,,,,,,,,chung cư phương đông green park,,,,chung cư phương đông green park
2116,"số 1 trần thủ độ , quận hoàng mai , hà nội",,,,,,,,,số 1 trần thủ độ quận hoàng mai hà nội,,,,số 1 trần thủ độ quận hoàng mai hà nội
2117,"mặt tiền đường an dương vương , phường 16 , quận 8",,,,,,,,,mặt tiền đường an dương vương phường 16 quận 8,,,,mặt tiền đường an dương vương phường 16 quận 8
2118,mặt tiền đường an dương vương,,,,,,,,,mặt tiền đường an dương vương,,,,mặt tiền đường an dương vương
2119,"chung cư sky center mặt tiền phổ quang , quận tân bình",,,,,,,,,chung cư sky center mặt tiền phổ quang quận tân bình,,,,chung cư sky center mặt tiền phổ quang quận tân bình
2120,"era town - p phú mỹ , quận 7",,,,,,,,,era town p phú mỹ quận 7,,,,era town p phú mỹ quận 7
2121,"chung cư trần đình xu , quận 1",,,,,,,,,chung cư trần đình xu quận 1,,,,chung cư trần đình xu quận 1
2122,"đường số 2 , trường thọ , thủ đức",,,,,,,,,đường số 2 trường thọ thủ đức,,,,đường số 2 trường thọ thủ đức
2123,trục đường số 2,,,,,,,,,trục đường số 2,,,,trục đường số 2
2124,"chung cư sunsquare 21 lê đức thọ , mỹ đình , hà nội",,,,,,,,,chung cư sunsquare 21 lê đức thọ mỹ đình hà nội,,,,chung cư sunsquare 21 lê đức thọ mỹ đình hà nội
2125,"mặt tiền đường dương công khi , huyện hóc môn",,,,,,,,,mặt tiền đường dương công khi huyện hóc môn,,,,mặt tiền đường dương công khi huyện hóc môn
2126,"học viện an ninh , trần phú , hà đông , hà nội",,,,,,,,,học viện an ninh trần phú hà đông hà nội,,,,học viện an ninh trần phú hà đông hà nội
2127,"đường lê văn thọ , phường 11 , quận gò vấp",,,,,,,,,đường lê văn thọ phường 11 quận gò vấp,,,,đường lê văn thọ phường 11 quận gò vấp
2128,ht 13 - kp 7 - phường hiệp thành - quận 12,,,,,,,,,ht 13 kp 7 phường hiệp thành quận 12,,,,ht 13 kp 7 phường hiệp thành quận 12
2129,"thôn cốc đồng tâm , ba vì , ba vì , hn",,,,,,,,,thôn cốc đồng tâm ba vì ba vì hn,,,,thôn cốc đồng tâm ba vì ba vì hn
2130,chung cư phương đông green prak - số 1 trần thủ độ,,,,,,,,,chung cư phương đông green prak số 1 trần thủ độ,,,,chung cư phương đông green prak số 1 trần thủ độ
2131,quận hoàng mai,,,,,,,,,quận hoàng mai,,,,quận hoàng mai
2132,mặt đường trần thủ độ,,,,,,,,,mặt đường trần thủ độ,,,,mặt đường trần thủ độ
2133,khu diamond alnata dự án celadon city,,,,,,,,,khu diamond alnata dự án celadon city,,,,khu diamond alnata dự án celadon city
2134,"bùi đình túy , phường 12 , bình thạnh",,,,,,,,,bùi đình túy phường 12 bình thạnh,,,,bùi đình túy phường 12 bình thạnh
2135,"screc đường trường sa , phường 12 , quận 3",,,,,,,,,screc đường trường sa phường 12 quận 3,,,,screc đường trường sa phường 12 quận 3
2136,"ngõ 93 chu huy mân , phúc đồng , long biên , hà nội",,,,,,,,,ngõ 93 chu huy mân phúc đồng long biên hà nội,,,,ngõ 93 chu huy mân phúc đồng long biên hà nội
2137,ngõ 93 chu huy mân,,,,,,,,,ngõ 93 chu huy mân,,,,ngõ 93 chu huy mân
2138,aqua city,,,,,,,,,aqua city,,,,aqua city
2139,"139 lê sát , tân quý , tân phú",,,,,,,,,139 lê sát tân quý tân phú,,,,139 lê sát tân quý tân phú
2140,"copac square quận 4 , view sông",,,,,,,,,copac square quận 4 view sông,,,,copac square quận 4 view sông
2141,"vsip 2 mở rộng vĩnh tân , bình dương",,,,,,,,,vsip 2 mở rộng vĩnh tân,,,Bình Dương,"vsip 2 mở rộng vĩnh tân, Bình Dương"
2142,"ung văn khiêm , phường 25 , quận bình thạnh",,,,,,,,,ung văn khiêm phường 25 quận bình thạnh,,,,ung văn khiêm phường 25 quận bình thạnh
2143,"trường chinh , p tân thới nhất , q12",,,,,,,,,trường chinh p tân thới nhất q12,,,,trường chinh p tân thới nhất q12
2144,"87 / 139 hoàng văn thái , phường hòa khánh nam , quận liên chiểu , đà nẵng",,,,,,,,,87 139 hoàng văn thái,Phường Hòa Khánh Nam,Quận Liên Chiểu,Đà Nẵng,"87 139 hoàng văn thái, Phường Hòa Khánh Nam, Quận Liên Chiểu, Đà Nẵng"
2145,mặt tiền đường tên lửa,,,,,,,,,mặt tiền đường tên lửa,,,,mặt tiền đường tên lửa
2146,times city park hill,,,,,,,,,times city park hill,,,,times city park hill
2147,tòa park hill 10,,,,,,,,,tòa park hill 10,,,,tòa park hill 10
2148,mặt đường trần hữu dực,,,,,,,,,mặt đường trần hữu dực,,,,mặt đường trần hữu dực
2149,vinhomes long biên,,,,,,,,,vinhomes long biên,,,,vinhomes long biên
2150,tòa s1 dự án seasons avenue - mỗ lao - hà đông,,,,,,,,,tòa s1 dự án seasons avenue mỗ lao hà đông,,,,tòa s1 dự án seasons avenue mỗ lao hà đông
2151,"số 6 ngõ 125 phố đại linh , phường trung văn , quận nam từ liêm , hà nội",,,,,,,,,số 6 ngõ 125 phố đại linh phường trung văn quận nam từ liêm hà nội,,,,số 6 ngõ 125 phố đại linh phường trung văn quận nam từ liêm hà nội
2152,phường 15 quận tân bình,,,,,,,,,phường 15 quận tân bình,,,,phường 15 quận tân bình
2153,hẻm hoàng bật đạt,,,,,,,,,hẻm hoàng bật đạt,,,,hẻm hoàng bật đạt
2154,an vượng - dương nội - hà đông,,,,,,,,,an vượng dương nội hà đông,,,,an vượng dương nội hà đông
2155,nguyễn phan chánh,,,,,,,,,nguyễn phan chánh,,,,nguyễn phan chánh
2156,làng đại học thủ đức,,,,,,,,,làng đại học thủ đức,,,,làng đại học thủ đức
2157,trung tâm làng đại học thủ đức,,,,,,,,,trung tâm làng đại học thủ đức,,,,trung tâm làng đại học thủ đức
2158,mặt tiền đường thống nhất,,,,,,,,,mặt tiền đường thống nhất,,,,mặt tiền đường thống nhất
2159,khu đô thị sáng tạo phía đông,,,,,,,,,khu đô thị sáng tạo phía đông,,,,khu đô thị sáng tạo phía đông
2160,426 đường láng,,,,,,,,,426 đường láng,,,,426 đường láng
2161,"linh đường , hoàng liệt",,,,,,,,,linh đường hoàng liệt,,,,linh đường hoàng liệt
2162,"đường bình lợi , bình thạnh",,,,,,,,,đường bình lợi bình thạnh,,,,đường bình lợi bình thạnh
2163,"95 nguyễn bỉnh khiêm , q1",,,,,,,,,95 nguyễn bỉnh khiêm q1,,,,95 nguyễn bỉnh khiêm q1
2164,khu công nghiệp đồng phú,,,,,,,,,khu công nghiệp đồng phú,,,,khu công nghiệp đồng phú
2165,"trần tử bình - hoàng quốc việt , cầu giấy",,,,,,,,,trần tử bình hoàng quốc việt cầu giấy,,,,trần tử bình hoàng quốc việt cầu giấy
2166,tòa euro window trần duy hưng,,,,,,,,,tòa euro window trần duy hưng,,,,tòa euro window trần duy hưng
2167,sunrise city . khu north,,,,,,,,,sunrise city khu north,,,,sunrise city khu north
2168,trung tâm thị xã chơn thành,,,,,,,,,trung tâm thị xã chơn thành,,,,trung tâm thị xã chơn thành
2169,"mặt tiền đường lê duẩn , kp trung lợi , tt chơn thành , bình phước",,,,,,,,,mặt tiền đường lê duẩn kp trung lợi tt chơn thành,,,Bình Phước,"mặt tiền đường lê duẩn kp trung lợi tt chơn thành, Bình Phước"
2170,chung cư tòa s2 . 02,,,,,,,,,chung cư tòa s2 02,,,,chung cư tòa s2 02
2171,dự án sunrise city,,,,,,,,,dự án sunrise city,,,,dự án sunrise city
2172,"đường 36 , hiệp bình chánh",,,,,,,,,đường 36 hiệp bình chánh,,,,đường 36 hiệp bình chánh
2173,"saigon garden riverside village , quận 9 , hồ chí minh",,,,,,,,,saigon garden riverside village,, Quận 9,Hồ Chí Minh,"saigon garden riverside village,  Quận 9, Hồ Chí Minh"
2174,"tp đồng xoài , bình phước",,,,,,,,,tp đồng xoài,,,Bình Phước,"tp đồng xoài, Bình Phước"
2175,"huyện đồng phú , tỉnh bình phước",,,,,,,,,tỉnh,,Huyện Đồng Phú,Bình Phước,"tỉnh, Huyện Đồng Phú, Bình Phước"
2176,"đường trần văn cẩn , phường tân thới hòa , tân phú",,,,,,,,,đường trần văn cẩn phường tân thới hòa tân phú,,,,đường trần văn cẩn phường tân thới hòa tân phú
2177,"phường tam phước , tp biên hòa",,,,,,,,,phường tam phước tp biên hòa,,,,phường tam phước tp biên hòa
2178,"ngõ 50 mễ trì thượng , nam từ liêm , hn",,,,,,,,,ngõ 50 mễ trì thượng nam từ liêm hn,,,,ngõ 50 mễ trì thượng nam từ liêm hn
2179,sunrise city . khu central,,,,,,,,,sunrise city khu central,,,,sunrise city khu central
2180,"xã cao sơn , lương sơn , hòa binh",,,,,,,,,xã cao sơn lương sơn hòa binh,,,,xã cao sơn lương sơn hòa binh
2181,"phường tân xuân , tp đồng xoài , bình phước",,,,,,,,,phường tân xuân tp đồng xoài,,,Bình Phước,"phường tân xuân tp đồng xoài, Bình Phước"
2182,centana thủ thiêm,,,,,,,,,centana thủ thiêm,,,,centana thủ thiêm
2183,"đường nguyễn hữu cầu , xã trung chánh , huyện hóc môn",,,,,,,,,đường nguyễn hữu cầu xã trung chánh huyện hóc môn,,,,đường nguyễn hữu cầu xã trung chánh huyện hóc môn
2184,đường quang trung,,,,,,,,,đường quang trung,,,,đường quang trung
2185,quận gò vấp phường 15 tân bình,,,,,,,,,quận gò vấp phường 15 tân bình,,,,quận gò vấp phường 15 tân bình
2186,quang trung p8 gò vấp,,,,,,,,,quang trung p8 gò vấp,,,,quang trung p8 gò vấp
2187,"p8 , gò vấp",,,,,,,,,p8 gò vấp,,,,p8 gò vấp
2188,mặt tiền đường đào trí,,,,,,,,,mặt tiền đường đào trí,,,,mặt tiền đường đào trí
2189,mặt phố lạc long quân quận tây hồ,,,,,,,,,mặt phố lạc long quân quận tây hồ,,,,mặt phố lạc long quân quận tây hồ
2190,đường lạc long quân,,,,,,,,,đường lạc long quân,,,,đường lạc long quân
2191,"bt an khang villa , khu a dương nội , tập đoàn nam cường",,,,,,,,,bt an khang villa khu a dương nội tập đoàn nam cường,,,,bt an khang villa khu a dương nội tập đoàn nam cường
2192,"ngách 82 , ngõ 459 bạch mai",,,,,,,,,ngách 82 ngõ 459 bạch mai,,,,ngách 82 ngõ 459 bạch mai
2193,trung tâm xã bình yên,,,,,,,,,trung tâm xã bình yên,,,,trung tâm xã bình yên
2194,"an khang villa khu dương nội , tập đoàn nam cường",,,,,,,,,an khang villa khu dương nội tập đoàn nam cường,,,,an khang villa khu dương nội tập đoàn nam cường
2195,golden river,,,,,,,,,golden river,,,,golden river
2196,"ngõ 58 nguyễn khánh toàn , cầu giấy , hà nội",,,,,,,,,ngõ 58 nguyễn khánh toàn cầu giấy hà nội,,,,ngõ 58 nguyễn khánh toàn cầu giấy hà nội
2197,quận cầu giấy ngõ 58 nguyễn khánh toàn,,,,,,,,,quận cầu giấy ngõ 58 nguyễn khánh toàn,,,,quận cầu giấy ngõ 58 nguyễn khánh toàn
2198,trung tâm quận gò vấp,,,,,,,,,trung tâm quận gò vấp,,,,trung tâm quận gò vấp
2199,"dự án the terra an hưng , mặt phố tố hữu hà đông",,,,,,,,,dự án the terra an hưng mặt phố tố hữu hà đông,,,,dự án the terra an hưng mặt phố tố hữu hà đông
2200,dự án the terra - an hưng hà đông,,,,,,,,,dự án the terra an hưng hà đông,,,,dự án the terra an hưng hà đông
2201,the terra an hưng hà đông,,,,,,,,,the terra an hưng hà đông,,,,the terra an hưng hà đông
2202,"khu phân lô quân đội ngõ 93 phố vương thừa vũ , phường khương trung , quận thanh xuân , hn",,,,,,,,,khu phân lô quân đội ngõ 93 phố vương thừa vũ phường khương trung quận thanh xuân hn,,,,khu phân lô quân đội ngõ 93 phố vương thừa vũ phường khương trung quận thanh xuân hn
2203,"ung văn khiêm , p . 25 , q . bình thạnh",,,,,,,,,ung văn khiêm p 25 q bình thạnh,,,,ung văn khiêm p 25 q bình thạnh
2204,"bạch đằng , phường 2 , tân bình ( đường bạch đằng chính )",,,,,,,,,bạch đằng phường 2 tân bình đường bạch đằng chính,,,,bạch đằng phường 2 tân bình đường bạch đằng chính
2205,"số 290a lý thái tổ , p1 , quận 3",,,,,,,,,số 290a lý thái tổ p1 quận 3,,,,số 290a lý thái tổ p1 quận 3
2206,q7 saigon riverside,,,,,,,,,q7 saigon riverside,,,,q7 saigon riverside
2207,"xã phú cát , quốc oai , hòa lạc",,,,,,,,,xã phú cát quốc oai hòa lạc,,,,xã phú cát quốc oai hòa lạc
2208,khu đô thị ciputra,,,,,,,,,khu đô thị ciputra,,,,khu đô thị ciputra
2209,đường hồ quang cảnh,,,,,,,,,đường hồ quang cảnh,,,,đường hồ quang cảnh
2210,đường quang trung - yên nghĩa - hà đông,,,,,,,,,đường quang trung yên nghĩa hà đông,,,,đường quang trung yên nghĩa hà đông
2211,xã đồng trúc - thạch thất - hà nội,,,,,,,,,xã đồng trúc thạch thất hà nội,,,,xã đồng trúc thạch thất hà nội
2212,vũng tàu melody,,,,,,,,,vũng tàu melody,,,,vũng tàu melody
2213,"góc đường võ thị sáu và hoàng hoa thám , phường thắng tam , tp . vũng tàu",,,,,,,,,góc đường võ thị sáu và hoàng hoa thám phường thắng tam tp vũng tàu,,,,góc đường võ thị sáu và hoàng hoa thám phường thắng tam tp vũng tàu
2214,"la phù , an khánh - hoài đức - hà nội",,,,,,,,,la phù an khánh hoài đức hà nội,,,,la phù an khánh hoài đức hà nội
2215,khu trung tâm la phù - an khánh cạnh,,,,,,,,,khu trung tâm la phù an khánh cạnh,,,,khu trung tâm la phù an khánh cạnh
2216,số 40 ngõ 455 ngách 6 hà huy tập - yên viên,,,,,,,,,số 40 ngõ 455 ngách 6 hà huy tập yên viên,,,,số 40 ngõ 455 ngách 6 hà huy tập yên viên
2217,kdc tái định cư phú mỹ 2,,,,,,,,,kdc tái định cư phú mỹ 2,,,,kdc tái định cư phú mỹ 2
2218,"số 43 , đường d1 , phường phú mỹ , quận 7 , tphcm",,,,,,,,,số 43 đường d1 phường phú mỹ quận 7 tphcm,,,,số 43 đường d1 phường phú mỹ quận 7 tphcm
2219,"phố nguyễn chí thanh , đống đa , hà nội",,,,,,,,,phố nguyễn chí thanh đống đa hà nội,,,,phố nguyễn chí thanh đống đa hà nội
2220,"phạm văn chiêu , gò vấp",,,,,,,,,phạm văn chiêu gò vấp,,,,phạm văn chiêu gò vấp
2221,"số 261 mặt phố khuất duy tiến , q . thanh xuan",,,,,,,,,số 261 mặt phố khuất duy tiến q thanh xuan,,,,số 261 mặt phố khuất duy tiến q thanh xuan
2222,"thôn 10 , lộc nam , bảo lâm",,,,,,,,,thôn 10 lộc nam bảo lâm,,,,thôn 10 lộc nam bảo lâm
2223,kingdom 101,,,,,,,,,kingdom 101,,,,kingdom 101
2224,"mặt tiền hai bà trưng , p . tân định , quận 1",,,,,,,,,mặt tiền hai bà trưng p tân định quận 1,,,,mặt tiền hai bà trưng p tân định quận 1
2225,mặt phố võ chí công,,,,,,,,,mặt phố võ chí công,,,,mặt phố võ chí công
2226,phố võ chí công,,,,,,,,,phố võ chí công,,,,phố võ chí công
2227,"ấp 1 , tam an",,,,,,,,,ấp 1 tam an,,,,ấp 1 tam an
2228,trung tâm tp . vũng tàu,,,,,,,,,trung tâm tp vũng tàu,,,,trung tâm tp vũng tàu
2229,đường bình giã,,,,,,,,,đường bình giã,,,,đường bình giã
2230,"mt đường thân nhân trung , quận tân bình",,,,,,,,,mt đường thân nhân trung quận tân bình,,,,mt đường thân nhân trung quận tân bình
2231,"số 45 ngõ toàn thắng , khâm thiên , đống đa , hà nội",,,,,,,,,số 45 ngõ toàn thắng khâm thiên đống đa hà nội,,,,số 45 ngõ toàn thắng khâm thiên đống đa hà nội
2232,"nguyễn trãi , thanh xuân",,,,,,,,,nguyễn trãi thanh xuân,,,,nguyễn trãi thanh xuân
2233,"mặt đường giải phóng , kim đồng , hoàng mai , hà nội",,,,,,,,,mặt đường giải phóng kim đồng hoàng mai hà nội,,,,mặt đường giải phóng kim đồng hoàng mai hà nội
2234,"góc ngã tư kim đồng , giải phóng",,,,,,,,,góc ngã tư kim đồng giải phóng,,,,góc ngã tư kim đồng giải phóng
2235,đường giải phóng,,,,,,,,,đường giải phóng,,,,đường giải phóng
2236,"chung cư ct 3 nam cường , phố tôn quang phiệt , quận bắc từ liêm",,,,,,,,,chung cư ct 3 nam cường phố tôn quang phiệt quận bắc từ liêm,,,,chung cư ct 3 nam cường phố tôn quang phiệt quận bắc từ liêm
2237,"25 , phường 10 , quận 6",,,,,,,,,25 phường 10 quận 6,,,,25 phường 10 quận 6
2238,trung tâm quận 6,,,,,,,,,trung tâm quận 6,,,,trung tâm quận 6
2239,"125 / đinh tiên hoàng , phường 3 , q . bình thạnh , hcm",,,,,,,,,125 đinh tiên hoàng phường 3 q bình thạnh hcm,,,,125 đinh tiên hoàng phường 3 q bình thạnh hcm
2240,"tổ 18 , ngõ 390 / 21 ngọc thụy",,,,,,,,,tổ 18 ngõ 390 21 ngọc thụy,,,,tổ 18 ngõ 390 21 ngọc thụy
2241,"đường lê thị hoa , khu phố 5 , phường bình chiểu , quận thủ đức , tphcm",,,,,,,,,đường lê thị hoa khu phố 5 phường bình chiểu quận thủ đức tphcm,,,,đường lê thị hoa khu phố 5 phường bình chiểu quận thủ đức tphcm
2242,luxury legend flamingo đại lải,,,,,,,,,luxury legend flamingo đại lải,,,,luxury legend flamingo đại lải
2243,cc nơ 21 kđt pháp vân,,,,,,,,,cc nơ 21 kđt pháp vân,,,,cc nơ 21 kđt pháp vân
2244,"củ chi , tp hồ chí minh",,,,,,,,,củ chi tp,,,Hồ Chí Minh,"củ chi tp, Hồ Chí Minh"
2245,"số 3 đường nguyễn thị ni , xã phước hiệp , huyện củ chi",,,,,,,,,số 3 đường nguyễn thị ni xã phước hiệp huyện củ chi,,,,số 3 đường nguyễn thị ni xã phước hiệp huyện củ chi
2246,q . 5,,,,,,,,,q 5,,,,q 5
2247,số 121 / 4 trần bình trọng p2 q . 5,,,,,,,,,số 121 4 trần bình trọng p2 q 5,,,,số 121 4 trần bình trọng p2 q 5
2248,"số 3 đường nguyễn thị nị , xã phước hiệp , huyện củ chi",,,,,,,,,số 3 đường nguyễn thị nị xã phước hiệp huyện củ chi,,,,số 3 đường nguyễn thị nị xã phước hiệp huyện củ chi
2249,"số 18 đường số 12 , phường bình an , quận 2",,,,,,,,,số 18 đường số 12 phường bình an quận 2,,,,số 18 đường số 12 phường bình an quận 2
2250,"vinhomes riverside , quận long biên , hà nội",,,,,,,,,vinhomes riverside quận long biên hà nội,,,,vinhomes riverside quận long biên hà nội
2251,times tower - hacc 1 complex building - quận thanh xuân - hà nội,,,,,,,,,times tower hacc 1 complex building quận thanh xuân hà nội,,,,times tower hacc 1 complex building quận thanh xuân hà nội
2252,"chung cư times tower - đường lê văn lương - thanh xuân , hà nội",,,,,,,,,chung cư times tower đường lê văn lương thanh xuân hà nội,,,,chung cư times tower đường lê văn lương thanh xuân hà nội
2253,dự án vinhomes green bay mễ trì,,,,,,,,,dự án vinhomes green bay mễ trì,,,,dự án vinhomes green bay mễ trì
2254,"225 / 2 điện biên phủ , p15 , q . bình thạnh",,,,,,,,,225 2  phủ p15 q bình thạnh,,,Điện Biên,"225 2  phủ p15 q bình thạnh, Điện Biên"
2255,mặt tiền đường thái thuận - phường an phú,,,,,,,,,mặt tiền đường thái thuận phường an phú,,,,mặt tiền đường thái thuận phường an phú
2256,chung cư lương định của,,,,,,,,,chung cư lương định của,,,,chung cư lương định của
2257,chung cư mandarin garden,,,,,,,,,chung cư mandarin garden,,,,chung cư mandarin garden
2258,xã đàn,,,,,,,,,xã đàn,,,,xã đàn
2259,vinhomes green bay mễ trì,,,,,,,,,vinhomes green bay mễ trì,,,,vinhomes green bay mễ trì
2260,harmona,,,,,,,,,harmona,,,,harmona
2261,mặt tiền đường nội bộ trần não,,,,,,,,,mặt tiền đường nội bộ trần não,,,,mặt tiền đường nội bộ trần não
2262,"sky garden 3 , phú mỹ hưng , quận 7",,,,,,,,,sky garden 3 phú mỹ hưng quận 7,,,,sky garden 3 phú mỹ hưng quận 7
2263,"thanh xuân nam , ngõ 477 nguyễn trãi",,,,,,,,,thanh xuân nam ngõ 477 nguyễn trãi,,,,thanh xuân nam ngõ 477 nguyễn trãi
2264,"chung cư cao cấp golden west , số 2 lê văn thiêm",,,,,,,,,chung cư cao cấp golden west số 2 lê văn thiêm,,,,chung cư cao cấp golden west số 2 lê văn thiêm
2265,mặt tiền vũ tông phan,,,,,,,,,mặt tiền vũ tông phan,,,,mặt tiền vũ tông phan
2266,chung cư botanica premier ( chủ đầu tư novaland ),,,,,,,,,chung cư botanica premier chủ đầu tư novaland,,,,chung cư botanica premier chủ đầu tư novaland
2267,chung cư sky center quận tân bình,,,,,,,,,chung cư sky center quận tân bình,,,,chung cư sky center quận tân bình
2268,"913 trần xuân soạn , phường tân hưng , quận 7",,,,,,,,,913 trần xuân soạn phường tân hưng quận 7,,,,913 trần xuân soạn phường tân hưng quận 7
2269,tòa nhà nhà dragon 12 tầng,,,,,,,,,tòa nhà nhà dragon 12 tầng,,,,tòa nhà nhà dragon 12 tầng
2270,đường nguyễn đình khơi giao với,,,,,,,,,đường nguyễn đình khơi giao với,,,,đường nguyễn đình khơi giao với
2271,"hoàng văn thụ , phường 4 , tân bình",,,,,,,,,hoàng văn thụ phường 4 tân bình,,,,hoàng văn thụ phường 4 tân bình
2272,"đường điện biên phủ , quận bình thạnh",,,,,,,,,đường  phủ quận bình thạnh,,,Điện Biên,"đường  phủ quận bình thạnh, Điện Biên"
2273,300a đường điện biên phủ,,,,,,,,,300a đường  phủ,,,Điện Biên,"300a đường  phủ, Điện Biên"
2274,"h3 , hoàng diệu , quận 4",,,,,,,,,h3 hoàng diệu quận 4,,,,h3 hoàng diệu quận 4
2275,10 triệu / tháng,,,,,,,,,10 triệu tháng,,,,10 triệu tháng
2276,cao ốc căn hộ h3 - hoàng diệu - quận 4 - hồ chí minh,,,,,,,,,cao ốc căn hộ h3 hoàng diệu,, Quận 4,Hồ Chí Minh,"cao ốc căn hộ h3 hoàng diệu,  Quận 4, Hồ Chí Minh"
2277,"số 45 nguyễn hữu cảnh , phường 22 , bình thạnh",,,,,,,,,số 45 nguyễn hữu cảnh phường 22 bình thạnh,,,,số 45 nguyễn hữu cảnh phường 22 bình thạnh
2278,chung cư river garden,,,,,,,,,chung cư river garden,,,,chung cư river garden
2279,"phường 6 , quận gò vấp , thành phố hồ chí minh",,,,,,,,,thành phố,Phường 6,Quận Gò Vấp,Hồ Chí Minh,"thành phố, Phường 6, Quận Gò Vấp, Hồ Chí Minh"
2280,chung cư cao cấp tại thăng long no 1 tại số 1 đại lộ thăng long,,,,,,,,,chung cư cao cấp tại thăng long no 1 tại số 1 đại lộ thăng long,,,,chung cư cao cấp tại thăng long no 1 tại số 1 đại lộ thăng long
2281,chung cư phú thạnh quận tân phú,,,,,,,,,chung cư phú thạnh quận tân phú,,,,chung cư phú thạnh quận tân phú
2282,mặt đường lạc long quân,,,,,,,,,mặt đường lạc long quân,,,,mặt đường lạc long quân
2283,mặt phố lạc long quân,,,,,,,,,mặt phố lạc long quân,,,,mặt phố lạc long quân
2284,"ch sài gòn gateway - đường xa lộ hà nội , quận 9",,,,,,,,,ch sài gòn gateway đường xa lộ hà nội quận 9,,,,ch sài gòn gateway đường xa lộ hà nội quận 9
2285,"6 / 17 - 19 cách mạng tháng 8 , p . bến thành , q . 1",,,,,,,,,6 17 19 cách mạng tháng 8 p bến thành q 1,,,,6 17 19 cách mạng tháng 8 p bến thành q 1
2286,"số 8 đường số 2 , phường phú mỹ , quận 7",,,,,,,,,số 8 đường số 2 phường phú mỹ quận 7,,,,số 8 đường số 2 phường phú mỹ quận 7
2287,chung cư tại nguyễ thị định - phường trung hòa - quận cầu giấy,,,,,,,,,chung cư tại nguyễ thị định phường trung hòa quận cầu giấy,,,,chung cư tại nguyễ thị định phường trung hòa quận cầu giấy
2288,mặt phố vũ tông phan,,,,,,,,,mặt phố vũ tông phan,,,,mặt phố vũ tông phan
2289,"phố vũ tông phan , thanh xuân",,,,,,,,,phố vũ tông phan thanh xuân,,,,phố vũ tông phan thanh xuân
2290,( + 84 ) 898 588 741,,,,,,,,,84 898 588 741,,,,84 898 588 741
2291,chung cư 8x thái an,,,,,,,,,chung cư 8x thái an,,,,chung cư 8x thái an
2292,mặt tiền đường phan huy ích,,,,,,,,,mặt tiền đường phan huy ích,,,,mặt tiền đường phan huy ích
2293,"căn hộ b9 . 18 , chung cư 8x thái an , số 221 phan huy ích , p . 14 , q . gò gấp",,,,,,,,,căn hộ b9 18 chung cư 8x thái an số 221 phan huy ích p 14 q gò gấp,,,,căn hộ b9 18 chung cư 8x thái an số 221 phan huy ích p 14 q gò gấp
2294,"quận 7 , hồ chí minh",,,,,,,,,,, Quận 7,Hồ Chí Minh," Quận 7, Hồ Chí Minh"
2295,biệt thự 7 tầng thuộc khu dân cư dân an,,,,,,,,,biệt thự 7 tầng thuộc khu dân cư dân an,,,,biệt thự 7 tầng thuộc khu dân cư dân an
2296,"đường nguyễn thái bình , quận tân bình",,,,,,,,,đường nguyễn  quận tân bình,,,Thái Bình,"đường nguyễn  quận tân bình, Thái Bình"
2297,"119 phổ quang , p9 , phú nhuận",,,,,,,,,119 phổ quang p9 phú nhuận,,,,119 phổ quang p9 phú nhuận
2298,đường phan văn hân,,,,,,,,,đường phan văn hân,,,,đường phan văn hân
2299,dự án q7 saigon riverside tọa lạc tại,,,,,,,,,dự án q7 saigon riverside tọa lạc tại,,,,dự án q7 saigon riverside tọa lạc tại
2300,"đường đào trí , phường phú thuận , quận 7 , tp . hcm",,,,,,,,,đường đào trí phường phú thuận quận 7 tp hcm,,,,đường đào trí phường phú thuận quận 7 tp hcm
2301,sunshine city,,,,,,,,,sunshine city,,,,sunshine city
2302,"đường số 4 , phường bình thọ , thủ đức",,,,,,,,,đường số 4 phường bình thọ thủ đức,,,,đường số 4 phường bình thọ thủ đức
2303,ngõ 168 kim giang,,,,,,,,,ngõ 168 kim giang,,,,ngõ 168 kim giang
2304,mặt đường nguyễn công trứ ( đường 10 . đường đi kim sơn,,,,,,,,,mặt đường nguyễn công trứ đường 10 đường đi kim sơn,,,,mặt đường nguyễn công trứ đường 10 đường đi kim sơn
2305,"phố thanh bình , phường ninh sơn , thành phố ninh bình",,,,,,,,,phố thanh bình  thành phố,Phường Ninh Sơn,Thành phố Ninh Bình,Ninh Bình,"phố thanh bình  thành phố, Phường Ninh Sơn, Thành phố Ninh Bình, Ninh Bình"
2306,p11 quận bình thạnh,,,,,,,,,p11 quận bình thạnh,,,,p11 quận bình thạnh
2307,j03 . 22 an phú shop villa - kđt dương nội,,,,,,,,,j03 22 an phú shop villa kđt dương nội,,,,j03 22 an phú shop villa kđt dương nội
2308,cổng vạn phúc,,,,,,,,,cổng vạn phúc,,,,cổng vạn phúc
2309,h479 p . hiệp bình phước,,,,,,,,,h479 p hiệp,,,Bình Phước,"h479 p hiệp, Bình Phước"
2310,"tòa b1 , chung cư cao cấp mandarin garden - hoàng minh giám",,,,,,,,,tòa b1 chung cư cao cấp mandarin garden hoàng minh giám,,,,tòa b1 chung cư cao cấp mandarin garden hoàng minh giám
2311,bình giã đá bạc huyện châu đức bà rịa vũng tàu,,,,,,,,,bình giã đá bạc,,Huyện Châu Đức,Bà Rịa Vũng Tàu,"bình giã đá bạc, Huyện Châu Đức, Bà Rịa Vũng Tàu"
2312,"hẻm 402 đường hòa hảo , phường 8 , quận 10",,,,,,,,,hẻm 402 đường hòa hảo phường 8 quận 10,,,,hẻm 402 đường hòa hảo phường 8 quận 10
2313,"đường tỉnh lộ 8 , xã tân thạnh tây , huyện củ chi",,,,,,,,,đường tỉnh lộ 8 xã tân thạnh tây huyện củ chi,,,,đường tỉnh lộ 8 xã tân thạnh tây huyện củ chi
2314,đường tỉnh lộ 8,,,,,,,,,đường tỉnh lộ 8,,,,đường tỉnh lộ 8
2315,"p . an lạc , bình tân",,,,,,,,,p an lạc bình tân,,,,p an lạc bình tân
2316,khu dân cư lê thành,,,,,,,,,khu dân cư lê thành,,,,khu dân cư lê thành
2317,"nguyệt quế 16 - 31 dự án vinhomes riverside the harmony , long biên , hà nội",,,,,,,,,nguyệt quế 16 31 dự án vinhomes riverside the harmony long biên hà nội,,,,nguyệt quế 16 31 dự án vinhomes riverside the harmony long biên hà nội
2318,"xã long phước , huyện long thành tỉnh đồng nai",,,,,,,,,tỉnh,Xã Long Phước,Huyện Long Thành,Đồng Nai,"tỉnh, Xã Long Phước, Huyện Long Thành, Đồng Nai"
2319,"dự án lake view city quận 2 , đường song hành",,,,,,,,,dự án lake view city quận 2 đường song hành,,,,dự án lake view city quận 2 đường song hành
2320,đường trần đại nghĩa,,,,,,,,,đường trần đại nghĩa,,,,đường trần đại nghĩa
2321,đường trần đại nghĩa là,,,,,,,,,đường trần đại nghĩa là,,,,đường trần đại nghĩa là
2322,"mặt tiền đường thuận giao 25 , thuận giao , thành phố thuận an",,,,,,,,,mặt tiền đường thuận giao 25 thuận giao thành phố thuận an,,,,mặt tiền đường thuận giao 25 thuận giao thành phố thuận an
2323,an khang villa,,,,,,,,,an khang villa,,,,an khang villa
2324,"l06 , an khang villa , đtm dương nội , la khê , hà đông , hà nội",,,,,,,,,l06 an khang villa đtm dương nội la khê hà đông hà nội,,,,l06 an khang villa đtm dương nội la khê hà đông hà nội
2325,đường hùng vương - phố tây nha trang,,,,,,,,,đường hùng vương phố tây nha trang,,,,đường hùng vương phố tây nha trang
2326,trung tâm phố tây nha trang,,,,,,,,,trung tâm phố tây nha trang,,,,trung tâm phố tây nha trang
2327,mặt ngõ chùa duệ tú,,,,,,,,,mặt ngõ chùa duệ tú,,,,mặt ngõ chùa duệ tú
2328,cầu cốc - tây mỗ,,,,,,,,,cầu cốc tây mỗ,,,,cầu cốc tây mỗ
2329,m3 - 14 manhatan glory,,,,,,,,,m3 14 manhatan glory,,,,m3 14 manhatan glory
2330,vinhomes grand park hướng đông bắc,,,,,,,,,vinhomes grand park hướng đông bắc,,,,vinhomes grand park hướng đông bắc
2331,mặt đường vũ tông phan - thanh xuân,,,,,,,,,mặt đường vũ tông phan thanh xuân,,,,mặt đường vũ tông phan thanh xuân
2332,tp thủ dầu một,,,,,,,,,tp thủ dầu một,,,,tp thủ dầu một
2333,"mặt tiền đường hà văn lao , thị trấn củ chi",,,,,,,,,mặt tiền đường hà văn lao thị trấn củ chi,,,,mặt tiền đường hà văn lao thị trấn củ chi
2334,"trục đường trường chinh , nguyễn văn quá",,,,,,,,,trục đường trường chinh nguyễn văn quá,,,,trục đường trường chinh nguyễn văn quá
2335,mặt phố lớn khuất duy tiến,,,,,,,,,mặt phố lớn khuất duy tiến,,,,mặt phố lớn khuất duy tiến
2336,"ngõ 193 / 220 , phú diễn , bắc từ liêm , hà nội",,,,,,,,,ngõ 193 220 phú diễn bắc từ liêm hà nội,,,,ngõ 193 220 phú diễn bắc từ liêm hà nội
2337,"đường lê thị riêng , p . bến thành , q1",,,,,,,,,đường lê thị riêng p bến thành q1,,,,đường lê thị riêng p bến thành q1
2338,"96 / 2 lê thị riêng , phường bến thành , q1",,,,,,,,,96 2 lê thị riêng phường bến thành q1,,,,96 2 lê thị riêng phường bến thành q1
2339,"85a trương định , phường 6 , quận 3",,,,,,,,,85a trương định phường 6 quận 3,,,,85a trương định phường 6 quận 3
2340,"địa chỉ p2 - 10 eastern park thạch bàn long biên , hà nội",,,,,,,,,địa chỉ p2 10 eastern park thạch bàn long biên hà nội,,,,địa chỉ p2 10 eastern park thạch bàn long biên hà nội
2341,"số 31 đường trường sơn , phường 4 , quận tân bình",,,,,,,,,số 31 đường trường sơn phường 4 quận tân bình,,,,số 31 đường trường sơn phường 4 quận tân bình
2342,landmark 81,,,,,,,,,landmark 81,,,,landmark 81
2343,"28 , mỹ đình , nam từ liêm , hà nội",,,,,,,,,28 mỹ đình nam từ liêm hà nội,,,,28 mỹ đình nam từ liêm hà nội
2344,dự án dolphin plaza,,,,,,,,,dự án dolphin plaza,,,,dự án dolphin plaza
2345,354,,,,,,,,,354,,,,354
2346,"100 / 15 đường 49 , khu phố 7 , p . hiệp bình chánh , q . thủ đức",,,,,,,,,100 15 đường 49 khu phố 7 p hiệp bình chánh q thủ đức,,,,100 15 đường 49 khu phố 7 p hiệp bình chánh q thủ đức
2347,số nhà 33 ngõ 20 trương định . hà nội,,,,,,,,,số nhà 33 ngõ 20 trương định hà nội,,,,số nhà 33 ngõ 20 trương định hà nội
2348,đường phan văn hớn quận 12,,,,,,,,,đường phan văn hớn quận 12,,,,đường phan văn hớn quận 12
2349,ngõ 95 hàng bông ( góc ngã tư hàng bông - quán sứ,,,,,,,,,ngõ 95 hàng bông góc ngã tư hàng bông quán sứ,,,,ngõ 95 hàng bông góc ngã tư hàng bông quán sứ
2350,"222 phan xích long , phường 7 , quận phú nhuận , tp . hcm",,,,,,,,,222 phan xích long phường 7 quận phú nhuận tp hcm,,,,222 phan xích long phường 7 quận phú nhuận tp hcm
2351,"an dương vương , bình tân",,,,,,,,,an dương vương bình tân,,,,an dương vương bình tân
2352,"saigonres plaza , 188 nguyễn xí , p . 26 , bình thạnh",,,,,,,,,saigonres plaza 188 nguyễn xí p 26 bình thạnh,,,,saigonres plaza 188 nguyễn xí p 26 bình thạnh
2353,"quận 12 , hồ chí minh",,,,,,,,,2,, Quận 1,Hồ Chí Minh,"2,  Quận 1, Hồ Chí Minh"
2354,mizuki park,,,,,,,,,mizuki park,,,,mizuki park
2355,chung cư b6 - mỹ đình,,,,,,,,,chung cư b6 mỹ đình,,,,chung cư b6 mỹ đình
2356,khu chung cư b6,,,,,,,,,khu chung cư b6,,,,khu chung cư b6
2357,scenic valley 2,,,,,,,,,scenic valley 2,,,,scenic valley 2
2358,"số 14 phan ngữ , phường đa kao , quận 1",,,,,,,,,số 14 phan ngữ phường đa kao quận 1,,,,số 14 phan ngữ phường đa kao quận 1
2359,"đường phạm ngọc thạch , xã đàn",,,,,,,,,đường phạm ngọc thạch xã đàn,,,,đường phạm ngọc thạch xã đàn
2360,"trung tâm quận đống đa , đầu đường phạm ngọc thạch và xã đàn",,,,,,,,,trung tâm quận đống đa đầu đường phạm ngọc thạch và xã đàn,,,,trung tâm quận đống đa đầu đường phạm ngọc thạch và xã đàn
2361,"ngõ 58 mạc thị bưởi , vĩnh tuy",,,,,,,,,ngõ 58 mạc thị bưởi vĩnh tuy,,,,ngõ 58 mạc thị bưởi vĩnh tuy
2362,park hill,,,,,,,,,park hill,,,,park hill
2363,"lacasa 89 hoàng quốc việt , quận 7",,,,,,,,,lacasa 89 hoàng quốc việt quận 7,,,,lacasa 89 hoàng quốc việt quận 7
2364,"mặt đường quốc lộ 1a , quán gánh , thường tín , hà nội",,,,,,,,,mặt đường quốc lộ 1a quán gánh thường tín hà nội,,,,mặt đường quốc lộ 1a quán gánh thường tín hà nội
2365,"đường nguyễn thái bình , phường 12 , quận tân bình",,,,,,,,,đường nguyễn  phường 12 quận tân bình,,,Thái Bình,"đường nguyễn  phường 12 quận tân bình, Thái Bình"
2366,"263 tên lửa , bình trị đông b , bình tân",,,,,,,,,263 tên lửa bình trị đông b bình tân,,,,263 tên lửa bình trị đông b bình tân
2367,vũng tàu center,,,,,,,,,vũng tàu center,,,,vũng tàu center
2368,"49 lê lai , p3 , gò vấp",,,,,,,,,49 lê lai p3 gò vấp,,,,49 lê lai p3 gò vấp
2369,"trung kính đường đôi , phường yên hòa , cầu giấy , hà nội",,,,,,,,,trung kính đường đôi phường yên hòa cầu giấy hà nội,,,,trung kính đường đôi phường yên hòa cầu giấy hà nội
2370,"địa chỉ 469b nguyễn văn cừ , hồng hải , tp hạ long , tỉnh quảng ninh",,,,,,,,,địa chỉ 469b nguyễn văn cừ hồng hải tp hạ long tỉnh,,,Quảng Ninh,"địa chỉ 469b nguyễn văn cừ hồng hải tp hạ long tỉnh, Quảng Ninh"
2371,"198 / 4e nguyễn thị thập , p . bình thuận , q7",,,,,,,,,198 4e nguyễn thị thập p  q7,,,Bình Thuận  ,"198 4e nguyễn thị thập p  q7, Bình Thuận  "
2372,"khu căn hộ cao cấp him lam phú an . 32 thủy lợi , phước long a , quận 9",,,,,,,,,khu căn hộ cao cấp him lam phú an 32 thủy lợi phước long a quận 9,,,,khu căn hộ cao cấp him lam phú an 32 thủy lợi phước long a quận 9
2373,"86 đường ngọc hân công chúa , ninh xá , tp bắc ninh",,,,,,,,,86 đường ngọc hân công chúa ninh xá tp,,,Bắc Ninh,"86 đường ngọc hân công chúa ninh xá tp, Bắc Ninh"
2374,"878 / 16 hương lộ 2 , bình tân",,,,,,,,,878 16 hương lộ 2 bình tân,,,,878 16 hương lộ 2 bình tân
2375,"phú mỹ hưng , hưng phước 3",,,,,,,,,phú mỹ hưng hưng phước 3,,,,phú mỹ hưng hưng phước 3
2376,"thôn hoàng trạch , mễ sở , văn giang , hưng yên",,,,,,,,,thôn hoàng trạch mễ sở văn giang,,,Hưng Yên,"thôn hoàng trạch mễ sở văn giang, Hưng Yên"
2377,"phường an phú đông , quận 12 , hồ chí minh",,,,,,,,,phường an phú đông 2,, Quận 1,Hồ Chí Minh,"phường an phú đông 2,  Quận 1, Hồ Chí Minh"
2378,dự án vinhomes ocean park,,,,,,,,,dự án vinhomes ocean park,,,,dự án vinhomes ocean park
2379,mặt tiền phan văn trị,,,,,,,,,mặt tiền phan văn trị,,,,mặt tiền phan văn trị
2380,cityland park hills,,,,,,,,,cityland park hills,,,,cityland park hills
2381,chung cư rose town 79 ngọc hồi quận hoàng mai,,,,,,,,,chung cư rose town 79 ngọc hồi quận hoàng mai,,,,chung cư rose town 79 ngọc hồi quận hoàng mai
2382,đường lê văn thọ,,,,,,,,,đường lê văn thọ,,,,đường lê văn thọ
2383,trục đường lê văn thọ,,,,,,,,,trục đường lê văn thọ,,,,trục đường lê văn thọ
2384,duplex diamond goldmark city,,,,,,,,,duplex diamond goldmark city,,,,duplex diamond goldmark city
2385,số 9 ngách 31 ngõ 622 minh khai,,,,,,,,,số 9 ngách 31 ngõ 622 minh khai,,,,số 9 ngách 31 ngõ 622 minh khai
2386,"xã hưng lộc , huyện thống nhất , biên hòa , đồng nai",,,,,,,,,biên hòa,Xã Hưng Lộc,Huyện Thống Nhất,Đồng Nai,"biên hòa, Xã Hưng Lộc, Huyện Thống Nhất, Đồng Nai"
2387,five star số 2 kim giang,,,,,,,,,five star số 2 kim giang,,,,five star số 2 kim giang
2388,hẻm 21 đường bình lợi p . 13 quận bình thạnh,,,,,,,,,hẻm 21 đường bình lợi p 13 quận bình thạnh,,,,hẻm 21 đường bình lợi p 13 quận bình thạnh
2389,khu manhattan glory dự án vinhomes grand park q9,,,,,,,,,khu manhattan glory dự án vinhomes grand park q9,,,,khu manhattan glory dự án vinhomes grand park q9
2390,"u01 - l86 , kdt đô nghĩa , yên nghĩa , hà đông , hà nội",,,,,,,,,u01 l86 kdt đô nghĩa yên nghĩa hà đông hà nội,,,,u01 l86 kdt đô nghĩa yên nghĩa hà đông hà nội
2391,"93 / 10 nguyễn thanh tuyền , p . 2 , q . tân bình",,,,,,,,,93 10 nguyễn thanh tuyền p 2 q tân bình,,,,93 10 nguyễn thanh tuyền p 2 q tân bình
2392,"số 1 , phan văn đáng , thạnh mỹ lợi , quận 2",,,,,,,,,số 1 phan văn đáng thạnh mỹ lợi quận 2,,,,số 1 phan văn đáng thạnh mỹ lợi quận 2
2393,chung cư feliz en vista,,,,,,,,,chung cư feliz en vista,,,,chung cư feliz en vista
2394,phố cổ - hoàn kiếm,,,,,,,,,phố cổ hoàn kiếm,,,,phố cổ hoàn kiếm
2395,phố thanh hà,,,,,,,,,phố thanh hà,,,,phố thanh hà
2396,"hậu ái , vân canh",,,,,,,,,hậu ái vân canh,,,,hậu ái vân canh
2397,sunrise city north,,,,,,,,,sunrise city north,,,,sunrise city north
2398,"lũy bán bích , tân thành , tân phú",,,,,,,,,lũy bán bích tân thành tân phú,,,,lũy bán bích tân thành tân phú
2399,"cổ đông , sơn tây , hà nội",,,,,,,,,cổ đông sơn tây hà nội,,,,cổ đông sơn tây hà nội
2400,số nhà 35 khu 5b thị trấn hậu lộc thanh hóa,,,,,,,,,số nhà 35 khu 5b thị trấn hậu lộc,,,Thanh Hóa,"số nhà 35 khu 5b thị trấn hậu lộc, Thanh Hóa"
2401,"ngã 3 thái lan , phường tam phước , tp biên hòa",,,,,,,,,ngã 3 thái lan phường tam phước tp biên hòa,,,,ngã 3 thái lan phường tam phước tp biên hòa
2402,ch gemek,,,,,,,,,ch gemek,,,,ch gemek
2403,vinhomes grand park quận 9,,,,,,,,,vinhomes grand park quận 9,,,,vinhomes grand park quận 9
2404,khu resort flamingo đại lải,,,,,,,,,khu resort flamingo đại lải,,,,khu resort flamingo đại lải
2405,hẻm 257 phạm đăng giảng,,,,,,,,,hẻm 257 phạm đăng giảng,,,,hẻm 257 phạm đăng giảng
2406,tt hà đông,,,,,,,,,tt hà đông,,,,tt hà đông
2407,"tu hoàng , phương canh , nam từ liêm quận",,,,,,,,,tu hoàng phương canh nam từ liêm quận,,,,tu hoàng phương canh nam từ liêm quận
2408,"a4 , khu k300 , phường 12 , quận tân bình",,,,,,,,,a4 khu k300 phường 12 quận tân bình,,,,a4 khu k300 phường 12 quận tân bình
2409,200 nguyễn tuân thanh xuân hà nội,,,,,,,,,200 nguyễn tuân thanh xuân hà nội,,,,200 nguyễn tuân thanh xuân hà nội
2410,"vĩnh khê , xã an đồng , an dương , hải phòng",,,,,,,,,vĩnh khê xã an đồng an dương,,,Hải Phòng,"vĩnh khê xã an đồng an dương, Hải Phòng"
2411,"ngã 3 bàu lách tỉnh lộ 15 , xã nhuận đức , củ chi",,,,,,,,,ngã 3 bàu lách tỉnh lộ 15 xã nhuận đức củ chi,,,,ngã 3 bàu lách tỉnh lộ 15 xã nhuận đức củ chi
2412,"dự án thanh hà cienco 5 hà đông , hà nội",,,,,,,,,dự án thanh hà cienco 5 hà đông hà nội,,,,dự án thanh hà cienco 5 hà đông hà nội
2413,dự án cát lái invesco,,,,,,,,,dự án cát lái invesco,,,,dự án cát lái invesco
2414,"đường thạnh xuân 25 , p . thạnh xuân , q . 12",,,,,,,,,đường thạnh xuân 25 p thạnh xuân q 12,,,,đường thạnh xuân 25 p thạnh xuân q 12
2415,chung cư hiệp thành 3 . block f,,,,,,,,,chung cư hiệp thành 3 block f,,,,chung cư hiệp thành 3 block f
2416,estella heights,,,,,,,,,estella heights,,,,estella heights
2417,"88 song hành xa lộ hà nội , p . an phú , quận 2 , tp . hồ chí minh",,,,,,,,,88 song hành xa lộ hà nội p an phú  tp,, Quận 2,Hồ Chí Minh,"88 song hành xa lộ hà nội p an phú  tp,  Quận 2, Hồ Chí Minh"
2418,mặt đường kinh dương vương,,,,,,,,,mặt đường kinh dương vương,,,,mặt đường kinh dương vương
2419,nguyễn huy tưởng,,,,,,,,,nguyễn huy tưởng,,,,nguyễn huy tưởng
2420,"khu tên lửa , q . bình tân",,,,,,,,,khu tên lửa q bình tân,,,,khu tên lửa q bình tân
2421,da moonlight boulevard mặt tiền đường kinh dương vương,,,,,,,,,da moonlight boulevard mặt tiền đường kinh dương vương,,,,da moonlight boulevard mặt tiền đường kinh dương vương
2422,trần vỹ,,,,,,,,,trần vỹ,,,,trần vỹ
2423,richstar - chung cư cao cấp novaland,,,,,,,,,richstar chung cư cao cấp novaland,,,,richstar chung cư cao cấp novaland
2424,"garden plaza 1 , phú mỹ hưng , q7",,,,,,,,,garden plaza 1 phú mỹ hưng q7,,,,garden plaza 1 phú mỹ hưng q7
2425,sun avenue,,,,,,,,,sun avenue,,,,sun avenue
2426,đường trần hữu dực,,,,,,,,,đường trần hữu dực,,,,đường trần hữu dực
2427,hàm nghi,,,,,,,,,hàm nghi,,,,hàm nghi
2428,"chung cư richstar - 278 hòa bình , p . hiệp tân , q . tân phú",,,,,,,,,chung cư richstar 278  p hiệp tân q tân phú,,,Hòa Bình,"chung cư richstar 278  p hiệp tân q tân phú, Hòa Bình"
2429,hẻm 276 mã lò - p . bình trị đông - quận bình tân,,,,,,,,,hẻm 276 mã lò p bình trị đông quận bình tân,,,,hẻm 276 mã lò p bình trị đông quận bình tân
2430,the tresor,,,,,,,,,the tresor,,,,the tresor
2431,s101 vinhomes grand park,,,,,,,,,s101 vinhomes grand park,,,,s101 vinhomes grand park
2432,"tropic garden số 56 đường 66 , phường thảo điền , quận 2",,,,,,,,,tropic garden số 56 đường 66 phường thảo điền quận 2,,,,tropic garden số 56 đường 66 phường thảo điền quận 2
2433,"số 184 - 186 đinh tiên hoàng , phường đa kao , quận 1",,,,,,,,,số 184 186 đinh tiên hoàng phường đa kao quận 1,,,,số 184 186 đinh tiên hoàng phường đa kao quận 1
2434,kiệt 149 lê đình lý,,,,,,,,,kiệt 149 lê đình lý,,,,kiệt 149 lê đình lý
2435,rich star - cách công viên văn hóa đầm sen 2 phút,,,,,,,,,rich star cách công viên văn hóa đầm sen 2 phút,,,,rich star cách công viên văn hóa đầm sen 2 phút
2436,khu đô thị cao cấp vinhomes golden river bason,,,,,,,,,khu đô thị cao cấp vinhomes golden river bason,,,,khu đô thị cao cấp vinhomes golden river bason
2437,đường river view 6,,,,,,,,,đường river view 6,,,,đường river view 6
2438,"the ascent , quận 2",,,,,,,,,the ascent quận 2,,,,the ascent quận 2
2439,"green view . phú mỹ hưng , q7",,,,,,,,,green view phú mỹ hưng q7,,,,green view phú mỹ hưng q7
2440,"mặt tiền đường 37 lê quốc hưng , phường 12 , quận 4",,,,,,,,,mặt tiền đường 37 lê quốc hưng phường 12 quận 4,,,,mặt tiền đường 37 lê quốc hưng phường 12 quận 4
2441,"hẻm 1 sẹc xe hơi , 35 đường ao đôi , quận bình tân",,,,,,,,,hẻm 1 sẹc xe hơi 35 đường ao đôi quận bình tân,,,,hẻm 1 sẹc xe hơi 35 đường ao đôi quận bình tân
2442,him lam tân hưng,,,,,,,,,him lam tân hưng,,,,him lam tân hưng
2443,"đường tân bửu , bến lức , long an",,,,,,,,,đường tân bửu bến lức,,,Long An,"đường tân bửu bến lức, Long An"
2444,mặt tiền đường trần quốc toản,,,,,,,,,mặt tiền đường trần quốc toản,,,,mặt tiền đường trần quốc toản
2445,hoàng ngân,,,,,,,,,hoàng ngân,,,,hoàng ngân
2446,đường phạm xuân ẩn - nam ntp,,,,,,,,,đường phạm xuân ẩn nam ntp,,,,đường phạm xuân ẩn nam ntp
2447,lưu hữu phước,,,,,,,,,lưu hữu phước,,,,lưu hữu phước
2448,vinhomes golden river - ba son,,,,,,,,,vinhomes golden river ba son,,,,vinhomes golden river ba son
2449,new sài gòn - hoàng anh 3,,,,,,,,,new sài gòn hoàng anh 3,,,,new sài gòn hoàng anh 3
2450,"kđt trung hòa , cầu giấy",,,,,,,,,kđt trung hòa cầu giấy,,,,kđt trung hòa cầu giấy
2451,"sunrise city south số 23 nguyễn hữu thọ , p . tân hưng , quận 7",,,,,,,,,sunrise city south số 23 nguyễn hữu thọ p tân hưng quận 7,,,,sunrise city south số 23 nguyễn hữu thọ p tân hưng quận 7
2452,"đường song hành cao tốc long thành , p . an phú , quận 2 , tp . hồ chí minh",,,,,,,,,đường song hành cao tốc long thành p an phú  tp,, Quận 2,Hồ Chí Minh,"đường song hành cao tốc long thành p an phú  tp,  Quận 2, Hồ Chí Minh"
2453,"mặt tiền đường 422 nguyễn thị thập , phường tân quy , quận 7",,,,,,,,,mặt tiền đường 422 nguyễn thị thập phường tân quy quận 7,,,,mặt tiền đường 422 nguyễn thị thập phường tân quy quận 7
2454,"bến vân đồn , quận 4 , the tresor",,,,,,,,,bến vân đồn quận 4 the tresor,,,,bến vân đồn quận 4 the tresor
2455,"grand court , phú mỹ hưng , q7",,,,,,,,,grand court phú mỹ hưng q7,,,,grand court phú mỹ hưng q7
2456,phú mỹ hưng,,,,,,,,,phú mỹ hưng,,,,phú mỹ hưng
2457,kiệt hùng vương,,,,,,,,,kiệt hùng vương,,,,kiệt hùng vương
2458,nguyễn xiển,,,,,,,,,nguyễn xiển,,,,nguyễn xiển
2459,"richstar - căn hộ cao cấp novaland , chung cư cao cấp nhất q . tân phú",,,,,,,,,richstar căn hộ cao cấp novaland chung cư cao cấp nhất q tân phú,,,,richstar căn hộ cao cấp novaland chung cư cao cấp nhất q tân phú
2460,"thôn viên ngoại , đặng xá , gia lâm",,,,,,,,,thôn viên ngoại đặng xá gia lâm,,,,thôn viên ngoại đặng xá gia lâm
2461,đường mỹ đình,,,,,,,,,đường mỹ đình,,,,đường mỹ đình
2462,rich star - chung cư cao cấp novaland - tô hiệu - hòa bình,,,,,,,,,rich star chung cư cao cấp novaland tô hiệu,,,Hòa Bình,"rich star chung cư cao cấp novaland tô hiệu, Hòa Bình"
2463,mt nguyễn hữu thọ,,,,,,,,,mt nguyễn hữu thọ,,,,mt nguyễn hữu thọ
2464,botanica premier,,,,,,,,,botanica premier,,,,botanica premier
2465,"108 hồng hà , phường 2 , quận tân bình",,,,,,,,,108 hồng hà phường 2 quận tân bình,,,,108 hồng hà phường 2 quận tân bình
2466,"04 tòa xuân mai tô hiệu , hà đông",,,,,,,,,04 tòa xuân mai tô hiệu hà đông,,,,04 tòa xuân mai tô hiệu hà đông
2467,khu an ninh oasis city,,,,,,,,,khu an ninh oasis city,,,,khu an ninh oasis city
2468,55 đặng la ma,,,,,,,,,55 đặng la ma,,,,55 đặng la ma
2469,mặt tiền đường nguyễn thị nhung,,,,,,,,,mặt tiền đường nguyễn thị nhung,,,,mặt tiền đường nguyễn thị nhung
2470,the legend 109 nguyễn tuân,,,,,,,,,the legend 109 nguyễn tuân,,,,the legend 109 nguyễn tuân
2471,chung cư tòa n04b1 thành thái,,,,,,,,,chung cư tòa n04b1 thành thái,,,,chung cư tòa n04b1 thành thái
2472,"cao cấp vinhomes golden river ba son , quận 1",,,,,,,,,cao cấp vinhomes golden river ba son quận 1,,,,cao cấp vinhomes golden river ba son quận 1
2473,chung cư golden land - số 275 nguyễn trãi,,,,,,,,,chung cư golden land số 275 nguyễn trãi,,,,chung cư golden land số 275 nguyễn trãi
2474,"nguyễn oanh , quận gò vấp",,,,,,,,,nguyễn oanh quận gò vấp,,,,nguyễn oanh quận gò vấp
2475,"star hill , phú mỹ hưng quận 7",,,,,,,,,star hill phú mỹ hưng quận 7,,,,star hill phú mỹ hưng quận 7
2476,"đường đức giang , phường đức giang , quận long biên , tp hà nội",,,,,,,,,đường đức giang phường đức giang quận long biên tp hà nội,,,,đường đức giang phường đức giang quận long biên tp hà nội
2477,đại an,,,,,,,,,đại an,,,,đại an
2478,phố đại an,,,,,,,,,phố đại an,,,,phố đại an
2479,"quang trung , quận gò vấp",,,,,,,,,quang trung quận gò vấp,,,,quang trung quận gò vấp
2480,"hẻm 870 lạc long quân thông 373 lý thường kiệt , phường 8 , tân bình",,,,,,,,,hẻm 870 lạc long quân thông 373 lý thường kiệt phường 8 tân bình,,,,hẻm 870 lạc long quân thông 373 lý thường kiệt phường 8 tân bình
2481,khu phân lô quân đội 918 phúc đồng - long biên - hà nội,,,,,,,,,khu phân lô quân đội 918 phúc đồng long biên hà nội,,,,khu phân lô quân đội 918 phúc đồng long biên hà nội
2482,"đường cao thắng , p . 12 , q . 10",,,,,,,,,đường cao thắng p 12 q 10,,,,đường cao thắng p 12 q 10
2483,"nhà 1 sẹc đường nguyễn khoái , quận 4",,,,,,,,,nhà 1 sẹc đường nguyễn khoái quận 4,,,,nhà 1 sẹc đường nguyễn khoái quận 4
2484,"phố linh đàm , phường đại kim , quận hoàng mai , thành phố hà nội",,,,,,,,,phố linh đàm phường đại kim quận hoàng mai thành phố hà nội,,,,phố linh đàm phường đại kim quận hoàng mai thành phố hà nội
2485,"đường lê văn sỹ , quận 3",,,,,,,,,đường lê văn sỹ quận 3,,,,đường lê văn sỹ quận 3
2486,khu đô thị hòa quý city . - đường 7m5,,,,,,,,,khu đô thị hòa quý city đường 7m5,,,,khu đô thị hòa quý city đường 7m5
2487,q4,,,,,,,,,q4,,,,q4
2488,home city trung kính,,,,,,,,,home city trung kính,,,,home city trung kính
2489,tòa v2,,,,,,,,,tòa v2,,,,tòa v2
2490,"hẻm 435 / 47 . . huỳnh tấn phát , quận 7",,,,,,,,,hẻm 435 47 huỳnh tấn phát quận 7,,,,hẻm 435 47 huỳnh tấn phát quận 7
2491,"305 / 15 đường tân sơn nhì , phường tân sơn nhì , quận tân phú",,,,,,,,,305 15 đường tân sơn nhì phường tân sơn nhì quận tân phú,,,,305 15 đường tân sơn nhì phường tân sơn nhì quận tân phú
2492,mặt đường nguyễn văn huyên,,,,,,,,,mặt đường nguyễn văn huyên,,,,mặt đường nguyễn văn huyên
2493,43 phạm văn đồng,,,,,,,,,43 phạm văn đồng,,,,43 phạm văn đồng
2494,"chung cư khánh hội 2 , bến vân đồn , p1 , q4",,,,,,,,,chung cư khánh hội 2 bến vân đồn p1 q4,,,,chung cư khánh hội 2 bến vân đồn p1 q4
2495,mặt tiền đường nguyễn nho túy,,,,,,,,,mặt tiền đường nguyễn nho túy,,,,mặt tiền đường nguyễn nho túy
2496,"đường phan văn hớn , tân thới nhất , quận 12",,,,,,,,,đường phan văn hớn tân thới nhất quận 12,,,,đường phan văn hớn tân thới nhất quận 12
2497,mặt phố vũ phạm hàm,,,,,,,,,mặt phố vũ phạm hàm,,,,mặt phố vũ phạm hàm
2498,richstar - novaland,,,,,,,,,richstar novaland,,,,richstar novaland
2499,"sai gon royal , bến vân đồn , q4",,,,,,,,,sai gon royal bến vân đồn q4,,,,sai gon royal bến vân đồn q4
2500,"số 34 - 35 đường bến vân đồn , phường 12 , quận 4 , tp hồ chí minh",,,,,,,,,số 34 35 đường bến vân đồn 2  tp,Phường 1, Quận 4,Hồ Chí Minh,"số 34 35 đường bến vân đồn 2  tp, Phường 1,  Quận 4, Hồ Chí Minh"
2501,"đường lê văn khương , quận 12",,,,,,,,,đường lê văn khương quận 12,,,,đường lê văn khương quận 12
2502,khuất duy tiến,,,,,,,,,khuất duy tiến,,,,khuất duy tiến
2503,gold view,,,,,,,,,gold view,,,,gold view
2504,nguyễn hoàng,,,,,,,,,nguyễn hoàng,,,,nguyễn hoàng
2505,trung tâm phường 12 quận tân bình,,,,,,,,,trung tâm phường 12 quận tân bình,,,,trung tâm phường 12 quận tân bình
2506,"mỹ giang 1,2 . phú mỹ hưng , quận 7 , tp . hcm",,,,,,,,,mỹ giang 1 2 phú mỹ hưng quận 7 tp hcm,,,,mỹ giang 1 2 phú mỹ hưng quận 7 tp hcm
2507,hàng bài - hàng khay,,,,,,,,,hàng bài hàng khay,,,,hàng bài hàng khay
2508,amber riverside 622 minh khai,,,,,,,,,amber riverside 622 minh khai,,,,amber riverside 622 minh khai
2509,ngõ 622 thông sang,,,,,,,,,ngõ 622 thông sang,,,,ngõ 622 thông sang
2510,đồng đen,,,,,,,,,đồng đen,,,,đồng đen
2511,chung cư garden gate - novaland,,,,,,,,,chung cư garden gate novaland,,,,chung cư garden gate novaland
2512,the tresor bến vân đồn,,,,,,,,,the tresor bến vân đồn,,,,the tresor bến vân đồn
2513,sunrise city view,,,,,,,,,sunrise city view,,,,sunrise city view
2514,"hẻm nguyễn kiệm , phường 3 , gò vấp , tphcm",,,,,,,,,hẻm nguyễn kiệm phường 3 gò vấp tphcm,,,,hẻm nguyễn kiệm phường 3 gò vấp tphcm
2515,nguyễn sỹ sách p . 15 q . tân bình,,,,,,,,,nguyễn sỹ sách p 15 q tân bình,,,,nguyễn sỹ sách p 15 q tân bình
2516,đường tân sơn,,,,,,,,,đường tân sơn,,,,đường tân sơn
2517,phố lớn xã đàn,,,,,,,,,phố lớn xã đàn,,,,phố lớn xã đàn
2518,"rich star , q . tân phú",,,,,,,,,rich star q tân phú,,,,rich star q tân phú
2519,"khách sạn jw marriot số 8 đỗ đức dục , hn",,,,,,,,,khách sạn jw marriot số 8 đỗ đức dục hn,,,,khách sạn jw marriot số 8 đỗ đức dục hn
2520,"hẻm 83 / 26 / 10 hồ hảo hớn , phường cô giang , quận 1 , tp . hcm",,,,,,,,,hẻm 83 26 10 hồ hảo hớn phường cô giang quận 1 tp hcm,,,,hẻm 83 26 10 hồ hảo hớn phường cô giang quận 1 tp hcm
2521,quận 1 - phường cô giang - tp . hcm,,,,,,,,,quận 1 phường cô giang tp hcm,,,,quận 1 phường cô giang tp hcm
2522,tháp ruby,,,,,,,,,tháp ruby,,,,tháp ruby
2523,ngõ 296 minh khai,,,,,,,,,ngõ 296 minh khai,,,,ngõ 296 minh khai
2524,"xã minh hưng , chơn thành , bình phước",,,,,,,,,xã minh hưng chơn thành,,,Bình Phước,"xã minh hưng chơn thành, Bình Phước"
2525,tháp altaz,,,,,,,,,tháp altaz,,,,tháp altaz
2526,khu đô thị mới thạnh mỹ lợi,,,,,,,,,khu đô thị mới thạnh mỹ lợi,,,,khu đô thị mới thạnh mỹ lợi
2527,thạnh mỹ lợi,,,,,,,,,thạnh mỹ lợi,,,,thạnh mỹ lợi
2528,tt q . phú nhuận,,,,,,,,,tt q phú nhuận,,,,tt q phú nhuận
2529,thích quảng đức,,,,,,,,,thích quảng đức,,,,thích quảng đức
2530,kdc ngân thuận ( stella mega city ),,,,,,,,,kdc ngân thuận stella mega city,,,,kdc ngân thuận stella mega city
2531,"time garden trục đường lê thánh tông , hạ long",,,,,,,,,time garden trục đường lê thánh tông hạ long,,,,time garden trục đường lê thánh tông hạ long
2532,"mặt tiền đường phước thành , phường 7 , đà lạt",,,,,,,,,mặt tiền đường phước thành phường 7 đà lạt,,,,mặt tiền đường phước thành phường 7 đà lạt
2533,"phường tân đông hiệp , dĩ an , bình dương",,,,,,,,,phường tân đông hiệp dĩ an,,,Bình Dương,"phường tân đông hiệp dĩ an, Bình Dương"
2534,"lộc an , long thành",,,,,,,,,lộc an long thành,,,,lộc an long thành
2535,"phường tân sơn nhì , quận tân phú",,,,,,,,,phường tân sơn nhì quận tân phú,,,,phường tân sơn nhì quận tân phú
2536,"985 / 15 , âu cơ , phường tân sơn nhì , quận tân phú , hcm",,,,,,,,,985 15 âu cơ phường tân sơn nhì quận tân phú hcm,,,,985 15 âu cơ phường tân sơn nhì quận tân phú hcm
2537,dự án căn hộ cao cấp tsg lotus 190 sài đồng,,,,,,,,,dự án căn hộ cao cấp tsg lotus 190 sài đồng,,,,dự án căn hộ cao cấp tsg lotus 190 sài đồng
2538,"190 sài đồng , việt hưng , long biên",,,,,,,,,190 sài đồng việt hưng long biên,,,,190 sài đồng việt hưng long biên
2539,nguyễn chánh,,,,,,,,,nguyễn chánh,,,,nguyễn chánh
2540,phố ngụy như kon tum,,,,,,,,,phố ngụy như,,,Kon Tum,"phố ngụy như, Kon Tum"
2541,"chung cư happy house garden đô thị việt hưng , long biên , hà nội",,,,,,,,,chung cư happy house garden đô thị việt hưng long biên hà nội,,,,chung cư happy house garden đô thị việt hưng long biên hà nội
2542,mặt phố tôn thất tùng - khu đh y đống đa,,,,,,,,,mặt phố tôn thất tùng khu đh y đống đa,,,,mặt phố tôn thất tùng khu đh y đống đa
2543,"chung cư handi resco 31 lê văn lương , thanh xuân , hà nội",,,,,,,,,chung cư handi resco 31 lê văn lương thanh xuân hà nội,,,,chung cư handi resco 31 lê văn lương thanh xuân hà nội
2544,ngõ 9 phố minh khai,,,,,,,,,ngõ 9 phố minh khai,,,,ngõ 9 phố minh khai
2545,"gold view , quận 4",,,,,,,,,gold view quận 4,,,,gold view quận 4
2546,phạm hùng,,,,,,,,,phạm hùng,,,,phạm hùng
2547,483 phạm văn bạch phường 15 quận tân bình,,,,,,,,,483 phạm văn bạch phường 15 quận tân bình,,,,483 phạm văn bạch phường 15 quận tân bình
2548,"đường nguyễn hữu dật , p tây thạnh , q tân phú",,,,,,,,,đường nguyễn hữu dật p tây thạnh q tân phú,,,,đường nguyễn hữu dật p tây thạnh q tân phú
2549,"128 hồng hà , phường 9 , phú nhuận , tp . hcm",,,,,,,,,128 hồng hà phường 9 phú nhuận tp hcm,,,,128 hồng hà phường 9 phú nhuận tp hcm
2550,vườn lài,,,,,,,,,vườn lài,,,,vườn lài
2551,chung cư cao cấp stellar garden - 35 lê văn thiêm,,,,,,,,,chung cư cao cấp stellar garden 35 lê văn thiêm,,,,chung cư cao cấp stellar garden 35 lê văn thiêm
2552,tòa vinhomes dcapitale trần duy hưng,,,,,,,,,tòa vinhomes dcapitale trần duy hưng,,,,tòa vinhomes dcapitale trần duy hưng
2553,thống nhất complex - 82 nguyễn tuân,,,,,,,,,thống nhất complex 82 nguyễn tuân,,,,thống nhất complex 82 nguyễn tuân
2554,mặt phố láng hạ,,,,,,,,,mặt phố láng hạ,,,,mặt phố láng hạ
2555,ch sunshine riverside - tây hồ,,,,,,,,,ch sunshine riverside tây hồ,,,,ch sunshine riverside tây hồ
2556,chung cư 173 xuân thủy,,,,,,,,,chung cư 173 xuân thủy,,,,chung cư 173 xuân thủy
2557,hà đô centrosa,,,,,,,,,hà đô centrosa,,,,hà đô centrosa
2558,"nguyễn kiệm , phường 3 , gò vấp tphcm",,,,,,,,,nguyễn kiệm phường 3 gò vấp tphcm,,,,nguyễn kiệm phường 3 gò vấp tphcm
2559,362a lê quang định q . bình thạnh,,,,,,,,,362a lê quang định q bình thạnh,,,,362a lê quang định q bình thạnh
2560,mt 362a lê quang định - bình thạnh,,,,,,,,,mt 362a lê quang định bình thạnh,,,,mt 362a lê quang định bình thạnh
2561,"cống lở , p15 , tân bình",,,,,,,,,cống lở p15 tân bình,,,,cống lở p15 tân bình
2562,chung cư hei tower - tòa nhà điện lực,,,,,,,,,chung cư hei tower tòa nhà điện lực,,,,chung cư hei tower tòa nhà điện lực
2563,chung cư hà đô nguyễn văn công phường 3 gò vấp tphcm,,,,,,,,,chung cư hà đô nguyễn văn công phường 3 gò vấp tphcm,,,,chung cư hà đô nguyễn văn công phường 3 gò vấp tphcm
2564,mặt tiền hoàng việt q tân bình,,,,,,,,,mặt tiền hoàng việt q tân bình,,,,mặt tiền hoàng việt q tân bình
2565,"mặt tiền hoàng việt , phường 4 , quận tân bình",,,,,,,,,mặt tiền hoàng việt phường 4 quận tân bình,,,,mặt tiền hoàng việt phường 4 quận tân bình
2566,"mặt tiền nguyễn xí , q . bình thạnh",,,,,,,,,mặt tiền nguyễn xí q bình thạnh,,,,mặt tiền nguyễn xí q bình thạnh
2567,"mặt tiền phan xích long , p . 7 , q . phú nhuận",,,,,,,,,mặt tiền phan xích long p 7 q phú nhuận,,,,mặt tiền phan xích long p 7 q phú nhuận
2568,số 383 đường hoàng tăng bí - đức thắng - bắc từ liêm hà nội,,,,,,,,,số 383 đường hoàng tăng bí đức thắng bắc từ liêm hà nội,,,,số 383 đường hoàng tăng bí đức thắng bắc từ liêm hà nội
2569,khu đô thị pháp vân,,,,,,,,,khu đô thị pháp vân,,,,khu đô thị pháp vân
2570,"mặt tiền lê anh xuân , phường bến thành quận 1",,,,,,,,,mặt tiền lê anh xuân phường bến thành quận 1,,,,mặt tiền lê anh xuân phường bến thành quận 1
2571,"hưng vượng 3 , phú mỹ hưng , q7",,,,,,,,,hưng vượng 3 phú mỹ hưng q7,,,,hưng vượng 3 phú mỹ hưng q7
2572,đường nhánh trần não quận 2,,,,,,,,,đường nhánh trần não quận 2,,,,đường nhánh trần não quận 2
2573,cao đức lân,,,,,,,,,cao đức lân,,,,cao đức lân
2574,số 12 phố trần quốc vượng,,,,,,,,,số 12 phố trần quốc vượng,,,,số 12 phố trần quốc vượng
2575,ngõ 125 xuân thủy,,,,,,,,,ngõ 125 xuân thủy,,,,ngõ 125 xuân thủy
2576,"quốc lộ 1a ngã tư tân thới hiệp , quận 12",,,,,,,,,quốc lộ 1a ngã tư tân thới hiệp quận 12,,,,quốc lộ 1a ngã tư tân thới hiệp quận 12
2577,"tòa royal city , ngã tư sở",,,,,,,,,tòa royal city ngã tư sở,,,,tòa royal city ngã tư sở
2578,"vũ tông phan - phường an phú , quận 2",,,,,,,,,vũ tông phan phường an phú quận 2,,,,vũ tông phan phường an phú quận 2
2579,chung cư quận 2 centana thủ thiêm,,,,,,,,,chung cư quận 2 centana thủ thiêm,,,,chung cư quận 2 centana thủ thiêm
2580,"36 mai chí thọ , an phú , quận 2 - ch centana thủ thiêm",,,,,,,,,36 mai chí thọ an phú quận 2 ch centana thủ thiêm,,,,36 mai chí thọ an phú quận 2 ch centana thủ thiêm
2581,palm heights,,,,,,,,,palm heights,,,,palm heights
2582,125 hoàng ngân,,,,,,,,,125 hoàng ngân,,,,125 hoàng ngân
2583,đường chính trung tâm cần thơ,,,,,,,,,đường chính trung tâm,,,Cần Thơ,"đường chính trung tâm, Cần Thơ"
2584,mặt phố bà triệu,,,,,,,,,mặt phố bà triệu,,,,mặt phố bà triệu
2585,ngõ lê trọng tấn,,,,,,,,,ngõ lê trọng tấn,,,,ngõ lê trọng tấn
2586,12 đường số 10 khu nam long,,,,,,,,,12 đường số 10 khu nam long,,,,12 đường số 10 khu nam long
2587,"thạnh xuân 25 , phường thạnh xuân , quận 12",,,,,,,,,thạnh xuân 25 phường thạnh xuân quận 12,,,,thạnh xuân 25 phường thạnh xuân quận 12
2588,"chung cư richland southern 181 đường xuân thủy , cầu giấy , hà nội",,,,,,,,,chung cư richland southern 181 đường xuân thủy cầu giấy hà nội,,,,chung cư richland southern 181 đường xuân thủy cầu giấy hà nội
2589,mễ trì,,,,,,,,,mễ trì,,,,mễ trì
2590,"kcn bàu xéo , trảng bom , đồng nai",,,,,,,,,kcn bàu xéo trảng bom,,,Đồng Nai,"kcn bàu xéo trảng bom, Đồng Nai"
2591,kim long,,,,,,,,,kim long,,,,kim long
2592,"351 lê văn sỹ ngay trung tâm quận 3 , quận 10 , quận 1",,,,,,,,,351 lê văn sỹ ngay trung tâm quận 3 quận 10 quận 1,,,,351 lê văn sỹ ngay trung tâm quận 3 quận 10 quận 1
2593,tòa vietcombank cầu giấy,,,,,,,,,tòa vietcombank cầu giấy,,,,tòa vietcombank cầu giấy
2594,"chung cư m - one gia định , 12 nguyễn bỉnh khiêm , phường 1 , gò vấp",,,,,,,,,chung cư m one gia định 12 nguyễn bỉnh khiêm phường 1 gò vấp,,,,chung cư m one gia định 12 nguyễn bỉnh khiêm phường 1 gò vấp
2595,long biên hà nội liên hệ thành,,,,,,,,,long biên hà nội liên hệ thành,,,,long biên hà nội liên hệ thành
2596,kcn đài tư long biên hà nội,,,,,,,,,kcn đài tư long biên hà nội,,,,kcn đài tư long biên hà nội
2597,đường ung văn khiêm,,,,,,,,,đường ung văn khiêm,,,,đường ung văn khiêm
2598,góc đường d1,,,,,,,,,góc đường d1,,,,góc đường d1
2599,dự án vinhomes riverside the harmony . nguyệt quế 8,,,,,,,,,dự án vinhomes riverside the harmony nguyệt quế 8,,,,dự án vinhomes riverside the harmony nguyệt quế 8
2600,dự án golden city bình dương,,,,,,,,,dự án golden city,,,Bình Dương,"dự án golden city, Bình Dương"
2601,"melody vũng tàu địa chỉ 149 võ thị sáu , p . thắng tam , tp vũng tàu",,,,,,,,,melody vũng tàu địa chỉ 149 võ thị sáu p thắng tam tp vũng tàu,,,,melody vũng tàu địa chỉ 149 võ thị sáu p thắng tam tp vũng tàu
2602,thành phố vũng tàu,,,,,,,,,thành phố vũng tàu,,,,thành phố vũng tàu
2603,xã tiến xuân - huyện thạch thất - hà nội,,,,,,,,,xã tiến xuân huyện thạch thất hà nội,,,,xã tiến xuân huyện thạch thất hà nội
2604,hồng thái : hồng thái garden,,,,,,,,,hồng thái hồng thái garden,,,,hồng thái hồng thái garden
2605,mặt ngõ nguyễn an ninh,,,,,,,,,mặt ngõ nguyễn an ninh,,,,mặt ngõ nguyễn an ninh
2606,hoàng lan,,,,,,,,,hoàng lan,,,,hoàng lan
2607,phường điện ngọc - thị xã điện bàn - quảng nam,,,,,,,,,phường điện ngọc thị xã điện bàn,,,Quảng Nam,"phường điện ngọc thị xã điện bàn, Quảng Nam"
2608,"422 đường 2 / 9 , hòa cường bắc , hải châu , đà nẵng",,,,,,,,,422 đường 2 9 hòa cường bắc hải châu,,,Đà Nẵng,"422 đường 2 9 hòa cường bắc hải châu, Đà Nẵng"
2609,astral city tại đường đại lộ bình dương,,,,,,,,,astral city tại đường đại lộ,,,Bình Dương,"astral city tại đường đại lộ, Bình Dương"
2610,căn hộ astral city,,,,,,,,,căn hộ astral city,,,,căn hộ astral city
2611,khu thời báo kinh tế sài gòn q9,,,,,,,,,khu thời báo kinh tế sài gòn q9,,,,khu thời báo kinh tế sài gòn q9
2612,"phường thạnh xuân , quận 12 , hồ chí minh",,,,,,,,,phường thạnh xuân 2,, Quận 1,Hồ Chí Minh,"phường thạnh xuân 2,  Quận 1, Hồ Chí Minh"
2613,khu emerald dự án celadon city,,,,,,,,,khu emerald dự án celadon city,,,,khu emerald dự án celadon city
2614,"hẻm 2 / phường đông hưng thuận , q12",,,,,,,,,hẻm 2 phường đông hưng thuận q12,,,,hẻm 2 phường đông hưng thuận q12
2615,trung tâm làng cổ đông ngạc,,,,,,,,,trung tâm làng cổ đông ngạc,,,,trung tâm làng cổ đông ngạc
2616,"ngách 22 , nhà số 12",,,,,,,,,ngách 22 nhà số 12,,,,ngách 22 nhà số 12
2617,"đường nhánh mỹ phước tân vạn , bình an , dĩ an , bình dương",,,,,,,,,đường nhánh mỹ phước tân vạn bình an dĩ an,,,Bình Dương,"đường nhánh mỹ phước tân vạn bình an dĩ an, Bình Dương"
2618,số 22 nguyễn khang,,,,,,,,,số 22 nguyễn khang,,,,số 22 nguyễn khang
2619,"mt 116 nguyễn văn nghi , phường 5 , gò vấp",,,,,,,,,mt 116 nguyễn văn nghi phường 5 gò vấp,,,,mt 116 nguyễn văn nghi phường 5 gò vấp
2620,đường số 34,,,,,,,,,đường số 34,,,,đường số 34
2621,mặt tiền nguyễn trãi,,,,,,,,,mặt tiền nguyễn trãi,,,,mặt tiền nguyễn trãi
2622,dự án vinhomes dcapitale trần duy hưng,,,,,,,,,dự án vinhomes dcapitale trần duy hưng,,,,dự án vinhomes dcapitale trần duy hưng
2623,nguyễn khuyến,,,,,,,,,nguyễn khuyến,,,,nguyễn khuyến
2624,27 trung kính,,,,,,,,,27 trung kính,,,,27 trung kính
2625,"núi tiên phương , chương mỹ",,,,,,,,,núi tiên phương chương mỹ,,,,núi tiên phương chương mỹ
2626,"bắc bình , bình thuận",,,,,,,,,bắc bình,,,Bình Thuận  ,"bắc bình, Bình Thuận  "
2627,"dự án sunrise riverside , nguyễn hữu thọ , phước kiển , nhà bè",,,,,,,,,dự án sunrise riverside nguyễn hữu thọ phước kiển nhà bè,,,,dự án sunrise riverside nguyễn hữu thọ phước kiển nhà bè
2628,chung cư sunrise riverside,,,,,,,,,chung cư sunrise riverside,,,,chung cư sunrise riverside
2629,âu cơ,,,,,,,,,âu cơ,,,,âu cơ
2630,số 05,,,,,,,,,số 05,,,,số 05
2631,tòa a7,,,,,,,,,tòa a7,,,,tòa a7
2632,đường xtt 08,,,,,,,,,đường xtt 08,,,,đường xtt 08
2633,"62 / 8h , đường xuân thới thượng 8 , ấp 3 , xã xuân thới thượng , hóc môn",,,,,,,,,62 8h đường xuân thới thượng 8 ấp 3 xã xuân thới thượng hóc môn,,,,62 8h đường xuân thới thượng 8 ấp 3 xã xuân thới thượng hóc môn
2634,58 / 5a phạm văn chiêu phường 8 gò vấp hcm,,,,,,,,,58 5a phạm văn chiêu phường 8 gò vấp hcm,,,,58 5a phạm văn chiêu phường 8 gò vấp hcm
2635,chung cư phú lợi d2,,,,,,,,,chung cư phú lợi d2,,,,chung cư phú lợi d2
2636,phường phú hòa tp . thủ dầu một bình dương,,,,,,,,,phường phú hòa tp thủ dầu một,,,Bình Dương,"phường phú hòa tp thủ dầu một, Bình Dương"
2637,"ngã tư phú lợi phường phú hòa , tp . thủ dầu một",,,,,,,,,ngã tư phú lợi phường phú hòa tp thủ dầu một,,,,ngã tư phú lợi phường phú hòa tp thủ dầu một
2638,ngõ rộng phố minh khai,,,,,,,,,ngõ rộng phố minh khai,,,,ngõ rộng phố minh khai
2639,"thượng thanh , ngõ 2,2 m",,,,,,,,,thượng thanh ngõ 2 2 m,,,,thượng thanh ngõ 2 2 m
2640,quan hoa,,,,,,,,,quan hoa,,,,quan hoa
2641,ngõ 102 nguyễn đình hoàn,,,,,,,,,ngõ 102 nguyễn đình hoàn,,,,ngõ 102 nguyễn đình hoàn
2642,"đường vĩnh phúc , quận ba đình",,,,,,,,,đường  quận ba đình,,,Vĩnh Phúc,"đường  quận ba đình, Vĩnh Phúc"
2643,"phố ngọc lâm , long biên , hà nội",,,,,,,,,phố ngọc lâm long biên hà nội,,,,phố ngọc lâm long biên hà nội
2644,ngõ 236 khương đình,,,,,,,,,ngõ 236 khương đình,,,,ngõ 236 khương đình
2645,"đường nguyễn trãi , quận thanh xuân , hà nội",,,,,,,,,đường nguyễn trãi quận thanh xuân hà nội,,,,đường nguyễn trãi quận thanh xuân hà nội
2646,mặt ngõ 296 minh khai,,,,,,,,,mặt ngõ 296 minh khai,,,,mặt ngõ 296 minh khai
2647,phường thụy khuê,,,,,,,,,phường thụy khuê,,,,phường thụy khuê
2648,ngõ 83 triều khúc - thanh xuân,,,,,,,,,ngõ 83 triều khúc thanh xuân,,,,ngõ 83 triều khúc thanh xuân
2649,ngõ 83 phố triều khúc - tân triều,,,,,,,,,ngõ 83 phố triều khúc tân triều,,,,ngõ 83 phố triều khúc tân triều
2650,"khu phân lô cán bộ cao cấp phường tam trinh , quận hoàng mai , hà nội",,,,,,,,,khu phân lô cán bộ cao cấp phường tam trinh quận hoàng mai hà nội,,,,khu phân lô cán bộ cao cấp phường tam trinh quận hoàng mai hà nội
2651,"phố trần thái tông , quận cầu giấy",,,,,,,,,phố trần thái tông quận cầu giấy,,,,phố trần thái tông quận cầu giấy
2652,phố chùa hà,,,,,,,,,phố chùa hà,,,,phố chùa hà
2653,xóm đại tự - kim chung,,,,,,,,,xóm đại tự kim chung,,,,xóm đại tự kim chung
2654,"đường mỹ đình , nam từ liêm , hà nội",,,,,,,,,đường mỹ đình nam từ liêm hà nội,,,,đường mỹ đình nam từ liêm hà nội
2655,ngõ 54 lê quang đạo nam từ liêm hà nội,,,,,,,,,ngõ 54 lê quang đạo nam từ liêm hà nội,,,,ngõ 54 lê quang đạo nam từ liêm hà nội
2656,"gamuda , hoàng mai",,,,,,,,,gamuda hoàng mai,,,,gamuda hoàng mai
2657,kđt gamuda thộc tập đoàn bđs hàng đầu của malaysia,,,,,,,,,kđt gamuda thộc tập đoàn bđs hàng đầu của malaysia,,,,kđt gamuda thộc tập đoàn bđs hàng đầu của malaysia
2658,ngõ phố đào tấn,,,,,,,,,ngõ phố đào tấn,,,,ngõ phố đào tấn
2659,"phố bồ đề , long biên",,,,,,,,,phố bồ đề long biên,,,,phố bồ đề long biên
2660,"phố thái thịnh , đống đa",,,,,,,,,phố thái thịnh đống đa,,,,phố thái thịnh đống đa
2661,"xã đàn , đống đa , hà nội",,,,,,,,,xã đàn đống đa hà nội,,,,xã đàn đống đa hà nội
2662,sky center phổ quang,,,,,,,,,sky center phổ quang,,,,sky center phổ quang
2663,"trần quốc thảo , phường 7 , quận 3",,,,,,,,,trần quốc thảo phường 7 quận 3,,,,trần quốc thảo phường 7 quận 3
2664,phố cự lộc,,,,,,,,,phố cự lộc,,,,phố cự lộc
2665,"ngọc thụy , quận long biên , hà nội",,,,,,,,,ngọc thụy quận long biên hà nội,,,,ngọc thụy quận long biên hà nội
2666,trung tâm quận long biên,,,,,,,,,trung tâm quận long biên,,,,trung tâm quận long biên
2667,"phố nguyễn văn cừ , quận long biên , hà nội",,,,,,,,,phố nguyễn văn cừ quận long biên hà nội,,,,phố nguyễn văn cừ quận long biên hà nội
2668,phố nguyễn văn cừ,,,,,,,,,phố nguyễn văn cừ,,,,phố nguyễn văn cừ
2669,thịnh liệt hoàng mai,,,,,,,,,thịnh liệt hoàng mai,,,,thịnh liệt hoàng mai
2670,89 phùng văn cung quận phú nhuận,,,,,,,,,89 phùng văn cung quận phú nhuận,,,,89 phùng văn cung quận phú nhuận
2671,khu vip phan xích long,,,,,,,,,khu vip phan xích long,,,,khu vip phan xích long
2672,the sun avenue - novaland - quận 2,,,,,,,,,the sun avenue novaland quận 2,,,,the sun avenue novaland quận 2
2673,"ấp 5 xã phước bình , long thành , đồng nai",,,,,,,,,ấp 5 xã phước bình long thành,,,Đồng Nai,"ấp 5 xã phước bình long thành, Đồng Nai"
2674,long thành - đồng nai,,,,,,,,,long thành,,,Đồng Nai,"long thành, Đồng Nai"
2675,"đường 17 số 385 tổ 20 kp bình phú , bình chuẩn , thuận an , bình dương",,,,,,,,,đường 17 số 385 tổ 20 kp bình phú bình chuẩn thuận an,,,Bình Dương,"đường 17 số 385 tổ 20 kp bình phú bình chuẩn thuận an, Bình Dương"
2676,"1 sẹc đường liên khu 8 - 9 , bình hưng hòa a , bình tân",,,,,,,,,1 sẹc đường liên khu 8 9 bình hưng hòa a bình tân,,,,1 sẹc đường liên khu 8 9 bình hưng hòa a bình tân
2677,"minh phụng , quận 11",,,,,,,,,minh phụng quận 11,,,,minh phụng quận 11
2678,"dự án green bay premium , đường hoàng quốc việt , hùng thắng , hạ long , quảng ninh",,,,,,,,,dự án green bay premium đường hoàng quốc việt hùng thắng hạ long,,,Quảng Ninh,"dự án green bay premium đường hoàng quốc việt hùng thắng hạ long, Quảng Ninh"
2679,trục đường trung tâm hoàng quốc việt thành phố hạ long,,,,,,,,,trục đường trung tâm hoàng quốc việt thành phố hạ long,,,,trục đường trung tâm hoàng quốc việt thành phố hạ long
2680,nl 14 - mỹ phước 3,,,,,,,,,nl 14 mỹ phước 3,,,,nl 14 mỹ phước 3
2681,"đường đô đốc tuyết và lỗ giáng 16 , hòa xuân , cẩm lệ",,,,,,,,,đường đô đốc tuyết và lỗ giáng 16 hòa xuân cẩm lệ,,,,đường đô đốc tuyết và lỗ giáng 16 hòa xuân cẩm lệ
2682,"685 âu cơ , tân thành , tân phú",,,,,,,,,685 âu cơ tân thành tân phú,,,,685 âu cơ tân thành tân phú
2683,"đường nguyễn văn đậu , phường 11 , quận bình thạnh",,,,,,,,,đường nguyễn văn đậu phường 11 quận bình thạnh,,,,đường nguyễn văn đậu phường 11 quận bình thạnh
2684,đường bà điểm 8,,,,,,,,,đường bà điểm 8,,,,đường bà điểm 8
2685,"đường số 1 ( cityland center hills ) , p7 gò vấp",,,,,,,,,đường số 1 cityland center hills p7 gò vấp,,,,đường số 1 cityland center hills p7 gò vấp
2686,"đường bùi đình túy , p . 12 , q . bình thạnh",,,,,,,,,đường bùi đình túy p 12 q bình thạnh,,,,đường bùi đình túy p 12 q bình thạnh
2687,dự án masteri an phú,,,,,,,,,dự án masteri an phú,,,,dự án masteri an phú
2688,"kdc cao cấp gia hòa , 523a , đỗ xuân hợp , p . phước long b , q . 9",,,,,,,,,kdc cao cấp gia hòa 523a đỗ xuân hợp p phước long b q 9,,,,kdc cao cấp gia hòa 523a đỗ xuân hợp p phước long b q 9
2689,masteri thảo điền quận 2,,,,,,,,,masteri thảo điền quận 2,,,,masteri thảo điền quận 2
2690,charmington la pointe,,,,,,,,,charmington la pointe,,,,charmington la pointe
2691,"charmington la pointe , 181 cao thắng",,,,,,,,,charmington la pointe 181 cao thắng,,,,charmington la pointe 181 cao thắng
2692,"mặt tiền 181 cao thắng , p12 , q10",,,,,,,,,mặt tiền 181 cao thắng p12 q10,,,,mặt tiền 181 cao thắng p12 q10
2693,trần lựu an phú quận 2,,,,,,,,,trần lựu an phú quận 2,,,,trần lựu an phú quận 2
2694,an phú building,,,,,,,,,an phú building,,,,an phú building
2695,q2,,,,,,,,,q2,,,,q2
2696,chung cư garden gate,,,,,,,,,chung cư garden gate,,,,chung cư garden gate
2697,"08 hoàng minh giám , phường 9 , q . phú nhuận , tp . hcm",,,,,,,,,08 hoàng minh giám phường 9 q phú nhuận tp hcm,,,,08 hoàng minh giám phường 9 q phú nhuận tp hcm
2698,"450 / 16 phan xích long , p . 2 , q . phú nhuận",,,,,,,,,450 16 phan xích long p 2 q phú nhuận,,,,450 16 phan xích long p 2 q phú nhuận
2699,"mặt tiền đường 837 nguyễn thị tư ( đường 990 cũ ) , phường phú hữu , quận 9 , phường phú hữu , quận 9",,,,,,,,,mặt tiền đường 837 nguyễn thị tư đường 990 cũ phường phú hữu quận 9 phường phú hữu quận 9,,,,mặt tiền đường 837 nguyễn thị tư đường 990 cũ phường phú hữu quận 9 phường phú hữu quận 9
2700,"chung cư cao cấp kingdom 101 tọa lạc tại 334 tô hiến thành , p14 , quận 10",,,,,,,,,chung cư cao cấp kingdom 101 tọa lạc tại 334 tô hiến thành p14 quận 10,,,,chung cư cao cấp kingdom 101 tọa lạc tại 334 tô hiến thành p14 quận 10
2701,"charmington cao thắng , phường 12 , q10",,,,,,,,,charmington cao thắng phường 12 q10,,,,charmington cao thắng phường 12 q10
2702,"119 phổ quang , phường 9 , quận phú nhuận",,,,,,,,,119 phổ quang phường 9 quận phú nhuận,,,,119 phổ quang phường 9 quận phú nhuận
2703,orchard park view novaland,,,,,,,,,orchard park view novaland,,,,orchard park view novaland
2704,"130 - 132 đường hồng hà , p9 , phú nhuận",,,,,,,,,130 132 đường hồng hà p9 phú nhuận,,,,130 132 đường hồng hà p9 phú nhuận
2705,"chung cư lotus garden , 36 trịnh đình thảo , q . tân phú",,,,,,,,,chung cư lotus garden 36 trịnh đình thảo q tân phú,,,,chung cư lotus garden 36 trịnh đình thảo q tân phú
2706,the botanica - novaland phổ quang,,,,,,,,,the botanica novaland phổ quang,,,,the botanica novaland phổ quang
2707,"104 phổ quang , phường 2 , quận tân bình , tp . hcm",,,,,,,,,104 phổ quang phường 2 quận tân bình tp hcm,,,,104 phổ quang phường 2 quận tân bình tp hcm
2708,khu ruby chung cư celadon city tân phú,,,,,,,,,khu ruby chung cư celadon city tân phú,,,,khu ruby chung cư celadon city tân phú
2709,"lô e khu ruby chung cư celadon city tân phú , 36 bờ bao tân thắng , p . sơn kỳ , q . tân phú",,,,,,,,,lô e khu ruby chung cư celadon city tân phú 36 bờ bao tân thắng p sơn kỳ q tân phú,,,,lô e khu ruby chung cư celadon city tân phú 36 bờ bao tân thắng p sơn kỳ q tân phú
2710,"chcc orient , quận 4 , phường 1 , số 331 , bến vân đồn",,,,,,,,,chcc orient quận 4 phường 1 số 331 bến vân đồn,,,,chcc orient quận 4 phường 1 số 331 bến vân đồn
2711,"chung cư phúc thịnh , số 341 , đường cao đạt , phường 1 , quận 5",,,,,,,,,chung cư phúc thịnh số 341 đường cao đạt phường 1 quận 5,,,,chung cư phúc thịnh số 341 đường cao đạt phường 1 quận 5
2712,xuân thủy thảo điền quận 2,,,,,,,,,xuân thủy thảo điền quận 2,,,,xuân thủy thảo điền quận 2
2713,đ . 34 trần não bình an quận 2,,,,,,,,,đ 34 trần não bình an quận 2,,,,đ 34 trần não bình an quận 2
2714,hoàng văn thái,,,,,,,,,hoàng văn thái,,,,hoàng văn thái
2715,"phan xích long , phú nhuận",,,,,,,,,phan xích long phú nhuận,,,,phan xích long phú nhuận
2716,tp đồng xoài,,,,,,,,,tp đồng xoài,,,,tp đồng xoài
2717,"07 tòa sme hoàng gia , tô hiệu , hà đông",,,,,,,,,07 tòa sme hoàng gia tô hiệu hà đông,,,,07 tòa sme hoàng gia tô hiệu hà đông
2718,"phước bình , huyện long thành , đồng nai",,,,,,,,,phước bình,,Huyện Long Thành,Đồng Nai,"phước bình, Huyện Long Thành, Đồng Nai"
2719,phố mỹ đình,,,,,,,,,phố mỹ đình,,,,phố mỹ đình
2720,"xã nhơn thạnh trung , tp tân an , long an",,,,,,,,,xã nhơn thạnh trung tp tân an,,,Long An,"xã nhơn thạnh trung tp tân an, Long An"
2721,nguyễn an ninh ngõ phân lô,,,,,,,,,nguyễn an ninh ngõ phân lô,,,,nguyễn an ninh ngõ phân lô
2722,yên hòa,,,,,,,,,yên hòa,,,,yên hòa
2723,ngõ phố yên hòa,,,,,,,,,ngõ phố yên hòa,,,,ngõ phố yên hòa
2724,yên hòa cầu giấy,,,,,,,,,yên hòa cầu giấy,,,,yên hòa cầu giấy
2725,"mặt phố phùng hưng , hà đông",,,,,,,,,mặt phố phùng hưng hà đông,,,,mặt phố phùng hưng hà đông
2726,"mặt phố phùng hưng , quận hà đông",,,,,,,,,mặt phố phùng hưng quận hà đông,,,,mặt phố phùng hưng quận hà đông
2727,phạm văn đồng,,,,,,,,,phạm văn đồng,,,,phạm văn đồng
2728,trung tâm đống đa,,,,,,,,,trung tâm đống đa,,,,trung tâm đống đa
2729,tôn đức thắng đống đa,,,,,,,,,tôn đức thắng đống đa,,,,tôn đức thắng đống đa
2730,nhà cầu giấy,,,,,,,,,nhà cầu giấy,,,,nhà cầu giấy
2731,phố việt hưng long biên,,,,,,,,,phố việt hưng long biên,,,,phố việt hưng long biên
2732,đường tân mai quận hoàng mai,,,,,,,,,đường tân mai quận hoàng mai,,,,đường tân mai quận hoàng mai
2733,"đường tân mai , hoàng mai",,,,,,,,,đường tân mai hoàng mai,,,,đường tân mai hoàng mai
2734,phố đại từ,,,,,,,,,phố đại từ,,,,phố đại từ
2735,khu đô thị đại kim,,,,,,,,,khu đô thị đại kim,,,,khu đô thị đại kim
2736,yên hoà - cầu giấy,,,,,,,,,yên hoà cầu giấy,,,,yên hoà cầu giấy
2737,đình thôn,,,,,,,,,đình thôn,,,,đình thôn
2738,"phan huy ích , q . tân bình",,,,,,,,,phan huy ích q tân bình,,,,phan huy ích q tân bình
2739,phố chùa láng,,,,,,,,,phố chùa láng,,,,phố chùa láng
2740,nhà kim ngưu ô tô,,,,,,,,,nhà kim ngưu ô tô,,,,nhà kim ngưu ô tô
2741,nhà doãn kế thiện mai dịch cầu giấy,,,,,,,,,nhà doãn kế thiện mai dịch cầu giấy,,,,nhà doãn kế thiện mai dịch cầu giấy
2742,yên phụ,,,,,,,,,yên phụ,,,,yên phụ
2743,nghi tàm,,,,,,,,,nghi tàm,,,,nghi tàm
2744,"mặt phố trần quý kiên , quận cầu giấy , hà nội",,,,,,,,,mặt phố trần quý kiên quận cầu giấy hà nội,,,,mặt phố trần quý kiên quận cầu giấy hà nội
2745,one verandah,,,,,,,,,one verandah,,,,one verandah
2746,"mặt phố tô vĩnh diện , quận thanh xuân , hà nội",,,,,,,,,mặt phố tô vĩnh diện quận thanh xuân hà nội,,,,mặt phố tô vĩnh diện quận thanh xuân hà nội
2747,"81 vũ trọng phụng , thanh xuân",,,,,,,,,81 vũ trọng phụng thanh xuân,,,,81 vũ trọng phụng thanh xuân
2748,ngõ 40 ngụy như kon tum,,,,,,,,,ngõ 40 ngụy như,,,Kon Tum,"ngõ 40 ngụy như, Kon Tum"
2749,"mặt phố mai hắc đế , quận hai bà trưng , hà nội",,,,,,,,,mặt phố mai hắc đế quận hai bà trưng hà nội,,,,mặt phố mai hắc đế quận hai bà trưng hà nội
2750,"phường hòa phú , thủ dầu một , bình dương",,,,,,,,,phường hòa phú thủ dầu một,,,Bình Dương,"phường hòa phú thủ dầu một, Bình Dương"
2751,"mặt phố phạm ngọc thạch , quận đống đa , hà nội",,,,,,,,,mặt phố phạm ngọc thạch quận đống đa hà nội,,,,mặt phố phạm ngọc thạch quận đống đa hà nội
2752,"mặt phố tràng thi , quận hoàn kiếm , hà nội",,,,,,,,,mặt phố tràng thi quận hoàn kiếm hà nội,,,,mặt phố tràng thi quận hoàn kiếm hà nội
2753,"mặt phố nguyễn trãi , quận thanh xuân , hà nội",,,,,,,,,mặt phố nguyễn trãi quận thanh xuân hà nội,,,,mặt phố nguyễn trãi quận thanh xuân hà nội
2754,phường 6 quận 8,,,,,,,,,phường 6 quận 8,,,,phường 6 quận 8
2755,"mặt phố trần đăng ninh , quận cầu giấy , hà nội",,,,,,,,,mặt phố trần đăng ninh quận cầu giấy hà nội,,,,mặt phố trần đăng ninh quận cầu giấy hà nội
2756,tòa nhà văn phòng,,,,,,,,,tòa nhà văn phòng,,,,tòa nhà văn phòng
2757,201 bà triệu,,,,,,,,,201 bà triệu,,,,201 bà triệu
2758,"số 201 bà triệu , hai bà trưng , hà nội",,,,,,,,,số 201 bà triệu hai bà trưng hà nội,,,,số 201 bà triệu hai bà trưng hà nội
2759,bà triệu,,,,,,,,,bà triệu,,,,bà triệu
2760,"201 bà triệu , hai bà trưng , hà nội",,,,,,,,,201 bà triệu hai bà trưng hà nội,,,,201 bà triệu hai bà trưng hà nội
2761,"xuân la , tây hồ",,,,,,,,,xuân la tây hồ,,,,xuân la tây hồ
2762,chung cư đồng diều phường 4 quận 8,,,,,,,,,chung cư đồng diều phường 4 quận 8,,,,chung cư đồng diều phường 4 quận 8
2763,chung cư c1 đường ba tơ phường 7 quận 8,,,,,,,,,chung cư c1 đường ba tơ phường 7 quận 8,,,,chung cư c1 đường ba tơ phường 7 quận 8
2764,mặt tiền kinh doanh p5 q11,,,,,,,,,mặt tiền kinh doanh p5 q11,,,,mặt tiền kinh doanh p5 q11
2765,"mega ruby khang điền , phường phú hữu - quận 9",,,,,,,,,mega ruby khang điền phường phú hữu quận 9,,,,mega ruby khang điền phường phú hữu quận 9
2766,idico - quận tân phú,,,,,,,,,idico quận tân phú,,,,idico quận tân phú
2767,chung cư d1 khu dân cư phú lợi phường 7 quận 8,,,,,,,,,chung cư d1 khu dân cư phú lợi phường 7 quận 8,,,,chung cư d1 khu dân cư phú lợi phường 7 quận 8
2768,hẻm 1 sẹc đường xô viết nghệ tĩnh,,,,,,,,,hẻm 1 sẹc đường xô viết nghệ tĩnh,,,,hẻm 1 sẹc đường xô viết nghệ tĩnh
2769,"chung cư la astoria , phường bình trưng tây , quận 2",,,,,,,,,chung cư la astoria phường bình trưng tây quận 2,,,,chung cư la astoria phường bình trưng tây quận 2
2770,"đường phan văn trị , bình thạnh",,,,,,,,,đường phan văn trị bình thạnh,,,,đường phan văn trị bình thạnh
2771,"phường 9 , quận 11",,,,,,,,,phường 9 quận 11,,,,phường 9 quận 11
2772,"phường bình trưng đông , quận 2",,,,,,,,,phường bình trưng đông quận 2,,,,phường bình trưng đông quận 2
2773,"khu dân trí an ninh , huyện nhà bè xã phú xuân",,,,,,,,,khu dân trí an ninh huyện nhà bè xã phú xuân,,,,khu dân trí an ninh huyện nhà bè xã phú xuân
2774,"mặt tiền đường nội bộ xã phạm văn hai , huyện bình chánh",,,,,,,,,mặt tiền đường nội bộ xã phạm văn hai huyện bình chánh,,,,mặt tiền đường nội bộ xã phạm văn hai huyện bình chánh
2775,mai xuân thưởng p4 q6,,,,,,,,,mai xuân thưởng p4 q6,,,,mai xuân thưởng p4 q6
2776,phường 8 quận 8,,,,,,,,,phường 8 quận 8,,,,phường 8 quận 8
2777,cầu ông buông p9 q6,,,,,,,,,cầu ông buông p9 q6,,,,cầu ông buông p9 q6
2778,xã phú xuân huyện nhà bè,,,,,,,,,xã phú xuân huyện nhà bè,,,,xã phú xuân huyện nhà bè
2779,hẻm thông thoáng thị trấn huyện nhà bè,,,,,,,,,hẻm thông thoáng thị trấn huyện nhà bè,,,,hẻm thông thoáng thị trấn huyện nhà bè
2780,mặt tiền đường nội bộ phường 7 quận 8,,,,,,,,,mặt tiền đường nội bộ phường 7 quận 8,,,,mặt tiền đường nội bộ phường 7 quận 8
2781,chung cư happy city xã bình hưng huyện bình chánh,,,,,,,,,chung cư happy city xã bình hưng huyện bình chánh,,,,chung cư happy city xã bình hưng huyện bình chánh
2782,dự án tân cảng sài gòn tại phú hữu - quận 9,,,,,,,,,dự án tân cảng sài gòn tại phú hữu quận 9,,,,dự án tân cảng sài gòn tại phú hữu quận 9
2783,quang thái tầng 11 - quận tân phú,,,,,,,,,quang thái tầng 11 quận tân phú,,,,quang thái tầng 11 quận tân phú
2784,hẻm nguyễn gia trí,,,,,,,,,hẻm nguyễn gia trí,,,,hẻm nguyễn gia trí
2785,hẻm quận 10,,,,,,,,,hẻm quận 10,,,,hẻm quận 10
2786,"đường xô viết nghệ tĩnh , phường 25 , quận bình thạnh",,,,,,,,,đường xô viết nghệ tĩnh phường 25 quận bình thạnh,,,,đường xô viết nghệ tĩnh phường 25 quận bình thạnh
2787,"đường phan chu trinh , quận bình thạnh",,,,,,,,,đường phan chu trinh quận bình thạnh,,,,đường phan chu trinh quận bình thạnh
2788,"đường nơ trang long , phường 13 , bình thạnh",,,,,,,,,đường nơ trang long phường 13 bình thạnh,,,,đường nơ trang long phường 13 bình thạnh
2789,"đường phan văn trị , quận bình thạnh",,,,,,,,,đường phan văn trị quận bình thạnh,,,,đường phan văn trị quận bình thạnh
2790,bà điểm hóc môn,,,,,,,,,bà điểm hóc môn,,,,bà điểm hóc môn
2791,hẻm phường 1 quận phú nhuận,,,,,,,,,hẻm phường 1 quận phú nhuận,,,,hẻm phường 1 quận phú nhuận
2792,"mặt tiền đường nội bộ xã tân kiên , huyện bình chánh",,,,,,,,,mặt tiền đường nội bộ xã tân kiên huyện bình chánh,,,,mặt tiền đường nội bộ xã tân kiên huyện bình chánh
2793,galaxy 9 quận 4,,,,,,,,,galaxy 9 quận 4,,,,galaxy 9 quận 4
2794,mặt tiền nguyễn khoái,,,,,,,,,mặt tiền nguyễn khoái,,,,mặt tiền nguyễn khoái
2795,hẻm bà hom,,,,,,,,,hẻm bà hom,,,,hẻm bà hom
2796,"hẻm ông ích khiêm , p14 , q11",,,,,,,,,hẻm ông ích khiêm p14 q11,,,,hẻm ông ích khiêm p14 q11
2797,khu dân cư bình phú i,,,,,,,,,khu dân cư bình phú i,,,,khu dân cư bình phú i
2798,"nguyễn quý yêm , an lạc , bình tân",,,,,,,,,nguyễn quý yêm an lạc bình tân,,,,nguyễn quý yêm an lạc bình tân
2799,đường xã phú xuân huyện nhà bè,,,,,,,,,đường xã phú xuân huyện nhà bè,,,,đường xã phú xuân huyện nhà bè
2800,"đường chu văn an , phường 12 , bình thạnh",,,,,,,,,đường chu văn an phường 12 bình thạnh,,,,đường chu văn an phường 12 bình thạnh
2801,"huỳnh đình hai , phường 24 , bình thạnh",,,,,,,,,huỳnh đình hai phường 24 bình thạnh,,,,huỳnh đình hai phường 24 bình thạnh
2802,đường thị trấn huyện nhà bè,,,,,,,,,đường thị trấn huyện nhà bè,,,,đường thị trấn huyện nhà bè
2803,"mặt tiền đường nguyễn gia trí , phường 25 quận bình thạnh",,,,,,,,,mặt tiền đường nguyễn gia trí phường 25 quận bình thạnh,,,,mặt tiền đường nguyễn gia trí phường 25 quận bình thạnh
2804,hẻm phường 3 quận phú nhuận,,,,,,,,,hẻm phường 3 quận phú nhuận,,,,hẻm phường 3 quận phú nhuận
2805,"mặt tiền đường trần khát chân , hai bà trưng",,,,,,,,,mặt tiền đường trần khát chân hai bà trưng,,,,mặt tiền đường trần khát chân hai bà trưng
2806,trung tâm thị trấn huyện nhà bè,,,,,,,,,trung tâm thị trấn huyện nhà bè,,,,trung tâm thị trấn huyện nhà bè
2807,mặt tiền đường sầm uất quận tân phú,,,,,,,,,mặt tiền đường sầm uất quận tân phú,,,,mặt tiền đường sầm uất quận tân phú
2808,hẻm phường 5 quận 8,,,,,,,,,hẻm phường 5 quận 8,,,,hẻm phường 5 quận 8
2809,khang gia - tân hương - quận tân phú,,,,,,,,,khang gia tân hương quận tân phú,,,,khang gia tân hương quận tân phú
2810,"hẻm phường 14 , quận 11",,,,,,,,,hẻm phường 14 quận 11,,,,hẻm phường 14 quận 11
2811,"chung cư thái an - trung mỹ tây , quận 12",,,,,,,,,chung cư thái an trung mỹ tây quận 12,,,,chung cư thái an trung mỹ tây quận 12
2812,trung tâm chợ hạnh thông tây,,,,,,,,,trung tâm chợ hạnh thông tây,,,,trung tâm chợ hạnh thông tây
2813,"hẻm nguyễn trãi , quận 1",,,,,,,,,hẻm nguyễn trãi quận 1,,,,hẻm nguyễn trãi quận 1
2814,thị trấn đường huyện nhà bè,,,,,,,,,thị trấn đường huyện nhà bè,,,,thị trấn đường huyện nhà bè
2815,tháp m5 chung cư midtown quận 7,,,,,,,,,tháp m5 chung cư midtown quận 7,,,,tháp m5 chung cư midtown quận 7
2816,chung cư midtown quận 7,,,,,,,,,chung cư midtown quận 7,,,,chung cư midtown quận 7
2817,khu phố phú mỹ hưng midtown quận 7,,,,,,,,,khu phố phú mỹ hưng midtown quận 7,,,,khu phố phú mỹ hưng midtown quận 7
2818,"mặt tiền nguyễn thiện thuật , phường 1 , quận 3",,,,,,,,,mặt tiền nguyễn thiện thuật phường 1 quận 3,,,,mặt tiền nguyễn thiện thuật phường 1 quận 3
2819,khu tái định cư long sơn phường long bình quận 9,,,,,,,,,khu tái định cư long sơn phường long bình quận 9,,,,khu tái định cư long sơn phường long bình quận 9
2820,đường trần bình trọng,,,,,,,,,đường trần bình trọng,,,,đường trần bình trọng
2821,vườn điều quận 7,,,,,,,,,vườn điều quận 7,,,,vườn điều quận 7
2822,"phường thảo điền , quận 2",,,,,,,,,phường thảo điền quận 2,,,,phường thảo điền quận 2
2823,mặt tiền quận tân bình,,,,,,,,,mặt tiền quận tân bình,,,,mặt tiền quận tân bình
2824,đường xã long thới huyện nhà bè,,,,,,,,,đường xã long thới huyện nhà bè,,,,đường xã long thới huyện nhà bè
2825,chung cư 1 bàu cát quận tân bình,,,,,,,,,chung cư 1 bàu cát quận tân bình,,,,chung cư 1 bàu cát quận tân bình
2826,"chung cư 1 bàu cát , quận tân bình",,,,,,,,,chung cư 1 bàu cát quận tân bình,,,,chung cư 1 bàu cát quận tân bình
2827,xã nhơn đức nhà bè,,,,,,,,,xã nhơn đức nhà bè,,,,xã nhơn đức nhà bè
2828,"xã hưng long , huyện bình chánh",,,,,,,,,xã hưng long huyện bình chánh,,,,xã hưng long huyện bình chánh
2829,chung cư pegasuite phường 6 quận 8,,,,,,,,,chung cư pegasuite phường 6 quận 8,,,,chung cư pegasuite phường 6 quận 8
2830,mặt tiền đường nội bộ 12m ra nguyễn bình xã nhơn đức huyện nhà bè,,,,,,,,,mặt tiền đường nội bộ 12m ra nguyễn bình xã nhơn đức huyện nhà bè,,,,mặt tiền đường nội bộ 12m ra nguyễn bình xã nhơn đức huyện nhà bè
2831,chung cư bông sao phường 5 quận 8,,,,,,,,,chung cư bông sao phường 5 quận 8,,,,chung cư bông sao phường 5 quận 8
2832,huyện nhà bè,,,,,,,,,huyện nhà bè,,,,huyện nhà bè
2833,"dự án samsung village , phường phú hữu , quận 9",,,,,,,,,dự án samsung village phường phú hữu quận 9,,,,dự án samsung village phường phú hữu quận 9
2834,xã bình lợi huyện bình chánh,,,,,,,,,xã bình lợi huyện bình chánh,,,,xã bình lợi huyện bình chánh
2835,"p . bình hưng hòa , bình tân",,,,,,,,,p bình hưng  tân,,,Hòa Bình,"p bình hưng  tân, Hòa Bình"
2836,chung cư the view - riviera point quận 7,,,,,,,,,chung cư the view riviera point quận 7,,,,chung cư the view riviera point quận 7
2837,mặt tiền đường số quận 7,,,,,,,,,mặt tiền đường số quận 7,,,,mặt tiền đường số quận 7
2838,hẻm quận 7,,,,,,,,,hẻm quận 7,,,,hẻm quận 7
2839,dự án parc spring phường bình trưng đông quận 2,,,,,,,,,dự án parc spring phường bình trưng đông quận 2,,,,dự án parc spring phường bình trưng đông quận 2
2840,"thủ thiêm star phường bình trưng đông , quận 2",,,,,,,,,thủ thiêm star phường bình trưng đông quận 2,,,,thủ thiêm star phường bình trưng đông quận 2
2841,hẻm đường điện biên phủ,,,,,,,,,hẻm đường  phủ,,,Điện Biên,"hẻm đường  phủ, Điện Biên"
2842,chung cư new sài gòn - hoàng anh gia lai 3 nguyễn hữu thọ xã phước kiển huyện nhà bè,,,,,,,,,chung cư new sài gòn hoàng anh  3 nguyễn hữu thọ xã phước kiển huyện nhà bè,,,Gia Lai,"chung cư new sài gòn hoàng anh  3 nguyễn hữu thọ xã phước kiển huyện nhà bè, Gia Lai"
2843,"khu dân cư dân chí , xã long thới huyện nhà bè",,,,,,,,,khu dân cư dân chí xã long thới huyện nhà bè,,,,khu dân cư dân chí xã long thới huyện nhà bè
2844,thị trấn nhà bè huyện nhà bè,,,,,,,,,thị trấn nhà bè huyện nhà bè,,,,thị trấn nhà bè huyện nhà bè
2845,hẻm xe hơi phường long thạnh mỹ - quận 9,,,,,,,,,hẻm xe hơi phường long thạnh mỹ quận 9,,,,hẻm xe hơi phường long thạnh mỹ quận 9
2846,"hẻm thông xô viết nghệ tĩnh , quận bình thạnh",,,,,,,,,hẻm thông xô viết nghệ tĩnh quận bình thạnh,,,,hẻm thông xô viết nghệ tĩnh quận bình thạnh
2847,mặt tiền đường nội bộ xã vĩnh lộc a huyện bình chánh,,,,,,,,,mặt tiền đường nội bộ xã vĩnh lộc a huyện bình chánh,,,,mặt tiền đường nội bộ xã vĩnh lộc a huyện bình chánh
2848,"mặt tiền hẻm , phường 8 , quận 3",,,,,,,,,mặt tiền hẻm phường 8 quận 3,,,,mặt tiền hẻm phường 8 quận 3
2849,khu dân cư vạn phát hưng xã phú xuân huyện nhà bè,,,,,,,,,khu dân cư vạn phát hưng xã phú xuân huyện nhà bè,,,,khu dân cư vạn phát hưng xã phú xuân huyện nhà bè
2850,"anh tuấn , xã phú xuân huyện nhà bè",,,,,,,,,anh tuấn xã phú xuân huyện nhà bè,,,,anh tuấn xã phú xuân huyện nhà bè
2851,phường 6 quận 11,,,,,,,,,phường 6 quận 11,,,,phường 6 quận 11
2852,trung tâm q . 11,,,,,,,,,trung tâm q 11,,,,trung tâm q 11
2853,phường 2 quận 8,,,,,,,,,phường 2 quận 8,,,,phường 2 quận 8
2854,"xã tân quý tây , huyện bình chánh",,,,,,,,,xã tân quý tây huyện bình chánh,,,,xã tân quý tây huyện bình chánh
2855,"mặt tiền xã phong phú , huyện bình chánh",,,,,,,,,mặt tiền xã phong phú huyện bình chánh,,,,mặt tiền xã phong phú huyện bình chánh
2856,bến phú lâm p9 q6,,,,,,,,,bến phú lâm p9 q6,,,,bến phú lâm p9 q6
2857,chung cư botanica tân bình,,,,,,,,,chung cư botanica tân bình,,,,chung cư botanica tân bình
2858,phường 14 quận 11,,,,,,,,,phường 14 quận 11,,,,phường 14 quận 11
2859,chung cư khánh hội 2 quận 4,,,,,,,,,chung cư khánh hội 2 quận 4,,,,chung cư khánh hội 2 quận 4
2860,mặt tiền đường nguyễn khoái,,,,,,,,,mặt tiền đường nguyễn khoái,,,,mặt tiền đường nguyễn khoái
2861,"phường nguyễn cư trinh , quận 1",,,,,,,,,phường nguyễn cư trinh quận 1,,,,phường nguyễn cư trinh quận 1
2862,"xã phú xuân , đường huyện nhà bè",,,,,,,,,xã phú xuân đường huyện nhà bè,,,,xã phú xuân đường huyện nhà bè
2863,"khu dân cư đường nội bộ , xã phú xuân huyện nhà bè",,,,,,,,,khu dân cư đường nội bộ xã phú xuân huyện nhà bè,,,,khu dân cư đường nội bộ xã phú xuân huyện nhà bè
2864,"xã phong phú , huyện bình chánh",,,,,,,,,xã phong phú huyện bình chánh,,,,xã phong phú huyện bình chánh
2865,khuôn viên celadon city,,,,,,,,,khuôn viên celadon city,,,,khuôn viên celadon city
2866,"hẻm lê đại hành p11 , quận 11",,,,,,,,,hẻm lê đại hành p11 quận 11,,,,hẻm lê đại hành p11 quận 11
2867,mặt tiền đường nội bộ xã phong phú huyện bình chánh,,,,,,,,,mặt tiền đường nội bộ xã phong phú huyện bình chánh,,,,mặt tiền đường nội bộ xã phong phú huyện bình chánh
2868,đường xe tải khu dân cư xã phú xuân huyện nhà bè,,,,,,,,,đường xe tải khu dân cư xã phú xuân huyện nhà bè,,,,đường xe tải khu dân cư xã phú xuân huyện nhà bè
2869,khu nhà ở hưng phú,,,,,,,,,khu nhà ở hưng phú,,,,khu nhà ở hưng phú
2870,hẻm p6 q10,,,,,,,,,hẻm p6 q10,,,,hẻm p6 q10
2871,the gold view quận 4,,,,,,,,,the gold view quận 4,,,,the gold view quận 4
2872,chung cư citrine apartment mặt tiền đường tăng nhơn phú - phường phước long b,,,,,,,,,chung cư citrine apartment mặt tiền đường tăng nhơn phú phường phước long b,,,,chung cư citrine apartment mặt tiền đường tăng nhơn phú phường phước long b
2873,chung cư mỹ khánh 1 phường tân phong quận 7,,,,,,,,,chung cư mỹ khánh 1 phường tân phong quận 7,,,,chung cư mỹ khánh 1 phường tân phong quận 7
2874,hẻm xe tải đường lạc long quân p3,,,,,,,,,hẻm xe tải đường lạc long quân p3,,,,hẻm xe tải đường lạc long quân p3
2875,cao cấp viva riverside view sông và q1,,,,,,,,,cao cấp viva riverside view sông và q1,,,,cao cấp viva riverside view sông và q1
2876,chung cư nguyễn văn luông p12 q6,,,,,,,,,chung cư nguyễn văn luông p12 q6,,,,chung cư nguyễn văn luông p12 q6
2877,"hẻm lê đại hành , p11 , q11",,,,,,,,,hẻm lê đại hành p11 q11,,,,hẻm lê đại hành p11 q11
2878,chung cư m - one quận gò vấp,,,,,,,,,chung cư m one quận gò vấp,,,,chung cư m one quận gò vấp
2879,hẻm xe hơi đường xã phú xuân huyện nhà bè,,,,,,,,,hẻm xe hơi đường xã phú xuân huyện nhà bè,,,,hẻm xe hơi đường xã phú xuân huyện nhà bè
2880,hẻm xe hơi đường thị trấn huyện nhà bè,,,,,,,,,hẻm xe hơi đường thị trấn huyện nhà bè,,,,hẻm xe hơi đường thị trấn huyện nhà bè
2881,đường nguyễn văn tạo,,,,,,,,,đường nguyễn văn tạo,,,,đường nguyễn văn tạo
2882,xuân thới đông hóc môn,,,,,,,,,xuân thới đông hóc môn,,,,xuân thới đông hóc môn
2883,bình tân,,,,,,,,,bình tân,,,,bình tân
2884,p9 quận 11,,,,,,,,,p9 quận 11,,,,p9 quận 11
2885,"xã nhơn đức , huyện nhà bè",,,,,,,,,xã nhơn đức huyện nhà bè,,,,xã nhơn đức huyện nhà bè
2886,"ngõ 144 an dương vương , trung tâm bến bạc , phú thượng , tây hồ , hn",,,,,,,,,ngõ 144 an dương vương trung tâm bến bạc phú thượng tây hồ hn,,,,ngõ 144 an dương vương trung tâm bến bạc phú thượng tây hồ hn
2887,dự án the seahara phú yên,,,,,,,,,dự án the seahara,,,Phú Yên,"dự án the seahara, Phú Yên"
2888,tp tuy hòa - phú yên . - mặt đường đại lộ hùng vương,,,,,,,,,tp tuy hòa  mặt đường đại lộ hùng vương,,,Phú Yên,"tp tuy hòa  mặt đường đại lộ hùng vương, Phú Yên"
2889,chung cư việt đức complex,,,,,,,,,chung cư việt đức complex,,,,chung cư việt đức complex
2890,la phù - dương nội - lê trọng tấn - hà đông,,,,,,,,,la phù dương nội lê trọng tấn hà đông,,,,la phù dương nội lê trọng tấn hà đông
2891,ngọc thụy - long biên,,,,,,,,,ngọc thụy long biên,,,,ngọc thụy long biên
2892,ngõ phố ngọc thụy,,,,,,,,,ngõ phố ngọc thụy,,,,ngõ phố ngọc thụy
2893,"xã khánh nam , khánh vĩnh",,,,,,,,,xã khánh nam khánh vĩnh,,,,xã khánh nam khánh vĩnh
2894,"ngõ 89 lạc long quân , nghĩa đô , cầu giấy",,,,,,,,,ngõ 89 lạc long quân nghĩa đô cầu giấy,,,,ngõ 89 lạc long quân nghĩa đô cầu giấy
2895,"nhật tảo , góc nguyễn tri phương",,,,,,,,,nhật tảo góc nguyễn tri phương,,,,nhật tảo góc nguyễn tri phương
2896,dự án sài gòn mia,,,,,,,,,dự án sài gòn mia,,,,dự án sài gòn mia
2897,"ngõ thịnh hào 3 , tôn đức thắng",,,,,,,,,ngõ thịnh hào 3 tôn đức thắng,,,,ngõ thịnh hào 3 tôn đức thắng
2898,68 hai bà trưng hoàn kiếm - hà nội,,,,,,,,,68 hai bà trưng hoàn kiếm hà nội,,,,68 hai bà trưng hoàn kiếm hà nội
2899,thảo điền pearl,,,,,,,,,thảo điền pearl,,,,thảo điền pearl
2900,số 2 ngõ 63 lê đức thọ - nam anh tower,,,,,,,,,số 2 ngõ 63 lê đức thọ nam anh tower,,,,số 2 ngõ 63 lê đức thọ nam anh tower
2901,"chung cư discovery complex , 302 cầu giấy",,,,,,,,,chung cư discovery complex 302 cầu giấy,,,,chung cư discovery complex 302 cầu giấy
2902,"lê văn lương , phước kiển , nhà bè",,,,,,,,,lê văn lương phước kiển nhà bè,,,,lê văn lương phước kiển nhà bè
2903,"ngã tư hàng xanh , quận bình thạnh",,,,,,,,,ngã tư hàng xanh quận bình thạnh,,,,ngã tư hàng xanh quận bình thạnh
2904,đường hẻm 220,,,,,,,,,đường hẻm 220,,,,đường hẻm 220
2905,mỹ đình,,,,,,,,,mỹ đình,,,,mỹ đình
2906,khu nghĩa tân,,,,,,,,,khu nghĩa tân,,,,khu nghĩa tân
2907,"hẻm bạch đằng , phường 15",,,,,,,,,hẻm bạch đằng phường 15,,,,hẻm bạch đằng phường 15
2908,"võ thị sáu , đakao , quận 1",,,,,,,,,võ thị sáu đakao quận 1,,,,võ thị sáu đakao quận 1
2909,"tòa w2 vinhome westpoint , đỗ đức dục , cầu giấy , hà nội",,,,,,,,,tòa w2 vinhome westpoint đỗ đức dục cầu giấy hà nội,,,,tòa w2 vinhome westpoint đỗ đức dục cầu giấy hà nội
2910,43 / 517 dã tượng,,,,,,,,,43 517 dã tượng,,,,43 517 dã tượng
2911,"hẻm 780 hưng phú , p . 10 , q . 8 , hồ chí minh",,,,,,,,,hẻm 780 hưng phú p 10 q 8,,,Hồ Chí Minh,"hẻm 780 hưng phú p 10 q 8, Hồ Chí Minh"
2912,ngõ 325 / 69 kim ngưu nhà thoáng,,,,,,,,,ngõ 325 69 kim ngưu nhà thoáng,,,,ngõ 325 69 kim ngưu nhà thoáng
2913,"đường cách mạng tháng 8 , p 5 , quận tân bình",,,,,,,,,đường cách mạng tháng 8 p 5 quận tân bình,,,,đường cách mạng tháng 8 p 5 quận tân bình
2914,một sẹc hà huy giáp,,,,,,,,,một sẹc hà huy giáp,,,,một sẹc hà huy giáp
2915,"phường thạnh lộc , quận 12 , hồ chí minh",,,,,,,,,phường thạnh lộc 2,, Quận 1,Hồ Chí Minh,"phường thạnh lộc 2,  Quận 1, Hồ Chí Minh"
2916,chung cư quốc tế booyoung,,,,,,,,,chung cư quốc tế booyoung,,,,chung cư quốc tế booyoung
2917,"đường thanh bình , mộ lao , hà đông , hà nội",,,,,,,,,đường thanh bình mộ lao hà đông hà nội,,,,đường thanh bình mộ lao hà đông hà nội
2918,"đường trường chinh , p . tân sơn nhì , q . tân phú",,,,,,,,,đường trường chinh p tân sơn nhì q tân phú,,,,đường trường chinh p tân sơn nhì q tân phú
2919,"khu an phú , quận 2 lakeview city",,,,,,,,,khu an phú quận 2 lakeview city,,,,khu an phú quận 2 lakeview city
2920,góc song hành và đỗ xuân hợp,,,,,,,,,góc song hành và đỗ xuân hợp,,,,góc song hành và đỗ xuân hợp
2921,lý thái tổ,,,,,,,,,lý thái tổ,,,,lý thái tổ
2922,"mặt tiền đường nguyễn hữu thọ , quận 7",,,,,,,,,mặt tiền đường nguyễn hữu thọ quận 7,,,,mặt tiền đường nguyễn hữu thọ quận 7
2923,ngọc trai vinhomes ocean park,,,,,,,,,ngọc trai vinhomes ocean park,,,,ngọc trai vinhomes ocean park
2924,khu dân cư cao cấp vị hảo,,,,,,,,,khu dân cư cao cấp vị hảo,,,,khu dân cư cao cấp vị hảo
2925,dx 06,,,,,,,,,dx 06,,,,dx 06
2926,"phường tân vĩnh hiệp , thị xã tân uyên , bình dương",,,,,,,,,phường tân vĩnh hiệp thị xã tân uyên,,,Bình Dương,"phường tân vĩnh hiệp thị xã tân uyên, Bình Dương"
2927,river panorama,,,,,,,,,river panorama,,,,river panorama
2928,"đường lê văn quới , bình hưng hòa a , bình tân hiện",,,,,,,,,đường lê văn quới bình hưng hòa a bình tân hiện,,,,đường lê văn quới bình hưng hòa a bình tân hiện
2929,"đường bình lợi , phường 13 , quận bình thạnh",,,,,,,,,đường bình lợi phường 13 quận bình thạnh,,,,đường bình lợi phường 13 quận bình thạnh
2930,"157 và 158 thuộc khu 10 , khu đô thị mới vĩnh hòa - nha trang",,,,,,,,,157 và 158 thuộc khu 10 khu đô thị mới vĩnh hòa nha trang,,,,157 và 158 thuộc khu 10 khu đô thị mới vĩnh hòa nha trang
2931,hẻm đường số 44,,,,,,,,,hẻm đường số 44,,,,hẻm đường số 44
2932,"đường phan huy ích , p14 , gò vấp",,,,,,,,,đường phan huy ích p14 gò vấp,,,,đường phan huy ích p14 gò vấp
2933,phạm văn chiêu gò vấp,,,,,,,,,phạm văn chiêu gò vấp,,,,phạm văn chiêu gò vấp
2934,khu la phù,,,,,,,,,khu la phù,,,,khu la phù
2935,"đường huỳnh tấn phát , thị trấn nhà bè , tphcm",,,,,,,,,đường huỳnh tấn phát thị trấn nhà bè tphcm,,,,đường huỳnh tấn phát thị trấn nhà bè tphcm
2936,"kdc sài gòn mới thị trấn nhà bè đường huỳnh tấn phát , thị trấn nhà bè , tphcm",,,,,,,,,kdc sài gòn mới thị trấn nhà bè đường huỳnh tấn phát thị trấn nhà bè tphcm,,,,kdc sài gòn mới thị trấn nhà bè đường huỳnh tấn phát thị trấn nhà bè tphcm
2937,huỳnh tấn phát - tt nhà bè - tp hcm,,,,,,,,,huỳnh tấn phát tt nhà bè tp hcm,,,,huỳnh tấn phát tt nhà bè tp hcm
2938,"kênh tân hóa , hòa thạnh , tân phú , tp hồ chí minh",,,,,,,,,kênh tân hóa hòa thạnh tân phú tp,,,Hồ Chí Minh,"kênh tân hóa hòa thạnh tân phú tp, Hồ Chí Minh"
2939,"dự án vinhomes symphony riverside việt hưng , long biên",,,,,,,,,dự án vinhomes symphony riverside việt hưng long biên,,,,dự án vinhomes symphony riverside việt hưng long biên
2940,mặt đường minh khai,,,,,,,,,mặt đường minh khai,,,,mặt đường minh khai
2941,"36 / 39b mễ cốc , p . 15 , quận 8",,,,,,,,,36 39b mễ cốc p 15 quận 8,,,,36 39b mễ cốc p 15 quận 8
2942,"xã phước khánh , nhơn trạch , đồng nai",,,,,,,,,xã phước khánh nhơn trạch,,,Đồng Nai,"xã phước khánh nhơn trạch, Đồng Nai"
2943,bắc thượng sóc sơn,,,,,,,,,bắc thượng sóc sơn,,,,bắc thượng sóc sơn
2944,sóc sơn,,,,,,,,,sóc sơn,,,,sóc sơn
2945,seasons avenue,,,,,,,,,seasons avenue,,,,seasons avenue
2946,trung tâm hòa lạc,,,,,,,,,trung tâm hòa lạc,,,,trung tâm hòa lạc
2947,"đô đốc lộc , tân quý , tân phú",,,,,,,,,đô đốc lộc tân quý tân phú,,,,đô đốc lộc tân quý tân phú
2948,"cụm công nghiệp dốc 47 , phường tam phước , tp biên hòa , đồng nai",,,,,,,,,cụm công nghiệp dốc 47 phường tam phước tp biên hòa,,,Đồng Nai,"cụm công nghiệp dốc 47 phường tam phước tp biên hòa, Đồng Nai"
2949,"12b ngõ 143 trung kính , cầu giấy",,,,,,,,,12b ngõ 143 trung kính cầu giấy,,,,12b ngõ 143 trung kính cầu giấy
2950,"xã hồng thái , huyện bắc bình , tỉnh bình thuận",,,,,,,,,tỉnh,Xã Hồng Thái,Huyện Bắc Bình,Bình Thuận  ,"tỉnh, Xã Hồng Thái, Huyện Bắc Bình, Bình Thuận  "
2951,"xã hòa thạch , huyện quốc oai , thành phố hà nội",,,,,,,,,xã hòa thạch huyện quốc oai thành phố hà nội,,,,xã hòa thạch huyện quốc oai thành phố hà nội
2952,hẻm 703 hương lộ 2,,,,,,,,,hẻm 703 hương lộ 2,,,,hẻm 703 hương lộ 2
2953,trung tâm phố vân trì,,,,,,,,,trung tâm phố vân trì,,,,trung tâm phố vân trì
2954,"mặt phố vân trì , xã vân nội huyện đông anh , tp hà nội",,,,,,,,,mặt phố vân trì xã vân nội huyện đông anh tp hà nội,,,,mặt phố vân trì xã vân nội huyện đông anh tp hà nội
2955,"xã phú đông , nhơn trạch , đồng nai",,,,,,,,,xã phú đông nhơn trạch,,,Đồng Nai,"xã phú đông nhơn trạch, Đồng Nai"
2956,mặt tiền đường võ văn tần,,,,,,,,,mặt tiền đường võ văn tần,,,,mặt tiền đường võ văn tần
2957,tx . phú mỹ,,,,,,,,,tx phú mỹ,,,,tx phú mỹ
2958,"ngõ 102 phố hoàng đạo thành , phường kim giang",,,,,,,,,ngõ 102 phố hoàng đạo thành phường kim giang,,,,ngõ 102 phố hoàng đạo thành phường kim giang
2959,phố hoàng đạo thành - thanh xuân,,,,,,,,,phố hoàng đạo thành thanh xuân,,,,phố hoàng đạo thành thanh xuân
2960,"quận thanh xuân , tp hn",,,,,,,,,quận thanh xuân tp hn,,,,quận thanh xuân tp hn
2961,thạnh lộc 17,,,,,,,,,thạnh lộc 17,,,,thạnh lộc 17
2962,"đường thạnh lộc 17 , phường thạnh lộc , quận 12 , hồ chí minh",,,,,,,,,đường thạnh lộc 17 phường thạnh lộc 2,, Quận 1,Hồ Chí Minh,"đường thạnh lộc 17 phường thạnh lộc 2,  Quận 1, Hồ Chí Minh"
2963,"chung cư sky center đường phổ quang , quận tân bình",,,,,,,,,chung cư sky center đường phổ quang quận tân bình,,,,chung cư sky center đường phổ quang quận tân bình
2964,"mặt tiền đường lê thị hoa , bình chiểu , thủ đức",,,,,,,,,mặt tiền đường lê thị hoa bình chiểu thủ đức,,,,mặt tiền đường lê thị hoa bình chiểu thủ đức
2965,orchard garden phú nhuận,,,,,,,,,orchard garden phú nhuận,,,,orchard garden phú nhuận
2966,orchard garden novaland,,,,,,,,,orchard garden novaland,,,,orchard garden novaland
2967,"đường 128 hồng hà , phường 9 , quận phú nhuận , tp hồ chí minh",,,,,,,,,đường 128 hồng hà   tp,Phường 9,Quận Phú Nhuận,Hồ Chí Minh,"đường 128 hồng hà   tp, Phường 9, Quận Phú Nhuận, Hồ Chí Minh"
2968,trung tâm chợ xala hà đông,,,,,,,,,trung tâm chợ xala hà đông,,,,trung tâm chợ xala hà đông
2969,"mặt phố đỗ quang , phường trung hòa nhân chính , quận cầu giấy",,,,,,,,,mặt phố đỗ quang phường trung hòa nhân chính quận cầu giấy,,,,mặt phố đỗ quang phường trung hòa nhân chính quận cầu giấy
2970,phố đỗ quang,,,,,,,,,phố đỗ quang,,,,phố đỗ quang
2971,hà khánh b mở rộng,,,,,,,,,hà khánh b mở rộng,,,,hà khánh b mở rộng
2972,"dream home luxury , đường số 59 , phường 14 , quận gò vấp",,,,,,,,,dream home luxury đường số 59 phường 14 quận gò vấp,,,,dream home luxury đường số 59 phường 14 quận gò vấp
2973,"chung cư dream home luxury , đường 59 - phường 14 - quận gò vấp",,,,,,,,,chung cư dream home luxury đường 59 phường 14 quận gò vấp,,,,chung cư dream home luxury đường 59 phường 14 quận gò vấp
2974,phố tuyệt đẹp khu tái định cư phú mỹ - phạm hữu lầu,,,,,,,,,phố tuyệt đẹp khu tái định cư phú mỹ phạm hữu lầu,,,,phố tuyệt đẹp khu tái định cư phú mỹ phạm hữu lầu
2975,"đẹp mặt phố kim mã , ba đình",,,,,,,,,đẹp mặt phố kim mã ba đình,,,,đẹp mặt phố kim mã ba đình
2976,phố kim mã,,,,,,,,,phố kim mã,,,,phố kim mã
2977,ngã 3 ngọc khánh - kim mã,,,,,,,,,ngã 3 ngọc khánh kim mã,,,,ngã 3 ngọc khánh kim mã
2978,trung tâm tx . phú mỹ,,,,,,,,,trung tâm tx phú mỹ,,,,trung tâm tx phú mỹ
2979,ngã 4 đại lộ võ văn kiệt với an dương vương,,,,,,,,,ngã 4 đại lộ võ văn kiệt với an dương vương,,,,ngã 4 đại lộ võ văn kiệt với an dương vương
2980,"lĩnh nam , hoàng mai",,,,,,,,,lĩnh nam hoàng mai,,,,lĩnh nam hoàng mai
2981,lê văn khương q12,,,,,,,,,lê văn khương q12,,,,lê văn khương q12
2982,"mê linh , liên chiểu , đà nẵng",,,,,,,,,mê linh liên chiểu,,,Đà Nẵng,"mê linh liên chiểu, Đà Nẵng"
2983,"hồ văn tư , phường trường thọ , q . thủ đức , tp . hcm",,,,,,,,,hồ văn tư phường trường thọ q thủ đức tp hcm,,,,hồ văn tư phường trường thọ q thủ đức tp hcm
2984,mặt đường trịnh văn bô,,,,,,,,,mặt đường trịnh văn bô,,,,mặt đường trịnh văn bô
2985,"đường trịnh văn bô , quận nam từ liêm",,,,,,,,,đường trịnh văn bô quận nam từ liêm,,,,đường trịnh văn bô quận nam từ liêm
2986,mai hắc đế,,,,,,,,,mai hắc đế,,,,mai hắc đế
2987,"167 - 169 điện biên phủ , p . đa kao , quận 1",,,,,,,,,167 169  phủ p đa kao quận 1,,,Điện Biên,"167 169  phủ p đa kao quận 1, Điện Biên"
2988,dự án sunwah pearl bình thạnh,,,,,,,,,dự án sunwah pearl bình thạnh,,,,dự án sunwah pearl bình thạnh
2989,"quận 3 , góc trần quốc thảo và nguyễn đình chiểu",,,,,,,,,quận 3 góc trần quốc thảo và nguyễn đình chiểu,,,,quận 3 góc trần quốc thảo và nguyễn đình chiểu
2990,đường nguyễn xiển,,,,,,,,,đường nguyễn xiển,,,,đường nguyễn xiển
2991,"mặt phố nguyễn xiển , quận thanh xuân , tp hà nội",,,,,,,,,mặt phố nguyễn xiển quận thanh xuân tp hà nội,,,,mặt phố nguyễn xiển quận thanh xuân tp hà nội
2992,lầu 1 lô b chung cư 43 hồ văn huê,,,,,,,,,lầu 1 lô b chung cư 43 hồ văn huê,,,,lầu 1 lô b chung cư 43 hồ văn huê
2993,chung cư ct 2,,,,,,,,,chung cư ct 2,,,,chung cư ct 2
2994,"ngõ 214 nguyễn xiển , ngách 59 , hạ đình , thanh xuân , hà nội",,,,,,,,,ngõ 214 nguyễn xiển ngách 59 hạ đình thanh xuân hà nội,,,,ngõ 214 nguyễn xiển ngách 59 hạ đình thanh xuân hà nội
2995,"phố thiên hiền , mỹ đình , hà nội",,,,,,,,,phố thiên hiền mỹ đình hà nội,,,,phố thiên hiền mỹ đình hà nội
2996,"ql 1a , phường thạnh xuân , quận 12",,,,,,,,,ql 1a phường thạnh xuân quận 12,,,,ql 1a phường thạnh xuân quận 12
2997,ngõ 399 âu cơ,,,,,,,,,ngõ 399 âu cơ,,,,ngõ 399 âu cơ
2998,tòa nhà số 31 trường sơn phường 4 quận tân bình,,,,,,,,,tòa nhà số 31 trường sơn phường 4 quận tân bình,,,,tòa nhà số 31 trường sơn phường 4 quận tân bình
2999,"456 nguyễn văn thành , định hòa , thủ dầu một",,,,,,,,,456 nguyễn văn thành định hòa thủ dầu một,,,,456 nguyễn văn thành định hòa thủ dầu một
3000,tòa d chung cư 6 th element,,,,,,,,,tòa d chung cư 6 th element,,,,tòa d chung cư 6 th element
3001,"228 lê văn lương , p . tân hưng , quận 7",,,,,,,,,228 lê văn lương p tân hưng quận 7,,,,228 lê văn lương p tân hưng quận 7
3002,"đường quốc lộ 1a , phường thạnh xuân , quận 12",,,,,,,,,đường quốc lộ 1a phường thạnh xuân quận 12,,,,đường quốc lộ 1a phường thạnh xuân quận 12
3003,"mặt tiền đường trần quang khải , phường tân định , q1",,,,,,,,,mặt tiền đường trần quang khải phường tân định q1,,,,mặt tiền đường trần quang khải phường tân định q1
3004,"trần quang khải , q1",,,,,,,,,trần quang khải q1,,,,trần quang khải q1
3005,skylight 125d mình khai quận hai bà trưng hà nội,,,,,,,,,skylight 125d mình khai quận hai bà trưng hà nội,,,,skylight 125d mình khai quận hai bà trưng hà nội
3006,chung cư sông đà 7 - 90 nguyễn tuân,,,,,,,,,chung cư sông đà 7 90 nguyễn tuân,,,,chung cư sông đà 7 90 nguyễn tuân
3007,"lò đúc , phạm đình hổ , hai bà trưng",,,,,,,,,lò đúc phạm đình hổ hai bà trưng,,,,lò đúc phạm đình hổ hai bà trưng
3008,"số 79 đường liên khu 5 - 6 , phường bình hưng hòa b , quận bình tân",,,,,,,,,số 79 đường liên khu 5 6 phường bình hưng hòa b quận bình tân,,,,số 79 đường liên khu 5 6 phường bình hưng hòa b quận bình tân
3009,"841 lũy bán bích , p . tân thành , q . tp",,,,,,,,,841 lũy bán bích p tân thành q tp,,,,841 lũy bán bích p tân thành q tp
3010,trung tâm quận đống đa,,,,,,,,,trung tâm quận đống đa,,,,trung tâm quận đống đa
3011,ngõ 68 trần quang diệu,,,,,,,,,ngõ 68 trần quang diệu,,,,ngõ 68 trần quang diệu
3012,"số 278 , phố lạc long quân , phường bưởi , quận tây hồ , thành phố hà nội",,,,,,,,,số 278 phố lạc long quân phường bưởi quận tây hồ thành phố hà nội,,,,số 278 phố lạc long quân phường bưởi quận tây hồ thành phố hà nội
3013,"tô hiệu , hà đông , hà nội",,,,,,,,,tô hiệu hà đông hà nội,,,,tô hiệu hà đông hà nội
3014,"số 149 lê lợi , phường hải châu 1 , quận hải châu , thành phố đà nẵng",,,,,,,,,số 149 lê lợi phường hải châu 1  thành phố,,Quận Hải Châu,Đà Nẵng,"số 149 lê lợi phường hải châu 1  thành phố, Quận Hải Châu, Đà Nẵng"
3015,nguyễn thị minh khai ; thị xã thủ dầu một - bình dương,,,,,,,,,nguyễn thị minh khai thị xã thủ dầu một,,,Bình Dương,"nguyễn thị minh khai thị xã thủ dầu một, Bình Dương"
3016,"32 thủy lợi , phường phước long a , quận 9 , tp . hcm",,,,,,,,,32 thủy lợi phường phước long a quận 9 tp hcm,,,,32 thủy lợi phường phước long a quận 9 tp hcm
3017,"84t / 4 trần đình xu , phường cô giang quận 1",,,,,,,,,84t 4 trần đình xu phường cô giang quận 1,,,,84t 4 trần đình xu phường cô giang quận 1
3018,đường phước long nha trang,,,,,,,,,đường phước long nha trang,,,,đường phước long nha trang
3019,"đường đôi trung kính , cầu giấy",,,,,,,,,đường đôi trung kính cầu giấy,,,,đường đôi trung kính cầu giấy
3020,hoàng anh thanh bình,,,,,,,,,hoàng anh thanh bình,,,,hoàng anh thanh bình
3021,"ngõ phố trung kính , phường yên hòa , quận cầu giấy , hà nội",,,,,,,,,ngõ phố trung kính phường yên hòa quận cầu giấy hà nội,,,,ngõ phố trung kính phường yên hòa quận cầu giấy hà nội
3022,"số 773 nguyễn khoái , phường thanh trì , quận hoàng mai , hà nội",,,,,,,,,số 773 nguyễn khoái phường thanh trì quận hoàng mai hà nội,,,,số 773 nguyễn khoái phường thanh trì quận hoàng mai hà nội
3023,văn quán hà đông,,,,,,,,,văn quán hà đông,,,,văn quán hà đông
3024,"chung cư oriental plaza , 685 âu cơ , phường tân thành , quận tân phú",,,,,,,,,chung cư oriental plaza 685 âu cơ phường tân thành quận tân phú,,,,chung cư oriental plaza 685 âu cơ phường tân thành quận tân phú
3025,khu dân cư simcity,,,,,,,,,khu dân cư simcity,,,,khu dân cư simcity
3026,"697 đỗ xuân hợp , phường an phú , quận 2 , hồ chí minh",,,,,,,,,697 đỗ xuân hợp,Phường An Phú, Quận 2,Hồ Chí Minh,"697 đỗ xuân hợp, Phường An Phú,  Quận 2, Hồ Chí Minh"
3027,đường từ hòa,,,,,,,,,đường từ hòa,,,,đường từ hòa
3028,văn quán - hà đông - hà nội,,,,,,,,,văn quán hà đông hà nội,,,,văn quán hà đông hà nội
3029,"lucky dragon số 359 đường đỗ xuân hợp , phước long b , quận 9",,,,,,,,,lucky dragon số 359 đường đỗ xuân hợp phước long b quận 9,,,,lucky dragon số 359 đường đỗ xuân hợp phước long b quận 9
3030,"melody residence , số 869 âu cơ , tân phú",,,,,,,,,melody residence số 869 âu cơ tân phú,,,,melody residence số 869 âu cơ tân phú
3031,"35a / 45 trần thái tông , cầu giấy , hà nội",,,,,,,,,35a 45 trần thái tông cầu giấy hà nội,,,,35a 45 trần thái tông cầu giấy hà nội
3032,phố huế,,,,,,,,,phố huế,,,,phố huế
3033,"đường tạ quang bửu , phường 5 , quận 8",,,,,,,,,đường tạ quang bửu phường 5 quận 8,,,,đường tạ quang bửu phường 5 quận 8
3034,310 b22 phạm ngọc thạch,,,,,,,,,310 b22 phạm ngọc thạch,,,,310 b22 phạm ngọc thạch
3035,"số 26 / 4 / 2 đường phú thọ hòa , tân phú",,,,,,,,,số 26 4 2 đường  hòa tân phú,,,Phú Thọ,"số 26 4 2 đường  hòa tân phú, Phú Thọ"
3036,"saigonres plaza , 188 nguyễn xí , p . 26 , q . bình thạnh",,,,,,,,,saigonres plaza 188 nguyễn xí p 26 q bình thạnh,,,,saigonres plaza 188 nguyễn xí p 26 q bình thạnh
3037,số 55 / 1a trường sơn - tân bình,,,,,,,,,số 55 1a trường sơn tân bình,,,,số 55 1a trường sơn tân bình
3038,"hoàng hữu nam , q9",,,,,,,,,hoàng hữu nam q9,,,,hoàng hữu nam q9
3039,"147 hoàng hữu nam , p . tân phú , quận 9",,,,,,,,,147 hoàng hữu nam p tân phú quận 9,,,,147 hoàng hữu nam p tân phú quận 9
3040,mặt tiền đường hoàng hữu nam,,,,,,,,,mặt tiền đường hoàng hữu nam,,,,mặt tiền đường hoàng hữu nam
3041,lê lợi,,,,,,,,,lê lợi,,,,lê lợi
3042,scenic valley 1,,,,,,,,,scenic valley 1,,,,scenic valley 1
3043,"hẻm số 9 trần trọng cung , phường tân thuận đông , quận 7",,,,,,,,,hẻm số 9 trần trọng cung phường tân thuận đông quận 7,,,,hẻm số 9 trần trọng cung phường tân thuận đông quận 7
3044,ngách 3 / 10 ngõ 121 kim ngưu,,,,,,,,,ngách 3 10 ngõ 121 kim ngưu,,,,ngách 3 10 ngõ 121 kim ngưu
3045,nhà số 3 ngách 126 / 4 đường khuất duy tiến,,,,,,,,,nhà số 3 ngách 126 4 đường khuất duy tiến,,,,nhà số 3 ngách 126 4 đường khuất duy tiến
3046,"the sun avenue , 28 mai chí thọ , q2",,,,,,,,,the sun avenue 28 mai chí thọ q2,,,,the sun avenue 28 mai chí thọ q2
3047,"394 / 4 , đường tth 07 , phường tân thới hiệp , quận 12",,,,,,,,,394 4 đường tth 07 phường tân thới hiệp quận 12,,,,394 4 đường tth 07 phường tân thới hiệp quận 12
3048,trung tâm quận 12,,,,,,,,,trung tâm quận 12,,,,trung tâm quận 12
3049,"22 05a , tòa nhà w2",,,,,,,,,22 05a tòa nhà w2,,,,22 05a tòa nhà w2
3050,"chung cư a4 , phan xích long p7 q pn",,,,,,,,,chung cư a4 phan xích long p7 q pn,,,,chung cư a4 phan xích long p7 q pn
3051,"khu vạn phúc , hà đông , hà nội",,,,,,,,,khu vạn phúc hà đông hà nội,,,,khu vạn phúc hà đông hà nội
3052,p13 tân bình,,,,,,,,,p13 tân bình,,,,p13 tân bình
3053,mặt tiền đường chiến lược,,,,,,,,,mặt tiền đường chiến lược,,,,mặt tiền đường chiến lược
3054,"mặt tiền chiến lược , p . bình trị đông , q . bình tân",,,,,,,,,mặt tiền chiến lược p bình trị đông q bình tân,,,,mặt tiền chiến lược p bình trị đông q bình tân
3055,"kv khánh bình , tân uyên , bình dương",,,,,,,,,kv khánh bình tân uyên,,,Bình Dương,"kv khánh bình tân uyên, Bình Dương"
3056,"số 609 đường la thành , ba đình",,,,,,,,,số 609 đường la thành ba đình,,,,số 609 đường la thành ba đình
3057,him lam phú an - quận 9,,,,,,,,,him lam phú an quận 9,,,,him lam phú an quận 9
3058,"ngõ 168 nguyễn xiển , thanh xuân , hà nội",,,,,,,,,ngõ 168 nguyễn xiển thanh xuân hà nội,,,,ngõ 168 nguyễn xiển thanh xuân hà nội
3059,kđt xa la,,,,,,,,,kđt xa la,,,,kđt xa la
3060,quận 9  tp hcm,,,,,,,,,quận 9 tp hcm,,,,quận 9 tp hcm
3061,"võ văn hát , p . long trường , q 9 , tp hcm",,,,,,,,,võ văn hát p long trường q 9 tp hcm,,,,võ văn hát p long trường q 9 tp hcm
3062,"261 phùng hưng , hà đông",,,,,,,,,261 phùng hưng hà đông,,,,261 phùng hưng hà đông
3063,a15 số 12 ngõ 248 hoàng ngân,,,,,,,,,a15 số 12 ngõ 248 hoàng ngân,,,,a15 số 12 ngõ 248 hoàng ngân
3064,chung cư tôn thất thuyết,,,,,,,,,chung cư tôn thất thuyết,,,,chung cư tôn thất thuyết
3065,"1 / 9 nguyễn văn mai , phường 8 , quận 3",,,,,,,,,1 9 nguyễn văn mai phường 8 quận 3,,,,1 9 nguyễn văn mai phường 8 quận 3
3066,trung kính,,,,,,,,,trung kính,,,,trung kính
3067,"gic tower 1b điện biên phủ , p . 25 , q . bình thạnh",,,,,,,,,gic tower 1b  phủ p 25 q bình thạnh,,,Điện Biên,"gic tower 1b  phủ p 25 q bình thạnh, Điện Biên"
3068,chung cư opal riverside,,,,,,,,,chung cư opal riverside,,,,chung cư opal riverside
3069,"sunshine city , ciputra",,,,,,,,,sunshine city ciputra,,,,sunshine city ciputra
3070,"hẻm 360 / 10 đường phạm hữu lầu , huyện nhà bè",,,,,,,,,hẻm 360 10 đường phạm hữu lầu huyện nhà bè,,,,hẻm 360 10 đường phạm hữu lầu huyện nhà bè
3071,"làng cafe - 3 đường 11 góc đường 12 kdc bình hưng , ấp 2 bình chánh",,,,,,,,,làng cafe 3 đường 11 góc đường 12 kdc bình hưng ấp 2 bình chánh,,,,làng cafe 3 đường 11 góc đường 12 kdc bình hưng ấp 2 bình chánh
3072,mặt phố đường võ chí công,,,,,,,,,mặt phố đường võ chí công,,,,mặt phố đường võ chí công
3073,"khu compound the art gia hòa , số 523 , đỗ xuân hợp , quận 9",,,,,,,,,khu compound the art gia hòa số 523 đỗ xuân hợp quận 9,,,,khu compound the art gia hòa số 523 đỗ xuân hợp quận 9
3074,"tổ 1 phường hải thành , dương kinh , hải phòng",,,,,,,,,tổ 1 phường hải thành dương kinh,,,Hải Phòng,"tổ 1 phường hải thành dương kinh, Hải Phòng"
3075,"3 / 53 / 30 thành thái , p . 14 , q . 10 a",,,,,,,,,3 53 30 thành thái p 14 q 10 a,,,,3 53 30 thành thái p 14 q 10 a
3076,q10,,,,,,,,,q10,,,,q10
3077,a10 nguyễn chánh,,,,,,,,,a10 nguyễn chánh,,,,a10 nguyễn chánh
3078,"trung tâm nguyễn chánh , cầu giấy",,,,,,,,,trung tâm nguyễn chánh cầu giấy,,,,trung tâm nguyễn chánh cầu giấy
3079,"chung cư vinaconex 7 , số 34 cầu diễn , mỹ đình 1",,,,,,,,,chung cư vinaconex 7 số 34 cầu diễn mỹ đình 1,,,,chung cư vinaconex 7 số 34 cầu diễn mỹ đình 1
3080,vinhomes royal city - 72a nguyên trãi - thanh xuân - hà nội,,,,,,,,,vinhomes royal city 72a nguyên trãi thanh xuân hà nội,,,,vinhomes royal city 72a nguyên trãi thanh xuân hà nội
3081,saigon royal - novaland - quận 4,,,,,,,,,saigon royal novaland quận 4,,,,saigon royal novaland quận 4
3082,"số 34 - 35 bến vân đồn , p . 2 , quận 4",,,,,,,,,số 34 35 bến vân đồn p 2 quận 4,,,,số 34 35 bến vân đồn p 2 quận 4
3083,"chung cư cao cấp giai việt quốc cường lô a1 . 2 , đường tạ quang bửu , quận 8",,,,,,,,,chung cư cao cấp giai việt quốc cường lô a1 2 đường tạ quang bửu quận 8,,,,chung cư cao cấp giai việt quốc cường lô a1 2 đường tạ quang bửu quận 8
3084,chung cư aquaybay ecopark lake 1,,,,,,,,,chung cư aquaybay ecopark lake 1,,,,chung cư aquaybay ecopark lake 1
3085,"khu công viên nguyễn cửu đàm , phường tân sơn nhì , quận tân phú",,,,,,,,,khu công viên nguyễn cửu đàm phường tân sơn nhì quận tân phú,,,,khu công viên nguyễn cửu đàm phường tân sơn nhì quận tân phú
3086,chung cư hòa bình green city,,,,,,,,,chung cư  green city,,,Hòa Bình,"chung cư  green city, Hòa Bình"
3087,chung cư eco city - kdt việt hưng long biên,,,,,,,,,chung cư eco city kdt việt hưng long biên,,,,chung cư eco city kdt việt hưng long biên
3088,kđt việt hưng,,,,,,,,,kđt việt hưng,,,,kđt việt hưng
3089,"khu ct 3 vcn phước hải , đường võ nguyên giáp",,,,,,,,,khu ct 3 vcn phước hải đường võ nguyên giáp,,,,khu ct 3 vcn phước hải đường võ nguyên giáp
3090,"số 2 lê văn thiêm , thanh xuân , hà nội",,,,,,,,,số 2 lê văn thiêm thanh xuân hà nội,,,,số 2 lê văn thiêm thanh xuân hà nội
3091,chung cư cao cấp hà nội center point,,,,,,,,,chung cư cao cấp hà nội center point,,,,chung cư cao cấp hà nội center point
3092,chung cư gold season 47 nguyễn tuân,,,,,,,,,chung cư gold season 47 nguyễn tuân,,,,chung cư gold season 47 nguyễn tuân
3093,"ngõ 32 tô ngọc vân , phường quảng an , quận tây hồ , hà nội",,,,,,,,,ngõ 32 tô ngọc vân phường quảng an quận tây hồ hà nội,,,,ngõ 32 tô ngọc vân phường quảng an quận tây hồ hà nội
3094,"119 trần duy chiến , p . mân thái , sơn trà",,,,,,,,,119 trần duy chiến p mân thái sơn trà,,,,119 trần duy chiến p mân thái sơn trà
3095,"chung cư tân hương tower 11 tân hương , tân phú , tp hcm",,,,,,,,,chung cư tân hương tower 11 tân hương tân phú tp hcm,,,,chung cư tân hương tower 11 tân hương tân phú tp hcm
3096,"chung cư homyland 2 tại 307 nguyễn duy trinh , p . bình trưng tây , q . 2",,,,,,,,,chung cư homyland 2 tại 307 nguyễn duy trinh p bình trưng tây q 2,,,,chung cư homyland 2 tại 307 nguyễn duy trinh p bình trưng tây q 2
3097,"tòa r2 sunshine riverside , tây hồ",,,,,,,,,tòa r2 sunshine riverside tây hồ,,,,tòa r2 sunshine riverside tây hồ
3098,"278 nam kỳ khởi nghĩa , phường 8 , quận 3 , thành phố hồ chí minh",,,,,,,,,278 nam kỳ khởi nghĩa   thành phố,Phường 8, Quận 3,Hồ Chí Minh,"278 nam kỳ khởi nghĩa   thành phố, Phường 8,  Quận 3, Hồ Chí Minh"
3099,khu phân lô phố trung kính to,,,,,,,,,khu phân lô phố trung kính to,,,,khu phân lô phố trung kính to
3100,"screc tower , q . 3",,,,,,,,,screc tower q 3,,,,screc tower q 3
3101,khu đô thị ecopark,,,,,,,,,khu đô thị ecopark,,,,khu đô thị ecopark
3102,republic 18e cộng hòa,,,,,,,,,republic 18e cộng hòa,,,,republic 18e cộng hòa
3103,18e cộng hòa nằm trong khách sạn holiday in,,,,,,,,,18e cộng hòa nằm trong khách sạn holiday in,,,,18e cộng hòa nằm trong khách sạn holiday in
3104,đường trường sa,,,,,,,,,đường trường sa,,,,đường trường sa
3105,10b ct 4b vĩnh điềm trung,,,,,,,,,10b ct 4b vĩnh điềm trung,,,,10b ct 4b vĩnh điềm trung
3106,"chung cư satra eximland , quận phú nhuận",,,,,,,,,chung cư satra eximland quận phú nhuận,,,,chung cư satra eximland quận phú nhuận
3107,"nguyễn đình chiểu , phường 4 , quận 3",,,,,,,,,nguyễn đình chiểu phường 4 quận 3,,,,nguyễn đình chiểu phường 4 quận 3
3108,mặt phố ngụy như kon tum,,,,,,,,,mặt phố ngụy như,,,Kon Tum,"mặt phố ngụy như, Kon Tum"
3109,ngõ 20 ngụy như kon tum,,,,,,,,,ngõ 20 ngụy như,,,Kon Tum,"ngõ 20 ngụy như, Kon Tum"
3110,"ngõ 20 ngụy như kon tum , p . nhân chính , q . thanh xuân , hà nội",,,,,,,,,ngõ 20 ngụy như  p nhân chính q thanh xuân hà nội,,,Kon Tum,"ngõ 20 ngụy như  p nhân chính q thanh xuân hà nội, Kon Tum"
3111,"cityland park hills , p10 , gò vấp",,,,,,,,,cityland park hills p10 gò vấp,,,,cityland park hills p10 gò vấp
3112,c2 xuân đỉnh,,,,,,,,,c2 xuân đỉnh,,,,c2 xuân đỉnh
3113,mặt tiền đường lê thanh nghị,,,,,,,,,mặt tiền đường lê thanh nghị,,,,mặt tiền đường lê thanh nghị
3114,"kim sơn building , 16 - 18 phan thành tài - q . hải châu - tp đà nẵng",,,,,,,,,kim sơn building 16 18 phan thành tài q hải châu tp,,,Đà Nẵng,"kim sơn building 16 18 phan thành tài q hải châu tp, Đà Nẵng"
3115,xuân la - tây hồ,,,,,,,,,xuân la tây hồ,,,,xuân la tây hồ
3116,"làng đại học , khu tài nguyên sau căn hộ hoàng anh gia lai 3",,,,,,,,,làng đại học khu tài nguyên sau căn hộ hoàng anh  3,,,Gia Lai,"làng đại học khu tài nguyên sau căn hộ hoàng anh  3, Gia Lai"
3117,"chung cư phạm viết chánh , quận bình thạnh",,,,,,,,,chung cư phạm viết chánh quận bình thạnh,,,,chung cư phạm viết chánh quận bình thạnh
3118,bình phú,,,,,,,,,bình phú,,,,bình phú
3119,vinhomes dcapitale,,,,,,,,,vinhomes dcapitale,,,,vinhomes dcapitale
3120,243 lê văn sỹ,,,,,,,,,243 lê văn sỹ,,,,243 lê văn sỹ
3121,mặt tiền lê văn sỹ,,,,,,,,,mặt tiền lê văn sỹ,,,,mặt tiền lê văn sỹ
3122,"nguyễn thái học , khu trung tâm thương mại , phường 7 , vũng tàu",,,,,,,,,nguyễn thái học khu trung tâm thương mại phường 7 vũng tàu,,,,nguyễn thái học khu trung tâm thương mại phường 7 vũng tàu
3123,"chung cư celadon city , tân phú , tp . hcm",,,,,,,,,chung cư celadon city tân phú tp hcm,,,,chung cư celadon city tân phú tp hcm
3124,khu chung cư đông đúc ngoại giao đoàn n03 - t5,,,,,,,,,khu chung cư đông đúc ngoại giao đoàn n03 t5,,,,khu chung cư đông đúc ngoại giao đoàn n03 t5
3125,chung cư fuji residence,,,,,,,,,chung cư fuji residence,,,,chung cư fuji residence
3126,topaz home mặt tiền đường phan văn hớn quận 12,,,,,,,,,topaz home mặt tiền đường phan văn hớn quận 12,,,,topaz home mặt tiền đường phan văn hớn quận 12
3127,the tresor - quận 4,,,,,,,,,the tresor quận 4,,,,the tresor quận 4
3128,"green field , 686 xô viết nghệ tĩnh , p . 25 , q . bình thạnh",,,,,,,,,green field 686 xô viết nghệ tĩnh p 25 q bình thạnh,,,,green field 686 xô viết nghệ tĩnh p 25 q bình thạnh
3129,"chung cư xi grand court , quận 10 , tp . hcm",,,,,,,,,chung cư xi grand court quận 10 tp hcm,,,,chung cư xi grand court quận 10 tp hcm
3130,"mặt tiền đường kinh dương vương , quận bình tân",,,,,,,,,mặt tiền đường kinh dương vương quận bình tân,,,,mặt tiền đường kinh dương vương quận bình tân
3131,"sky garden nguyễn văn linh , quận 7 , tp . hồ chí minh",,,,,,,,,sky garden nguyễn văn linh  tp,, Quận 7,Hồ Chí Minh,"sky garden nguyễn văn linh  tp,  Quận 7, Hồ Chí Minh"
3132,mr hòa lê green house,,,,,,,,,mr hòa lê green house,,,,mr hòa lê green house
3133,"phường thanh lộc , q12",,,,,,,,,phường thanh lộc q12,,,,phường thanh lộc q12
3134,mặt tiền đường hà huy giáp,,,,,,,,,mặt tiền đường hà huy giáp,,,,mặt tiền đường hà huy giáp
3135,"chung cư c14 bùi xương trạch , hoàng mai , hà nội",,,,,,,,,chung cư c14 bùi xương trạch hoàng mai hà nội,,,,chung cư c14 bùi xương trạch hoàng mai hà nội
3136,dự án park riverside,,,,,,,,,dự án park riverside,,,,dự án park riverside
3137,chung cư bigemco đường lý thường kiệt . q11,,,,,,,,,chung cư bigemco đường lý thường kiệt q11,,,,chung cư bigemco đường lý thường kiệt q11
3138,"florita khu him lam , phường tân hưng , quận 7",,,,,,,,,florita khu him lam phường tân hưng quận 7,,,,florita khu him lam phường tân hưng quận 7
3139,đường trần nguyên hãn,,,,,,,,,đường trần nguyên hãn,,,,đường trần nguyên hãn
3140,"midtown sakura , pmh , q7",,,,,,,,,midtown sakura pmh q7,,,,midtown sakura pmh q7
3141,"horizon , trần quang khải , quận 1",,,,,,,,,horizon trần quang khải quận 1,,,,horizon trần quang khải quận 1
3142,0934 010 908,,,,,,,,,0934 010 908,,,,0934 010 908
3143,"214 trần quang khải , tân định , quận 1",,,,,,,,,214 trần quang khải tân định quận 1,,,,214 trần quang khải tân định quận 1
3144,"hoàng ngân , thanh xuân , hà nội",,,,,,,,,hoàng ngân thanh xuân hà nội,,,,hoàng ngân thanh xuân hà nội
3145,tòa the zen gamuda,,,,,,,,,tòa the zen gamuda,,,,tòa the zen gamuda
3146,"green field , địa chỉ 686 xô viết nghệ tĩnh , p25 , bình thạnh",,,,,,,,,green field địa chỉ 686 xô viết nghệ tĩnh p25 bình thạnh,,,,green field địa chỉ 686 xô viết nghệ tĩnh p25 bình thạnh
3147,"chung cư botanic , quận phú nhuận",,,,,,,,,chung cư botanic quận phú nhuận,,,,chung cư botanic quận phú nhuận
3148,"indochina plaza hà nội , số 241 xuân thủy , cầu giấy , hà nội",,,,,,,,,indochina plaza hà nội số 241 xuân thủy cầu giấy hà nội,,,,indochina plaza hà nội số 241 xuân thủy cầu giấy hà nội
3149,"green field , địa chỉ : 686 xô viết nghệ tĩnh , phường 25 , bình thạnh , thành phố hồ chí minh",,,,,,,,,green field địa chỉ 686 xô viết nghệ tĩnh phường 25 bình thạnh thành phố,,,Hồ Chí Minh,"green field địa chỉ 686 xô viết nghệ tĩnh phường 25 bình thạnh thành phố, Hồ Chí Minh"
3150,phố hoàng hoa thám,,,,,,,,,phố hoàng hoa thám,,,,phố hoàng hoa thám
3151,starlake tây hồ tây,,,,,,,,,starlake tây hồ tây,,,,starlake tây hồ tây
3152,"hamona , đường trương công định , quận tân bình",,,,,,,,,hamona đường trương công định quận tân bình,,,,hamona đường trương công định quận tân bình
3153,"101 nguyễn bỉnh khiêm , p . đa kao quận 1",,,,,,,,,101 nguyễn bỉnh khiêm p đa kao quận 1,,,,101 nguyễn bỉnh khiêm p đa kao quận 1
3154,423 võ văn tần,,,,,,,,,423 võ văn tần,,,,423 võ văn tần
3155,mặt tiền đường hải phòng,,,,,,,,,mặt tiền đường,,,Hải Phòng,"mặt tiền đường, Hải Phòng"
3156,"số 20 trung kính , cầu giấy",,,,,,,,,số 20 trung kính cầu giấy,,,,số 20 trung kính cầu giấy
3157,mặt tiền đường lê văn việt cạnh,,,,,,,,,mặt tiền đường lê văn việt cạnh,,,,mặt tiền đường lê văn việt cạnh
3158,chung cư sunshine riverside,,,,,,,,,chung cư sunshine riverside,,,,chung cư sunshine riverside
3159,del dorado lạc long quân,,,,,,,,,del dorado lạc long quân,,,,del dorado lạc long quân
3160,chung cư ct 4 khu đô thị vĩnh điềm trung,,,,,,,,,chung cư ct 4 khu đô thị vĩnh điềm trung,,,,chung cư ct 4 khu đô thị vĩnh điềm trung
3161,"chung cư vinhome grandpark 83m2 , tòa s3 . 02",,,,,,,,,chung cư vinhome grandpark 83m2 tòa s3 02,,,,chung cư vinhome grandpark 83m2 tòa s3 02
3162,"chung cư era lạc long quân , quận tân bình",,,,,,,,,chung cư era lạc long quân quận tân bình,,,,chung cư era lạc long quân quận tân bình
3163,chung cư hòa bình green city - 505 minh khai,,,,,,,,,chung cư  green city 505 minh khai,,,Hòa Bình,"chung cư  green city 505 minh khai, Hòa Bình"
3164,"nguyễn thị minh khai , quận 3",,,,,,,,,nguyễn thị minh khai quận 3,,,,nguyễn thị minh khai quận 3
3165,cổ nhuế - bắc từ liêm,,,,,,,,,cổ nhuế bắc từ liêm,,,,cổ nhuế bắc từ liêm
3166,ngách 347 / 116 / 1 nhà số 4,,,,,,,,,ngách 347 116 1 nhà số 4,,,,ngách 347 116 1 nhà số 4
3167,số 4 / 116 / 1 / 347 tdp viên 3 - đường cổ nhuế - phường cổ nhuế 2 - bắc từ liêm,,,,,,,,,số 4 116 1 347 tdp viên 3 đường cổ nhuế phường cổ nhuế 2 bắc từ liêm,,,,số 4 116 1 347 tdp viên 3 đường cổ nhuế phường cổ nhuế 2 bắc từ liêm
3168,tháp t1,,,,,,,,,tháp t1,,,,tháp t1
3169,đường nguyễn hữu thọ - linh đàm - hà nội,,,,,,,,,đường nguyễn hữu thọ linh đàm hà nội,,,,đường nguyễn hữu thọ linh đàm hà nội
3170,"phố liễu giai , phường liễu giai , ba đình",,,,,,,,,phố liễu giai phường liễu giai ba đình,,,,phố liễu giai phường liễu giai ba đình
3171,tập thể văn công mai dịch,,,,,,,,,tập thể văn công mai dịch,,,,tập thể văn công mai dịch
3172,"kingston , đường nguyễn văn trỗi , quận phú nhuận",,,,,,,,,kingston đường nguyễn văn trỗi quận phú nhuận,,,,kingston đường nguyễn văn trỗi quận phú nhuận
3173,"lake view cii , đường nguyễn cơ thạch khu đô thị thủ thiêm , quận 2 , tp hcm",,,,,,,,,lake view cii đường nguyễn cơ thạch khu đô thị thủ thiêm quận 2 tp hcm,,,,lake view cii đường nguyễn cơ thạch khu đô thị thủ thiêm quận 2 tp hcm
3174,lake view cii,,,,,,,,,lake view cii,,,,lake view cii
3175,vinhomes q9 tòa s2 . 02,,,,,,,,,vinhomes q9 tòa s2 02,,,,vinhomes q9 tòa s2 02
3176,"ngõ 797 trương định , hà nội",,,,,,,,,ngõ 797 trương định hà nội,,,,ngõ 797 trương định hà nội
3177,cityland park hills phan văn trị gò vấp,,,,,,,,,cityland park hills phan văn trị gò vấp,,,,cityland park hills phan văn trị gò vấp
3178,hiyori võ văn kiệt,,,,,,,,,hiyori võ văn kiệt,,,,hiyori võ văn kiệt
3179,"giai việt , 856 , tạ quang bửu , phường 5 , quận 8 , hồ chí minh",,,,,,,,,giai việt 856 tạ quang bửu,Phường 5, Quận 8,Hồ Chí Minh,"giai việt 856 tạ quang bửu, Phường 5,  Quận 8, Hồ Chí Minh"
3180,hồ tùng mậu p . bến nghé quận 1,,,,,,,,,hồ tùng mậu p bến nghé quận 1,,,,hồ tùng mậu p bến nghé quận 1
3181,khu cư xá lữ gia,,,,,,,,,khu cư xá lữ gia,,,,khu cư xá lữ gia
3182,"mỹ khánh 3 đường nguyễn đức cảnh , phú mỹ hưng , quận 7 , tp . hồ chí minh",,,,,,,,,mỹ khánh 3 đường nguyễn đức cảnh phú mỹ hưng  tp,, Quận 7,Hồ Chí Minh,"mỹ khánh 3 đường nguyễn đức cảnh phú mỹ hưng  tp,  Quận 7, Hồ Chí Minh"
3183,cc imperia garden,,,,,,,,,cc imperia garden,,,,cc imperia garden
3184,"chung cư imperia garden , thanh xuân , hà nội",,,,,,,,,chung cư imperia garden thanh xuân hà nội,,,,chung cư imperia garden thanh xuân hà nội
3185,"289 + 291 phố xã đàn , đống đa",,,,,,,,,289 291 phố xã đàn đống đa,,,,289 291 phố xã đàn đống đa
3186,bàu cát 2,,,,,,,,,bàu cát 2,,,,bàu cát 2
3187,đường hồ sen - cầu rào 2,,,,,,,,,đường hồ sen cầu rào 2,,,,đường hồ sen cầu rào 2
3188,"chung cư imperia garden , 203 nguyễn huy tưởng",,,,,,,,,chung cư imperia garden 203 nguyễn huy tưởng,,,,chung cư imperia garden 203 nguyễn huy tưởng
3189,1 tòa w1 - w2 dự án vinhomes westpoint đỗ đức dục - phạm hùng,,,,,,,,,1 tòa w1 w2 dự án vinhomes westpoint đỗ đức dục phạm hùng,,,,1 tòa w1 w2 dự án vinhomes westpoint đỗ đức dục phạm hùng
3190,times city,,,,,,,,,times city,,,,times city
3191,"trần bình trọng ( phường trần hưng đạo , hoàn kiếm )",,,,,,,,,trần bình trọng phường trần hưng đạo hoàn kiếm,,,,trần bình trọng phường trần hưng đạo hoàn kiếm
3192,đường d1,,,,,,,,,đường d1,,,,đường d1
3193,dự án wilton - novaland,,,,,,,,,dự án wilton novaland,,,,dự án wilton novaland
3194,"113 / 46 đường năm châu , p . 11 , tân bình",,,,,,,,,113 46 đường năm châu p 11 tân bình,,,,113 46 đường năm châu p 11 tân bình
3195,"the prince , số 19 nguyễn văn trỗi , q . phú nhuận",,,,,,,,,the prince số 19 nguyễn văn trỗi q phú nhuận,,,,the prince số 19 nguyễn văn trỗi q phú nhuận
3196,văn cao,,,,,,,,,văn cao,,,,văn cao
3197,trung tâm bến thành q1,,,,,,,,,trung tâm bến thành q1,,,,trung tâm bến thành q1
3198,đầu đường số 1 dự án t & t thái sơn long hậu,,,,,,,,,đầu đường số 1 dự án t t thái sơn long hậu,,,,đầu đường số 1 dự án t t thái sơn long hậu
3199,"himlam 6a , kdc trung sơn",,,,,,,,,himlam 6a kdc trung sơn,,,,himlam 6a kdc trung sơn
3200,mặt tiền nguyễn văn lăng,,,,,,,,,mặt tiền nguyễn văn lăng,,,,mặt tiền nguyễn văn lăng
3201,chung cư newton,,,,,,,,,chung cư newton,,,,chung cư newton
3202,"đường số 5 khu dc him lam , phường tân hưng , quận 7",,,,,,,,,đường số 5 khu dc him lam phường tân hưng quận 7,,,,đường số 5 khu dc him lam phường tân hưng quận 7
3203,trung tâm q7,,,,,,,,,trung tâm q7,,,,trung tâm q7
3204,khu đô thị an phú - an khánh quận 2,,,,,,,,,khu đô thị an phú an khánh quận 2,,,,khu đô thị an phú an khánh quận 2
3205,"celadon city đường bờ bao tân thắng , phường sơn kỳ , quận tân phú",,,,,,,,,celadon city đường bờ bao tân thắng phường sơn kỳ quận tân phú,,,,celadon city đường bờ bao tân thắng phường sơn kỳ quận tân phú
3206,đường số 22 khu đô thị vcn phước long,,,,,,,,,đường số 22 khu đô thị vcn phước long,,,,đường số 22 khu đô thị vcn phước long
3207,"181 / 7 đường âu dương lân , p . 2 , quận 8",,,,,,,,,181 7 đường âu dương lân p 2 quận 8,,,,181 7 đường âu dương lân p 2 quận 8
3208,2 mặt tiền đường đào duy từ,,,,,,,,,2 mặt tiền đường đào duy từ,,,,2 mặt tiền đường đào duy từ
3209,đội nhân,,,,,,,,,đội nhân,,,,đội nhân
3210,"nhà đội nhân , , p , đội cấn , q . ba đình , hà nội",,,,,,,,,nhà đội nhân p đội cấn q ba đình hà nội,,,,nhà đội nhân p đội cấn q ba đình hà nội
3211,trung tâm của đội nhân,,,,,,,,,trung tâm của đội nhân,,,,trung tâm của đội nhân
3212,p . bình an thủ đức house,,,,,,,,,p bình an thủ đức house,,,,p bình an thủ đức house
3213,p . bình an,,,,,,,,,p bình an,,,,p bình an
3214,"chung cư cityland park hills , gò vấp",,,,,,,,,chung cư cityland park hills gò vấp,,,,chung cư cityland park hills gò vấp
3215,chung cư cityland park hills gò vấp,,,,,,,,,chung cư cityland park hills gò vấp,,,,chung cư cityland park hills gò vấp
3216,diamond lotus riverside q8,,,,,,,,,diamond lotus riverside q8,,,,diamond lotus riverside q8
3217,"số 49c lê quang kim , p8 , q8 , tp hcm",,,,,,,,,số 49c lê quang kim p8 q8 tp hcm,,,,số 49c lê quang kim p8 q8 tp hcm
3218,"pasteur phường 6 , quận 3",,,,,,,,,pasteur phường 6 quận 3,,,,pasteur phường 6 quận 3
3219,marina - eco park,,,,,,,,,marina eco park,,,,marina eco park
3220,khu đô thị eco park - huyện văn giang - hưng yên,,,,,,,,,khu đô thị eco park,,Huyện Văn Giang,Hưng Yên,"khu đô thị eco park, Huyện Văn Giang, Hưng Yên"
3221,hẻm 111 đường lê đình cẩn quận bình tân,,,,,,,,,hẻm 111 đường lê đình cẩn quận bình tân,,,,hẻm 111 đường lê đình cẩn quận bình tân
3222,"estella heights , tháp 4",,,,,,,,,estella heights tháp 4,,,,estella heights tháp 4
3223,mặt tiền đường song hành xa lộ hà nội,,,,,,,,,mặt tiền đường song hành xa lộ hà nội,,,,mặt tiền đường song hành xa lộ hà nội
3224,"dự án tài tâm , ngõ 124 vĩnh tuy",,,,,,,,,dự án tài tâm ngõ 124 vĩnh tuy,,,,dự án tài tâm ngõ 124 vĩnh tuy
3225,"an khang khu an phú an khánh , phường an phú , quận 2",,,,,,,,,an khang khu an phú an khánh phường an phú quận 2,,,,an khang khu an phú an khánh phường an phú quận 2
3226,"112 / 23 bạch đằng , p2 , tân bình , tphcm",,,,,,,,,112 23 bạch đằng p2 tân bình tphcm,,,,112 23 bạch đằng p2 tân bình tphcm
3227,khu chung cư rừng cọ ecopark,,,,,,,,,khu chung cư rừng cọ ecopark,,,,khu chung cư rừng cọ ecopark
3228,mặt ngõ phố hoàng cầu - nguyễn phúc lai,,,,,,,,,mặt ngõ phố hoàng cầu nguyễn phúc lai,,,,mặt ngõ phố hoàng cầu nguyễn phúc lai
3229,"lý thường kiệt , cư xá lữ gia , q11",,,,,,,,,lý thường kiệt cư xá lữ gia q11,,,,lý thường kiệt cư xá lữ gia q11
3230,river gate tầng 18,,,,,,,,,river gate tầng 18,,,,river gate tầng 18
3231,studio river gate,,,,,,,,,studio river gate,,,,studio river gate
3232,"chung cư horizon tower , số 214 trần quang khải , quận 1",,,,,,,,,chung cư horizon tower số 214 trần quang khải quận 1,,,,chung cư horizon tower số 214 trần quang khải quận 1
3233,"chung cư melody residences , số 16 âu cơ , phường tân sơn nhì , quận tân phú",,,,,,,,,chung cư melody residences số 16 âu cơ phường tân sơn nhì quận tân phú,,,,chung cư melody residences số 16 âu cơ phường tân sơn nhì quận tân phú
3234,"mỹ phúc nguyễn đức cảnh , p tân phong , quận 7",,,,,,,,,mỹ phúc nguyễn đức cảnh p tân phong quận 7,,,,mỹ phúc nguyễn đức cảnh p tân phong quận 7
3235,"lucky palace , 50 phan văn khỏe , p2 , quận 6",,,,,,,,,lucky palace 50 phan văn khỏe p2 quận 6,,,,lucky palace 50 phan văn khỏe p2 quận 6
3236,"phường an phú đông , quận 12",,,,,,,,,phường an phú đông quận 12,,,,phường an phú đông quận 12
3237,"tân phước plaza , đường lý nam đế , phường 7 , quận 11",,,,,,,,,tân phước plaza đường lý nam đế phường 7 quận 11,,,,tân phước plaza đường lý nam đế phường 7 quận 11
3238,khu a khu đô thị an phú an khánh,,,,,,,,,khu a khu đô thị an phú an khánh,,,,khu a khu đô thị an phú an khánh
3239,lô an phú,,,,,,,,,lô an phú,,,,lô an phú
3240,shopvilla an phú,,,,,,,,,shopvilla an phú,,,,shopvilla an phú
3241,chung cư tân phước plaza đường lý nam đế . q11,,,,,,,,,chung cư tân phước plaza đường lý nam đế q11,,,,chung cư tân phước plaza đường lý nam đế q11
3242,ngõ rộng lê duẩn,,,,,,,,,ngõ rộng lê duẩn,,,,ngõ rộng lê duẩn
3243,"golden mansion - địa chỉ 119 phổ quang , p pường 09 , quận phú nhuận",,,,,,,,,golden mansion địa chỉ 119 phổ quang p pường 09 quận phú nhuận,,,,golden mansion địa chỉ 119 phổ quang p pường 09 quận phú nhuận
3244,"celadon city phường sơn kỳ , quận tân phú",,,,,,,,,celadon city phường sơn kỳ quận tân phú,,,,celadon city phường sơn kỳ quận tân phú
3245,"tô vĩnh diện , khương mai , thanh xuân , hà nội",,,,,,,,,tô vĩnh diện khương mai thanh xuân hà nội,,,,tô vĩnh diện khương mai thanh xuân hà nội
3246,"mặt tiền đường nguyễn bá huân , phường thảo điền quận 2",,,,,,,,,mặt tiền đường nguyễn bá huân phường thảo điền quận 2,,,,mặt tiền đường nguyễn bá huân phường thảo điền quận 2
3247,"babylon , mt đường âu cơ , p . tân thành , q . tân phú",,,,,,,,,babylon mt đường âu cơ p tân thành q tân phú,,,,babylon mt đường âu cơ p tân thành q tân phú
3248,"nguyễn văn lộc , mỗ lao , hà đông",,,,,,,,,nguyễn văn lộc mỗ lao hà đông,,,,nguyễn văn lộc mỗ lao hà đông
3249,tòa nhà mặt phố trung hòa lô,,,,,,,,,tòa nhà mặt phố trung hòa lô,,,,tòa nhà mặt phố trung hòa lô
3250,tòa vinhomes 29 liễu giai,,,,,,,,,tòa vinhomes 29 liễu giai,,,,tòa vinhomes 29 liễu giai
3251,chung cư ct 2 khu đô thị vcn phước hải,,,,,,,,,chung cư ct 2 khu đô thị vcn phước hải,,,,chung cư ct 2 khu đô thị vcn phước hải
3252,mt phố thảo điền q2,,,,,,,,,mt phố thảo điền q2,,,,mt phố thảo điền q2
3253,ngõ 621 vũ tông phan,,,,,,,,,ngõ 621 vũ tông phan,,,,ngõ 621 vũ tông phan
3254,samland giai việt số 854 tạ quang bửu phường 5 quận 8,,,,,,,,,samland giai việt số 854 tạ quang bửu phường 5 quận 8,,,,samland giai việt số 854 tạ quang bửu phường 5 quận 8
3255,ngõ phố nguyên hồng,,,,,,,,,ngõ phố nguyên hồng,,,,ngõ phố nguyên hồng
3256,"chung cư 43 hồ văn huê , quận phú nhuận",,,,,,,,,chung cư 43 hồ văn huê quận phú nhuận,,,,chung cư 43 hồ văn huê quận phú nhuận
3257,moonlight parkview bình tân,,,,,,,,,moonlight parkview bình tân,,,,moonlight parkview bình tân
3258,khu đô thị hdmon mỹ đình,,,,,,,,,khu đô thị hdmon mỹ đình,,,,khu đô thị hdmon mỹ đình
3259,"27 trần duy hưng , trung hòa , cầu giấy , hà nội",,,,,,,,,27 trần duy hưng trung hòa cầu giấy hà nội,,,,27 trần duy hưng trung hòa cầu giấy hà nội
3260,khu emerald chung cư celadon city tân phú,,,,,,,,,khu emerald chung cư celadon city tân phú,,,,khu emerald chung cư celadon city tân phú
3261,"khu emerald chung cư celadon city tân phú , 36 bờ bao tân thắng , p . sơn kỳ , q . tân phú",,,,,,,,,khu emerald chung cư celadon city tân phú 36 bờ bao tân thắng p sơn kỳ q tân phú,,,,khu emerald chung cư celadon city tân phú 36 bờ bao tân thắng p sơn kỳ q tân phú
3262,khu emerald,,,,,,,,,khu emerald,,,,khu emerald
3263,"ngõ 184 , đê trần khát chân , hai bà trưng",,,,,,,,,ngõ 184 đê trần khát chân hai bà trưng,,,,ngõ 184 đê trần khát chân hai bà trưng
3264,"ngõ 184 , đê trần khát chân",,,,,,,,,ngõ 184 đê trần khát chân,,,,ngõ 184 đê trần khát chân
3265,"241b đường nguyễn trãi , quận 1",,,,,,,,,241b đường nguyễn trãi quận 1,,,,241b đường nguyễn trãi quận 1
3266,"thôn xuân ngọc , vĩnh ngọc , nha trang , khánh hòa",,,,,,,,,thôn xuân ngọc vĩnh ngọc nha trang,,,Khánh Hòa,"thôn xuân ngọc vĩnh ngọc nha trang, Khánh Hòa"
3267,chung cư the legend 109 nguyễn tuân,,,,,,,,,chung cư the legend 109 nguyễn tuân,,,,chung cư the legend 109 nguyễn tuân
3268,587 lạc long quân,,,,,,,,,587 lạc long quân,,,,587 lạc long quân
3269,"chung cư cao cấp the prince , nguyễn văn trỗi , phú nhuận",,,,,,,,,chung cư cao cấp the prince nguyễn văn trỗi phú nhuận,,,,chung cư cao cấp the prince nguyễn văn trỗi phú nhuận
3270,vinhomes skylake phạm hùng,,,,,,,,,vinhomes skylake phạm hùng,,,,vinhomes skylake phạm hùng
3271,golden west,,,,,,,,,golden west,,,,golden west
3272,"scenic valley phú mỹ hưng , quận 7 , tp . hồ chí minh",,,,,,,,,scenic valley phú mỹ hưng  tp,, Quận 7,Hồ Chí Minh,"scenic valley phú mỹ hưng  tp,  Quận 7, Hồ Chí Minh"
3273,cityland park hills phường 10 gò vấp,,,,,,,,,cityland park hills phường 10 gò vấp,,,,cityland park hills phường 10 gò vấp
3274,"p . nghĩa đô , q . cầu giấy , hà nội",,,,,,,,,p nghĩa đô q cầu giấy hà nội,,,,p nghĩa đô q cầu giấy hà nội
3275,hoàng quốc việt,,,,,,,,,hoàng quốc việt,,,,hoàng quốc việt
3276,xuân thủy khu phố tây thảo điền,,,,,,,,,xuân thủy khu phố tây thảo điền,,,,xuân thủy khu phố tây thảo điền
3277,căn số 1 quận 2,,,,,,,,,căn số 1 quận 2,,,,căn số 1 quận 2
3278,đường đà nẵng,,,,,,,,,đường,,,Đà Nẵng,"đường, Đà Nẵng"
3279,phố trần quốc toản,,,,,,,,,phố trần quốc toản,,,,phố trần quốc toản
3280,"50d nguyễn bỉnh khiêm , p1 , gò vấp",,,,,,,,,50d nguyễn bỉnh khiêm p1 gò vấp,,,,50d nguyễn bỉnh khiêm p1 gò vấp
3281,khung đường nguyễn bỉnh khiêm,,,,,,,,,khung đường nguyễn bỉnh khiêm,,,,khung đường nguyễn bỉnh khiêm
3282,"mỹ tú cảnh quan phú mỹ hưng , quận 7 , tp . hồ chí minh",,,,,,,,,mỹ tú cảnh quan phú mỹ hưng  tp,, Quận 7,Hồ Chí Minh,"mỹ tú cảnh quan phú mỹ hưng  tp,  Quận 7, Hồ Chí Minh"
3283,ehome 2,,,,,,,,,ehome 2,,,,ehome 2
3284,đường lạch tray,,,,,,,,,đường lạch tray,,,,đường lạch tray
3285,"chung cư oriental plaza , đ / c : 685 âu cơ , quận tân phú",,,,,,,,,chung cư oriental plaza đ c 685 âu cơ quận tân phú,,,,chung cư oriental plaza đ c 685 âu cơ quận tân phú
3286,"đường nguyễn thiện thuật , phường 3 , quận 3",,,,,,,,,đường nguyễn thiện thuật phường 3 quận 3,,,,đường nguyễn thiện thuật phường 3 quận 3
3287,quận 2 . + citi home,,,,,,,,,quận 2 citi home,,,,quận 2 citi home
3288,"khu đô thị mỹ đình sông đà sudico , thuộc phường mỹ đình 1 , quận nam từ liêm , hà nội",,,,,,,,,khu đô thị mỹ đình sông đà sudico thuộc phường mỹ đình 1 quận nam từ liêm hà nội,,,,khu đô thị mỹ đình sông đà sudico thuộc phường mỹ đình 1 quận nam từ liêm hà nội
3289,florita him lam quận 7,,,,,,,,,florita him lam quận 7,,,,florita him lam quận 7
3290,"khu đô thị an phú an khánh , quận 2",,,,,,,,,khu đô thị an phú an khánh quận 2,,,,khu đô thị an phú an khánh quận 2
3291,"nguyễn thị định , trung hòa nhân chính , thanh xuân , hà nội",,,,,,,,,nguyễn thị định trung hòa nhân chính thanh xuân hà nội,,,,nguyễn thị định trung hòa nhân chính thanh xuân hà nội
3292,"khu công nghiệp tb , quận tân phú",,,,,,,,,khu công nghiệp tb quận tân phú,,,,khu công nghiệp tb quận tân phú
3293,c7 giảng võ,,,,,,,,,c7 giảng võ,,,,c7 giảng võ
3294,tòa c7 giang võ,,,,,,,,,tòa c7 giang võ,,,,tòa c7 giang võ
3295,"yết kiêu ( phường nguyễn du , hai bà trưng",,,,,,,,,yết kiêu phường nguyễn du hai bà trưng,,,,yết kiêu phường nguyễn du hai bà trưng
3296,chung cư the pride,,,,,,,,,chung cư the pride,,,,chung cư the pride
3297,"tòa s2 . 11 , khu đô thị vinhomes ocean park , gia lâm",,,,,,,,,tòa s2 11 khu đô thị vinhomes ocean park gia lâm,,,,tòa s2 11 khu đô thị vinhomes ocean park gia lâm
3298,căn hộ florita,,,,,,,,,căn hộ florita,,,,căn hộ florita
3299,a10 nam trung yên,,,,,,,,,a10 nam trung yên,,,,a10 nam trung yên
3300,moonlight park view,,,,,,,,,moonlight park view,,,,moonlight park view
3301,"moonlight park view đường số 7 , p . an lạc a , q . bình tân , tp hcm",,,,,,,,,moonlight park view đường số 7 p an lạc a q bình tân tp hcm,,,,moonlight park view đường số 7 p an lạc a q bình tân tp hcm
3302,mặt tiền đường số 7,,,,,,,,,mặt tiền đường số 7,,,,mặt tiền đường số 7
3303,"mặt tiền đường an dương vương , phường 8 , quận 5",,,,,,,,,mặt tiền đường an dương vương phường 8 quận 5,,,,mặt tiền đường an dương vương phường 8 quận 5
3304,mặt tiền đường sư vạn hạnh,,,,,,,,,mặt tiền đường sư vạn hạnh,,,,mặt tiền đường sư vạn hạnh
3305,chung cư kosmo tây hồ,,,,,,,,,chung cư kosmo tây hồ,,,,chung cư kosmo tây hồ
3306,thuộc tòa novo,,,,,,,,,thuộc tòa novo,,,,thuộc tòa novo
3307,đường cát dài,,,,,,,,,đường cát dài,,,,đường cát dài
3308,mặt tiền đường nguyễn văn thoại,,,,,,,,,mặt tiền đường nguyễn văn thoại,,,,mặt tiền đường nguyễn văn thoại
3309,"205 nguyễn văn thoại , phường an hải đông , quận sơn trà , đà nẵng",,,,,,,,,205 nguyễn văn thoại,Phường An Hải Đông,Quận Sơn Trà,Đà Nẵng,"205 nguyễn văn thoại, Phường An Hải Đông, Quận Sơn Trà, Đà Nẵng"
3310,phố đội cấn,,,,,,,,,phố đội cấn,,,,phố đội cấn
3311,"shop hưng vượng 2 , mặt tiền đường số 6 , phú mỹ hưng , quận 7",,,,,,,,,shop hưng vượng 2 mặt tiền đường số 6 phú mỹ hưng quận 7,,,,shop hưng vượng 2 mặt tiền đường số 6 phú mỹ hưng quận 7
3312,"đường võ thị liễu , phường an phú đông , quận 12",,,,,,,,,đường võ thị liễu phường an phú đông quận 12,,,,đường võ thị liễu phường an phú đông quận 12
3313,1 tòa w1 - w2,,,,,,,,,1 tòa w1 w2,,,,1 tòa w1 w2
3314,dự án vinhomes westpoint đỗ đức dục - phạm hùng,,,,,,,,,dự án vinhomes westpoint đỗ đức dục phạm hùng,,,,dự án vinhomes westpoint đỗ đức dục phạm hùng
3315,"hồng phúc ( phường nguyễn trung trực , ba đình )",,,,,,,,,hồng phúc phường nguyễn trung trực ba đình,,,,hồng phúc phường nguyễn trung trực ba đình
3316,chung cư cao cấp m5 - nguyễn chí thanh,,,,,,,,,chung cư cao cấp m5 nguyễn chí thanh,,,,chung cư cao cấp m5 nguyễn chí thanh
3317,q . 8 - giai việt chính,,,,,,,,,q 8 giai việt chính,,,,q 8 giai việt chính
3318,quận 8,,,,,,,,,quận 8,,,,quận 8
3319,khu liễu giai - đốc ngữ - quần ngựa,,,,,,,,,khu liễu giai đốc ngữ quần ngựa,,,,khu liễu giai đốc ngữ quần ngựa
3320,tuệ tĩnh quận hai bà trưng,,,,,,,,,tuệ tĩnh quận hai bà trưng,,,,tuệ tĩnh quận hai bà trưng
3321,"6 nam quốc cang , p phạm ngũ lão , quận 1",,,,,,,,,6 nam quốc cang p phạm ngũ lão quận 1,,,,6 nam quốc cang p phạm ngũ lão quận 1
3322,"khu âu cơ , tây hồ , hà nội",,,,,,,,,khu âu cơ tây hồ hà nội,,,,khu âu cơ tây hồ hà nội
3323,florence mỹ đình,,,,,,,,,florence mỹ đình,,,,florence mỹ đình
3324,"giảng võ , ba đình",,,,,,,,,giảng võ ba đình,,,,giảng võ ba đình
3325,đường 54 phường thảo điền quận 2,,,,,,,,,đường 54 phường thảo điền quận 2,,,,đường 54 phường thảo điền quận 2
3326,happy valley phú mỹ hưng,,,,,,,,,happy valley phú mỹ hưng,,,,happy valley phú mỹ hưng
3327,shop 846 happyvalley,,,,,,,,,shop 846 happyvalley,,,,shop 846 happyvalley
3328,"mặt phố đại linh , trung văn",,,,,,,,,mặt phố đại linh trung văn,,,,mặt phố đại linh trung văn
3329,mặt tiền tỉnh lộ 835,,,,,,,,,mặt tiền tỉnh lộ 835,,,,mặt tiền tỉnh lộ 835
3330,"cc xi grand court q10 , đường lý thường kiệt",,,,,,,,,cc xi grand court q10 đường lý thường kiệt,,,,cc xi grand court q10 đường lý thường kiệt
3331,3 tháng 2 quận 11,,,,,,,,,3 tháng 2 quận 11,,,,3 tháng 2 quận 11
3332,"số 35 lê văn thiêm , lô góc ngụy như kon tum",,,,,,,,,số 35 lê văn thiêm lô góc ngụy như,,,Kon Tum,"số 35 lê văn thiêm lô góc ngụy như, Kon Tum"
3333,"tòa nhà stellar garden , số 35 lê văn thiêm",,,,,,,,,tòa nhà stellar garden số 35 lê văn thiêm,,,,tòa nhà stellar garden số 35 lê văn thiêm
3334,tòa nhà stellar garden,,,,,,,,,tòa nhà stellar garden,,,,tòa nhà stellar garden
3335,khu vực tân uyên bình dương,,,,,,,,,khu vực tân uyên,,,Bình Dương,"khu vực tân uyên, Bình Dương"
3336,"võ văn tần , phường 5 , quận 3",,,,,,,,,võ văn tần phường 5 quận 3,,,,võ văn tần phường 5 quận 3
3337,"đường bùi tá hán , p . an phú , khu đô thị mới an phú an khánh",,,,,,,,,đường bùi tá hán p an phú khu đô thị mới an phú an khánh,,,,đường bùi tá hán p an phú khu đô thị mới an phú an khánh
3338,chung cư times tower,,,,,,,,,chung cư times tower,,,,chung cư times tower
3339,"cộng hòa , phường 12 , tân bình",,,,,,,,,cộng hòa phường 12 tân bình,,,,cộng hòa phường 12 tân bình
3340,"8x plus , trường chinh q . 12",,,,,,,,,8x plus trường chinh q 12,,,,8x plus trường chinh q 12
3341,"mặt tiền đường phan văn hớn , ấp 4 xã xuân thới thượng , hóc môn",,,,,,,,,mặt tiền đường phan văn hớn ấp 4 xã xuân thới thượng hóc môn,,,,mặt tiền đường phan văn hớn ấp 4 xã xuân thới thượng hóc môn
3342,"lý thường kiệt , phường trần hưng đạo , hoàn kiếm , hà nội",,,,,,,,,lý thường kiệt phường trần hưng đạo hoàn kiếm hà nội,,,,lý thường kiệt phường trần hưng đạo hoàn kiếm hà nội
3343,saigon villa hill quận 9,,,,,,,,,saigon villa hill quận 9,,,,saigon villa hill quận 9
3344,đường trần quang diệu,,,,,,,,,đường trần quang diệu,,,,đường trần quang diệu
3345,sài gòn gateway,,,,,,,,,sài gòn gateway,,,,sài gòn gateway
3346,4 thể giao,,,,,,,,,4 thể giao,,,,4 thể giao
3347,eco green sg q7,,,,,,,,,eco green sg q7,,,,eco green sg q7
3348,"số 31 - tt 33 kđt văn phú , hà đông",,,,,,,,,số 31 tt 33 kđt văn phú hà đông,,,,số 31 tt 33 kđt văn phú hà đông
3349,khu phố văn minh,,,,,,,,,khu phố văn minh,,,,khu phố văn minh
3350,"tân phước plaza , lý thường kiệt , p7 , q . 11",,,,,,,,,tân phước plaza lý thường kiệt p7 q 11,,,,tân phước plaza lý thường kiệt p7 q 11
3351,n04 udic hoàng đạo thúy,,,,,,,,,n04 udic hoàng đạo thúy,,,,n04 udic hoàng đạo thúy
3352,tản đà,,,,,,,,,tản đà,,,,tản đà
3353,góc tản đà,,,,,,,,,góc tản đà,,,,góc tản đà
3354,him lam 6a,,,,,,,,,him lam 6a,,,,him lam 6a
3355,"chung cư horizon , 214 trần quang khải , quận 1",,,,,,,,,chung cư horizon 214 trần quang khải quận 1,,,,chung cư horizon 214 trần quang khải quận 1
3356,ngõ rộng hoàng cầu,,,,,,,,,ngõ rộng hoàng cầu,,,,ngõ rộng hoàng cầu
3357,an phú shop villas khu phố,,,,,,,,,an phú shop villas khu phố,,,,an phú shop villas khu phố
3358,"dream land bonanza , 23 duy tân",,,,,,,,,dream land bonanza 23 duy tân,,,,dream land bonanza 23 duy tân
3359,nguyễn hữu dật,,,,,,,,,nguyễn hữu dật,,,,nguyễn hữu dật
3360,"căn hộ cao cấp lacasa 89 hoàng quốc việt , quận 7",,,,,,,,,căn hộ cao cấp lacasa 89 hoàng quốc việt quận 7,,,,căn hộ cao cấp lacasa 89 hoàng quốc việt quận 7
3361,"chung cư bàu cát ii , quận tân bình",,,,,,,,,chung cư bàu cát ii quận tân bình,,,,chung cư bàu cát ii quận tân bình
3362,"ngõ phố trần quốc hoàn , phường dịch vọng hậu , quận cầu giấy , hà nội",,,,,,,,,ngõ phố trần quốc hoàn phường dịch vọng hậu quận cầu giấy hà nội,,,,ngõ phố trần quốc hoàn phường dịch vọng hậu quận cầu giấy hà nội
3363,saigon south residences,,,,,,,,,saigon south residences,,,,saigon south residences
3364,"số nhà 33 ngõ 20 trương định . hai bà trưng , hà nội",,,,,,,,,số nhà 33 ngõ 20 trương định hai bà trưng hà nội,,,,số nhà 33 ngõ 20 trương định hai bà trưng hà nội
3365,thái thịnh,,,,,,,,,thái thịnh,,,,thái thịnh
3366,riverside residence,,,,,,,,,riverside residence,,,,riverside residence
3367,dragon hill 2 cđt phú long,,,,,,,,,dragon hill 2 cđt phú long,,,,dragon hill 2 cđt phú long
3368,"đường phạm văn bạch , p . 15 , tân bình",,,,,,,,,đường phạm văn bạch p 15 tân bình,,,,đường phạm văn bạch p 15 tân bình
3369,"mặt phố trung kính , cầu giấy , hn",,,,,,,,,mặt phố trung kính cầu giấy hn,,,,mặt phố trung kính cầu giấy hn
3370,"hồ văn long , q . bình tân , pbhh",,,,,,,,,hồ văn long q bình tân pbhh,,,,hồ văn long q bình tân pbhh
3371,tòa nhà s4 khu sunshine city,,,,,,,,,tòa nhà s4 khu sunshine city,,,,tòa nhà s4 khu sunshine city
3372,"ấp 7 , xã xuân thới thượng , hóc môn",,,,,,,,,ấp 7 xã xuân thới thượng hóc môn,,,,ấp 7 xã xuân thới thượng hóc môn
3373,"ngõ huế ( phường phố huế , hai bà trưng",,,,,,,,,ngõ huế phường phố huế hai bà trưng,,,,ngõ huế phường phố huế hai bà trưng
3374,ngõ huế,,,,,,,,,ngõ huế,,,,ngõ huế
3375,"mặt tiền đường hòa hảo , phường 4 , quận 10",,,,,,,,,mặt tiền đường hòa hảo phường 4 quận 10,,,,mặt tiền đường hòa hảo phường 4 quận 10
3376,"khu đô thị sala - 10 mai chí thọ , quận 2 , tp hcm",,,,,,,,,khu đô thị sala 10 mai chí thọ quận 2 tp hcm,,,,khu đô thị sala 10 mai chí thọ quận 2 tp hcm
3377,"biệt thự nam thông 2 , p . tân phú , quận 7 , tp . hồ chí minh",,,,,,,,,biệt thự nam thông 2 p tân phú  tp,, Quận 7,Hồ Chí Minh,"biệt thự nam thông 2 p tân phú  tp,  Quận 7, Hồ Chí Minh"
3378,hòa lê green house,,,,,,,,,hòa lê green house,,,,hòa lê green house
3379,"tòa building trung tâm quận 1 , phường bến nghé",,,,,,,,,tòa building trung tâm quận 1 phường bến nghé,,,,tòa building trung tâm quận 1 phường bến nghé
3380,"him lam chợ lớn , 491 hậu giang , phường 11 , quận 6",,,,,,,,,him lam chợ lớn 491  phường 11 quận 6,,,Hậu Giang,"him lam chợ lớn 491  phường 11 quận 6, Hậu Giang"
3381,khu cityland park hills,,,,,,,,,khu cityland park hills,,,,khu cityland park hills
3382,"chung cư chánh hưng giai việt , quận 8",,,,,,,,,chung cư chánh hưng giai việt quận 8,,,,chung cư chánh hưng giai việt quận 8
3383,ngã 6 31 cách mạng tháng 8,,,,,,,,,ngã 6 31 cách mạng tháng 8,,,,ngã 6 31 cách mạng tháng 8
3384,"green field , địa chỉ :",,,,,,,,,green field địa chỉ,,,,green field địa chỉ
3385,"688 xô viết nghệ tĩnh , bình thạnh",,,,,,,,,688 xô viết nghệ tĩnh bình thạnh,,,,688 xô viết nghệ tĩnh bình thạnh
3386,"chung cư ruby land , q tân phú",,,,,,,,,chung cư ruby land q tân phú,,,,chung cư ruby land q tân phú
3387,"chung cư carillon 2 , quận tân phú",,,,,,,,,chung cư carillon 2 quận tân phú,,,,chung cư carillon 2 quận tân phú
3388,"đường nguyễn đình chiểu , phường 4 , quận 3",,,,,,,,,đường nguyễn đình chiểu phường 4 quận 3,,,,đường nguyễn đình chiểu phường 4 quận 3
3389,"chung cư viva riverside , quận 6",,,,,,,,,chung cư viva riverside quận 6,,,,chung cư viva riverside quận 6
3390,estella heights quận 2,,,,,,,,,estella heights quận 2,,,,estella heights quận 2
3391,"khu đặng thai mai , quảng an , tây hồ , hà nội",,,,,,,,,khu đặng thai mai quảng an tây hồ hà nội,,,,khu đặng thai mai quảng an tây hồ hà nội
3392,md complex,,,,,,,,,md complex,,,,md complex
3393,"dự án the estella , quận 2 , hồ chí minh",,,,,,,,,dự án the estella,, Quận 2,Hồ Chí Minh,"dự án the estella,  Quận 2, Hồ Chí Minh"
3394,estella,,,,,,,,,estella,,,,estella
3395,khu chung cư midtown,,,,,,,,,khu chung cư midtown,,,,khu chung cư midtown
3396,"mặt phố hoàng văn thái giao lê trọng tấn , thanh xuân",,,,,,,,,mặt phố hoàng văn thái giao lê trọng tấn thanh xuân,,,,mặt phố hoàng văn thái giao lê trọng tấn thanh xuân
3397,"ngõ 55 đỗ quang , trung hòa , cầu giấy",,,,,,,,,ngõ 55 đỗ quang trung hòa cầu giấy,,,,ngõ 55 đỗ quang trung hòa cầu giấy
3398,"quận 7 , hcm",,,,,,,,,quận 7 hcm,,,,quận 7 hcm
3399,khu làng đại học,,,,,,,,,khu làng đại học,,,,khu làng đại học
3400,trung tâm thành phố hải phòng,,,,,,,,,trung tâm thành phố,,,Hải Phòng,"trung tâm thành phố, Hải Phòng"
3401,chung cư đổng quốc bình - lạch tray,,,,,,,,,chung cư đổng quốc bình lạch tray,,,,chung cư đổng quốc bình lạch tray
3402,"phố lưu hữu phước , mỹ đình 1",,,,,,,,,phố lưu hữu phước mỹ đình 1,,,,phố lưu hữu phước mỹ đình 1
3403,"chung cư tân phước , q . 11",,,,,,,,,chung cư tân phước q 11,,,,chung cư tân phước q 11
3404,"245 phan xích long , phường 7 , quận phú nhuận",,,,,,,,,245 phan xích long phường 7 quận phú nhuận,,,,245 phan xích long phường 7 quận phú nhuận
3405,chung cư cao cấp 2 pn vinhomes dcapitale trần duy hưng 12 tr,,,,,,,,,chung cư cao cấp 2 pn vinhomes dcapitale trần duy hưng 12 tr,,,,chung cư cao cấp 2 pn vinhomes dcapitale trần duy hưng 12 tr
3406,chung cư cao cấp 2 pn,,,,,,,,,chung cư cao cấp 2 pn,,,,chung cư cao cấp 2 pn
3407,vinhomes dcapitale 119 trần duy hưng,,,,,,,,,vinhomes dcapitale 119 trần duy hưng,,,,vinhomes dcapitale 119 trần duy hưng
3408,chung cư sài gòn metro park,,,,,,,,,chung cư sài gòn metro park,,,,chung cư sài gòn metro park
3409,đường nguyễn đình chiểu quận 3,,,,,,,,,đường nguyễn đình chiểu quận 3,,,,đường nguyễn đình chiểu quận 3
3410,chung cư dcapitale trần duy hưng,,,,,,,,,chung cư dcapitale trần duy hưng,,,,chung cư dcapitale trần duy hưng
3411,17 / 20 khu phố 2 đường số 1 phường bình hưng hòa bình tân,,,,,,,,,17 20 khu phố 2 đường số 1 phường bình hưng  tân,,,Hòa Bình,"17 20 khu phố 2 đường số 1 phường bình hưng  tân, Hòa Bình"
3412,"quận tân bình , đường lý thường kiệt , p . 6 , q . tân bình",,,,,,,,,quận tân bình đường lý thường kiệt p 6 q tân bình,,,,quận tân bình đường lý thường kiệt p 6 q tân bình
3413,tháp canary,,,,,,,,,tháp canary,,,,tháp canary
3414,"thạnh xuân 48 , p . thạnh xuân , quận 12",,,,,,,,,thạnh xuân 48 p thạnh xuân quận 12,,,,thạnh xuân 48 p thạnh xuân quận 12
3415,"khu đô thị lakeview city , phường an phú , quận 2",,,,,,,,,khu đô thị lakeview city phường an phú quận 2,,,,khu đô thị lakeview city phường an phú quận 2
3416,"số 31 / 14 phan huy ích , phường 15 , quận tân bình , hcm",,,,,,,,,số 31 14 phan huy ích phường 15 quận tân bình hcm,,,,số 31 14 phan huy ích phường 15 quận tân bình hcm
3417,nguyễn văn trỗi - phú nhuận,,,,,,,,,nguyễn văn trỗi phú nhuận,,,,nguyễn văn trỗi phú nhuận
3418,chung cư cao cấp the eastern,,,,,,,,,chung cư cao cấp the eastern,,,,chung cư cao cấp the eastern
3419,"hẻm 69 d2 , p25 , bình thạnh",,,,,,,,,hẻm 69 d2 p25 bình thạnh,,,,hẻm 69 d2 p25 bình thạnh
3420,chung cư cao cấp kingston phú nhuận,,,,,,,,,chung cư cao cấp kingston phú nhuận,,,,chung cư cao cấp kingston phú nhuận
3421,kingston,,,,,,,,,kingston,,,,kingston
3422,2 mặt tiền đường 23 / 10,,,,,,,,,2 mặt tiền đường 23 10,,,,2 mặt tiền đường 23 10
3423,"khu k300 , đường c18 , phường 12 , quận tân bình",,,,,,,,,khu k300 đường c18 phường 12 quận tân bình,,,,khu k300 đường c18 phường 12 quận tân bình
3424,mặt tiền đường chợ lớn,,,,,,,,,mặt tiền đường chợ lớn,,,,mặt tiền đường chợ lớn
3425,"chung cư jamona bùi văn ba , q7",,,,,,,,,chung cư jamona bùi văn ba q7,,,,chung cư jamona bùi văn ba q7
3426,"dự án vinhomes smart city , tây mỗ - đại mỗ",,,,,,,,,dự án vinhomes smart city tây mỗ đại mỗ,,,,dự án vinhomes smart city tây mỗ đại mỗ
3427,quận 9 phường phú hữu,,,,,,,,,quận 9 phường phú hữu,,,,quận 9 phường phú hữu
3428,phố hoàng cầu,,,,,,,,,phố hoàng cầu,,,,phố hoàng cầu
3429,palm heights - khu palm city,,,,,,,,,palm heights khu palm city,,,,palm heights khu palm city
3430,"hưng vượng 2 , phú mỹ hưng , q7",,,,,,,,,hưng vượng 2 phú mỹ hưng q7,,,,hưng vượng 2 phú mỹ hưng q7
3431,khu chung cư hoàng huy,,,,,,,,,khu chung cư hoàng huy,,,,khu chung cư hoàng huy
3432,tháp orchid,,,,,,,,,tháp orchid,,,,tháp orchid
3433,khu k26 chung cư ba son,,,,,,,,,khu k26 chung cư ba son,,,,khu k26 chung cư ba son
3434,"lô d38 an thượng 34 , ngũ hành sơn , đà nẵng",,,,,,,,,lô d38 an thượng 34 ngũ hành sơn,,,Đà Nẵng,"lô d38 an thượng 34 ngũ hành sơn, Đà Nẵng"
3435,"mỹ thái , phú mỹ hưng , q . 7",,,,,,,,,mỹ thái phú mỹ hưng q 7,,,,mỹ thái phú mỹ hưng q 7
3436,quận gò vấp thuộc kdc cityland center hills phường 7 gò vấp,,,,,,,,,quận gò vấp thuộc kdc cityland center hills phường 7 gò vấp,,,,quận gò vấp thuộc kdc cityland center hills phường 7 gò vấp
3437,"kcn hải sơn , long an",,,,,,,,,kcn hải sơn,,,Long An,"kcn hải sơn, Long An"
3438,"30 tháng 4 , cần thơ",,,,,,,,,30 tháng 4,,,Cần Thơ,"30 tháng 4, Cần Thơ"
3439,trung tâm đường 30 / 4,,,,,,,,,trung tâm đường 30 4,,,,trung tâm đường 30 4
3440,"tòa ct 1 khu đô thị mỹ đình sông đà , nam từ liêm , hà nội",,,,,,,,,tòa ct 1 khu đô thị mỹ đình sông đà nam từ liêm hà nội,,,,tòa ct 1 khu đô thị mỹ đình sông đà nam từ liêm hà nội
3441,đường tân hòa đông,,,,,,,,,đường tân hòa đông,,,,đường tân hòa đông
3442,chung cư tân hòa đông,,,,,,,,,chung cư tân hòa đông,,,,chung cư tân hòa đông
3443,"đường ấp bắc , mỹ tho",,,,,,,,,đường ấp bắc mỹ tho,,,,đường ấp bắc mỹ tho
3444,vinhomes gardenia hàm nghi,,,,,,,,,vinhomes gardenia hàm nghi,,,,vinhomes gardenia hàm nghi
3445,"số 16 , dự án lovera park",,,,,,,,,số 16 dự án lovera park,,,,số 16 dự án lovera park
3446,ngõ 325 / 69 kim ngưu,,,,,,,,,ngõ 325 69 kim ngưu,,,,ngõ 325 69 kim ngưu
3447,"ngõ phố tô ngọc vân , tây hồ , hn",,,,,,,,,ngõ phố tô ngọc vân tây hồ hn,,,,ngõ phố tô ngọc vân tây hồ hn
3448,chung cư đổng quốc bình,,,,,,,,,chung cư đổng quốc bình,,,,chung cư đổng quốc bình
3449,chung cư đqb,,,,,,,,,chung cư đqb,,,,chung cư đqb
3450,"chung cư charmington la pointe , 181 cao thắng , p12 , q10",,,,,,,,,chung cư charmington la pointe 181 cao thắng p12 q10,,,,chung cư charmington la pointe 181 cao thắng p12 q10
3451,lucky q6,,,,,,,,,lucky q6,,,,lucky q6
3452,đường nguyễn hiền,,,,,,,,,đường nguyễn hiền,,,,đường nguyễn hiền
3453,cần thơ,,,,,,,,,,,,Cần Thơ,Cần Thơ
3454,đại lộ hòa bình,,,,,,,,,đại lộ,,,Hòa Bình,"đại lộ, Hòa Bình"
3455,chung cư saigonland,,,,,,,,,chung cư saigonland,,,,chung cư saigonland
3456,"số nhà 18 , ngõ 351 , đường âu cơ , tây hồ",,,,,,,,,số nhà 18 ngõ 351 đường âu cơ tây hồ,,,,số nhà 18 ngõ 351 đường âu cơ tây hồ
3457,"đường hoàng hoa thám , đà nẵng",,,,,,,,,đường hoàng hoa thám,,,Đà Nẵng,"đường hoàng hoa thám, Đà Nẵng"
3458,chung cư cao cấp thăng long number one,,,,,,,,,chung cư cao cấp thăng long number one,,,,chung cư cao cấp thăng long number one
3459,"ngõ 208 phố lê trọng tấn , thanh xuân , hà nội",,,,,,,,,ngõ 208 phố lê trọng tấn thanh xuân hà nội,,,,ngõ 208 phố lê trọng tấn thanh xuân hà nội
3460,quang trung p10,,,,,,,,,quang trung p10,,,,quang trung p10
3461,"đường bình lợi , p . 13 , q . bình thạnh",,,,,,,,,đường bình lợi p 13 q bình thạnh,,,,đường bình lợi p 13 q bình thạnh
3462,"happy valley , đường nguyễn văn linh , phú mỹ hưng , q7",,,,,,,,,happy valley đường nguyễn văn linh phú mỹ hưng q7,,,,happy valley đường nguyễn văn linh phú mỹ hưng q7
3463,đường sư vạn hạnh - p . 12 - quận 10,,,,,,,,,đường sư vạn hạnh p 12 quận 10,,,,đường sư vạn hạnh p 12 quận 10
3464,"hẻm 110 bà hom , p13 , q6",,,,,,,,,hẻm 110 bà hom p13 q6,,,,hẻm 110 bà hom p13 q6
3465,"110 / 50 bà hom , p13 , q6",,,,,,,,,110 50 bà hom p13 q6,,,,110 50 bà hom p13 q6
3466,"mỹ thái , phú mỹ hưng , quận 7",,,,,,,,,mỹ thái phú mỹ hưng quận 7,,,,mỹ thái phú mỹ hưng quận 7
3467,"tái định cư linh sơn , bình yên",,,,,,,,,tái định cư linh sơn bình yên,,,,tái định cư linh sơn bình yên
3468,chung cư mon city,,,,,,,,,chung cư mon city,,,,chung cư mon city
3469,quận nam từ liêm,,,,,,,,,quận nam từ liêm,,,,quận nam từ liêm
3470,sapphire 2 goldmark city,,,,,,,,,sapphire 2 goldmark city,,,,sapphire 2 goldmark city
3471,mặt tiền : võ nguyên giáp,,,,,,,,,mặt tiền võ nguyên giáp,,,,mặt tiền võ nguyên giáp
3472,"emerald , celadon city đường n4 , phường sơn kỳ , quận tân phú",,,,,,,,,emerald celadon city đường n4 phường sơn kỳ quận tân phú,,,,emerald celadon city đường n4 phường sơn kỳ quận tân phú
3473,parkson hùng vương,,,,,,,,,parkson hùng vương,,,,parkson hùng vương
3474,"kp . thống nhất 2 , phường . dĩ an , tp . dĩ an",,,,,,,,,kp thống nhất 2 phường dĩ an tp dĩ an,,,,kp thống nhất 2 phường dĩ an tp dĩ an
3475,mặt phố lê lợi,,,,,,,,,mặt phố lê lợi,,,,mặt phố lê lợi
3476,nhà mặt phố lê lợi,,,,,,,,,nhà mặt phố lê lợi,,,,nhà mặt phố lê lợi
3477,phố lê lợi,,,,,,,,,phố lê lợi,,,,phố lê lợi
3478,pcc 1 thanh xuân,,,,,,,,,pcc 1 thanh xuân,,,,pcc 1 thanh xuân
3479,"44 triều khúc , p . thanh xuân nam , q . thanh xuân , tp . hà nội",,,,,,,,,44 triều khúc p thanh xuân nam q thanh xuân tp hà nội,,,,44 triều khúc p thanh xuân nam q thanh xuân tp hà nội
3480,"số 19 trương định , phường 6 , quận 3 , tp . hồ chí minh",,,,,,,,,số 19 trương định   tp,Phường 6, Quận 3,Hồ Chí Minh,"số 19 trương định   tp, Phường 6,  Quận 3, Hồ Chí Minh"
3481,góc ngã 4 nguyễn thị minh khai - trương định,,,,,,,,,góc ngã 4 nguyễn thị minh khai trương định,,,,góc ngã 4 nguyễn thị minh khai trương định
3482,đường số 4 - phường hiệp bình phước,,,,,,,,,đường số 4 phường hiệp,,,Bình Phước,"đường số 4 phường hiệp, Bình Phước"
3483,"mặt tiền hoàng hữu nam , phường tân phú , quận 9",,,,,,,,,mặt tiền hoàng hữu nam phường tân phú quận 9,,,,mặt tiền hoàng hữu nam phường tân phú quận 9
3484,mt hoàng hữu nam,,,,,,,,,mt hoàng hữu nam,,,,mt hoàng hữu nam
3485,vinhomes grand park - quận 9,,,,,,,,,vinhomes grand park quận 9,,,,vinhomes grand park quận 9
3486,nguyễn xiển - thanh xuân,,,,,,,,,nguyễn xiển thanh xuân,,,,nguyễn xiển thanh xuân
3487,khu phân vip nguyễn xiển của quận thanh xuân,,,,,,,,,khu phân vip nguyễn xiển của quận thanh xuân,,,,khu phân vip nguyễn xiển của quận thanh xuân
3488,"số 653 / 38 , đường quang trung , p . 11 , quận gò vấp",,,,,,,,,số 653 38 đường quang trung p 11 quận gò vấp,,,,số 653 38 đường quang trung p 11 quận gò vấp
3489,"653 / 38 , đường quang trung , phường 11 , gò vấp , hồ chí minh",,,,,,,,,653 38 đường quang trung phường 11 gò vấp,,,Hồ Chí Minh,"653 38 đường quang trung phường 11 gò vấp, Hồ Chí Minh"
3490,đường phan huy ích,,,,,,,,,đường phan huy ích,,,,đường phan huy ích
3491,"đường lương như học , phường tân hưng , thành phố hải dương , hải dương",,,,,,,,,đường lương như học phường tân hưng thành phố,,Thành phố Hải Dương,Hải Dương,"đường lương như học phường tân hưng thành phố, Thành phố Hải Dương, Hải Dương"
3492,phường tân hưng,,,,,,,,,phường tân hưng,,,,phường tân hưng
3493,mặt tiềng đường võ nguyên giáp,,,,,,,,,mặt tiềng đường võ nguyên giáp,,,,mặt tiềng đường võ nguyên giáp
3494,thành phố mới bình dương,,,,,,,,,thành phố mới,,,Bình Dương,"thành phố mới, Bình Dương"
3495,dãy b15 vinhomes gardenia mỹ đình - sau tòa chung cư a3,,,,,,,,,dãy b15 vinhomes gardenia mỹ đình sau tòa chung cư a3,,,,dãy b15 vinhomes gardenia mỹ đình sau tòa chung cư a3
3496,khu đô thị hải quân tam giang,,,,,,,,,khu đô thị hải quân tam giang,,,,khu đô thị hải quân tam giang
3497,"bt an vượng villa khu dương nội , tập đoàn nam cường",,,,,,,,,bt an vượng villa khu dương nội tập đoàn nam cường,,,,bt an vượng villa khu dương nội tập đoàn nam cường
3498,"chung cư khiêm khải , p . 5 , q . 8",,,,,,,,,chung cư khiêm khải p 5 q 8,,,,chung cư khiêm khải p 5 q 8
3499,hẻm 12 đường cù lao,,,,,,,,,hẻm 12 đường cù lao,,,,hẻm 12 đường cù lao
3500,"khu phan xích long , quận phú nhuận",,,,,,,,,khu phan xích long quận phú nhuận,,,,khu phan xích long quận phú nhuận
3501,"đường nguyễn xiển , q9",,,,,,,,,đường nguyễn xiển q9,,,,đường nguyễn xiển q9
3502,"đường an dương vương , phường 16 , quận 8",,,,,,,,,đường an dương vương phường 16 quận 8,,,,đường an dương vương phường 16 quận 8
3503,dự án vinhomes golden river,,,,,,,,,dự án vinhomes golden river,,,,dự án vinhomes golden river
3504,"đường thới an 20 , phường thới an , quận 12 , hồ chí minh",,,,,,,,,đường thới an 20 phường thới an 2,, Quận 1,Hồ Chí Minh,"đường thới an 20 phường thới an 2,  Quận 1, Hồ Chí Minh"
3505,"số 147g - phố đội cấn , phương đội cấn , quận ba đình , hà nội",,,,,,,,,số 147g phố đội cấn phương đội cấn quận ba đình hà nội,,,,số 147g phố đội cấn phương đội cấn quận ba đình hà nội
3506,133 đường 11,,,,,,,,,133 đường 11,,,,133 đường 11
3507,"phường linh xuân , thủ đức",,,,,,,,,phường linh xuân thủ đức,,,,phường linh xuân thủ đức
3508,"xã đại phước , nhơn trạch , đồng nai",,,,,,,,,xã đại phước nhơn trạch,,,Đồng Nai,"xã đại phước nhơn trạch, Đồng Nai"
3509,"nguyễn tuyển , p . bình trưng tây , q . 2 , tp . hcm",,,,,,,,,nguyễn tuyển p bình trưng tây q 2 tp hcm,,,,nguyễn tuyển p bình trưng tây q 2 tp hcm
3510,"ngõ 44 đường kim hoàng , xã vân canh hoài đức",,,,,,,,,ngõ 44 đường kim hoàng xã vân canh hoài đức,,,,ngõ 44 đường kim hoàng xã vân canh hoài đức
3511,"số 2 , tôn đức thắng , phường bến nghé , quận 1",,,,,,,,,số 2 tôn đức thắng phường bến nghé quận 1,,,,số 2 tôn đức thắng phường bến nghé quận 1
3512,"phường 11 , quận bình thạnh",,,,,,,,,phường 11 quận bình thạnh,,,,phường 11 quận bình thạnh
3513,sn 38a ngõ 461 minh khai,,,,,,,,,sn 38a ngõ 461 minh khai,,,,sn 38a ngõ 461 minh khai
3514,"sn 38a ngõ ngõ 461 minh khai , phường vĩnh tuy quận hai bà trưng - hn",,,,,,,,,sn 38a ngõ ngõ 461 minh khai phường vĩnh tuy quận hai bà trưng hn,,,,sn 38a ngõ ngõ 461 minh khai phường vĩnh tuy quận hai bà trưng hn
3515,"236 khương đình , thanh xuân , hà nội",,,,,,,,,236 khương đình thanh xuân hà nội,,,,236 khương đình thanh xuân hà nội
3516,"quang châu , huyện việt yên , tỉnh bắc giang",,,,,,,,,quang châu  tỉnh,,Huyện Việt Yên,Bắc Giang,"quang châu  tỉnh, Huyện Việt Yên, Bắc Giang"
3517,sky mansion,,,,,,,,,sky mansion,,,,sky mansion
3518,căn hộ sky mansion,,,,,,,,,căn hộ sky mansion,,,,căn hộ sky mansion
3519,"đồi la san , đường nguyễn đình chiểu nha trang",,,,,,,,,đồi la san đường nguyễn đình chiểu nha trang,,,,đồi la san đường nguyễn đình chiểu nha trang
3520,"napolion tầng 6 tp nha trang , khánh hòa",,,,,,,,,napolion tầng 6 tp nha trang,,,Khánh Hòa,"napolion tầng 6 tp nha trang, Khánh Hòa"
3521,nguyễn chí thanh,,,,,,,,,nguyễn chí thanh,,,,nguyễn chí thanh
3522,"nguyễn chí thanh , p . tân an",,,,,,,,,nguyễn chí thanh p tân an,,,,nguyễn chí thanh p tân an
3523,"hẻm 1304 nguyễn duy trinh , long trường , quận 9",,,,,,,,,hẻm 1304 nguyễn duy trinh long trường quận 9,,,,hẻm 1304 nguyễn duy trinh long trường quận 9
3524,"mặt tiền đường số 7 , khu tên lửa bình tân",,,,,,,,,mặt tiền đường số 7 khu tên lửa bình tân,,,,mặt tiền đường số 7 khu tên lửa bình tân
3525,"q . ngũ hành sơn , tp đà nẵng , khu nam việt á",,,,,,,,,q ngũ hành sơn tp  khu nam việt á,,,Đà Nẵng,"q ngũ hành sơn tp  khu nam việt á, Đà Nẵng"
3526,đường láng - đống đa,,,,,,,,,đường láng đống đa,,,,đường láng đống đa
3527,him lam green park,,,,,,,,,him lam green park,,,,him lam green park
3528,"thôn thanh linh , xã tân phước , thị xã lagi , tỉnh bình thuận",,,,,,,,,thôn thanh linh xã tân phước thị xã lagi tỉnh,,,Bình Thuận  ,"thôn thanh linh xã tân phước thị xã lagi tỉnh, Bình Thuận  "
3529,"âu cơ , phú trung , tân phú",,,,,,,,,âu cơ phú trung tân phú,,,,âu cơ phú trung tân phú
3530,him lam greenpark,,,,,,,,,him lam greenpark,,,,him lam greenpark
3531,"mặt ngõ 34 hoàng cầu , quận đống đa , hà nội",,,,,,,,,mặt ngõ 34 hoàng cầu quận đống đa hà nội,,,,mặt ngõ 34 hoàng cầu quận đống đa hà nội
3532,ngọc trai,,,,,,,,,ngọc trai,,,,ngọc trai
3533,vinhomes symphony riverside long biên,,,,,,,,,vinhomes symphony riverside long biên,,,,vinhomes symphony riverside long biên
3534,"nhà y9 khu tập thể đh kinh tế quốc dân , phường đồng tâm , quận hbt - hn",,,,,,,,,nhà y9 khu tập thể đh kinh tế quốc dân phường đồng tâm quận hbt hn,,,,nhà y9 khu tập thể đh kinh tế quốc dân phường đồng tâm quận hbt hn
3535,số 22f ngõ 221 doãn kế thiện ( ngõ nghệ sỹ,,,,,,,,,số 22f ngõ 221 doãn kế thiện ngõ nghệ sỹ,,,,số 22f ngõ 221 doãn kế thiện ngõ nghệ sỹ
3536,yên phong,,,,,,,,,yên phong,,,,yên phong
3537,mặt trục chính tổ 13 yên nghĩa,,,,,,,,,mặt trục chính tổ 13 yên nghĩa,,,,mặt trục chính tổ 13 yên nghĩa
3538,"28 / 10 / 2b mai văn ngọc , phường 10 , quận phú nhuận",,,,,,,,,28 10 2b mai văn ngọc phường 10 quận phú nhuận,,,,28 10 2b mai văn ngọc phường 10 quận phú nhuận
3539,hoa lan dự án vinhomes riverside long biên,,,,,,,,,hoa lan dự án vinhomes riverside long biên,,,,hoa lan dự án vinhomes riverside long biên
3540,khu lakeview city quận 2,,,,,,,,,khu lakeview city quận 2,,,,khu lakeview city quận 2
3541,khu trần não quận 2,,,,,,,,,khu trần não quận 2,,,,khu trần não quận 2
3542,dự án sài gòn 5 ( cổng river mark ),,,,,,,,,dự án sài gòn 5 cổng river mark,,,,dự án sài gòn 5 cổng river mark
3543,khu compound,,,,,,,,,khu compound,,,,khu compound
3544,conic riverside q . 8,,,,,,,,,conic riverside q 8,,,,conic riverside q 8
3545,kdc 13b conic,,,,,,,,,kdc 13b conic,,,,kdc 13b conic
3546,"đường lê lợi , hóc môn",,,,,,,,,đường lê lợi hóc môn,,,,đường lê lợi hóc môn
3547,đỗ xuân hợp,,,,,,,,,đỗ xuân hợp,,,,đỗ xuân hợp
3548,dự án eco city việt hưng,,,,,,,,,dự án eco city việt hưng,,,,dự án eco city việt hưng
3549,khu đô thị mới đông tăng long,,,,,,,,,khu đô thị mới đông tăng long,,,,khu đô thị mới đông tăng long
3550,khu đô thị đông tăng long,,,,,,,,,khu đô thị đông tăng long,,,,khu đô thị đông tăng long
3551,lexington quân 2,,,,,,,,,lexington quân 2,,,,lexington quân 2
3552,"khu dân cư vip sài gòn mới , huỳnh tấn phát , nhà bè",,,,,,,,,khu dân cư vip sài gòn mới huỳnh tấn phát nhà bè,,,,khu dân cư vip sài gòn mới huỳnh tấn phát nhà bè
3553,"đường quang trung , phường 8 , quận gò vấp",,,,,,,,,đường quang trung phường 8 quận gò vấp,,,,đường quang trung phường 8 quận gò vấp
3554,"đường liên phường , q9",,,,,,,,,đường liên phường q9,,,,đường liên phường q9
3555,mặt tiền đường liên phường,,,,,,,,,mặt tiền đường liên phường,,,,mặt tiền đường liên phường
3556,mặt tiền liên phường,,,,,,,,,mặt tiền liên phường,,,,mặt tiền liên phường
3557,"chợ trần hữu trang , p10 , q . phú nhuận",,,,,,,,,chợ trần hữu trang p10 q phú nhuận,,,,chợ trần hữu trang p10 q phú nhuận
3558,compound lux home gardens mặt tiền an dương vương giáp quận 8,,,,,,,,,compound lux home gardens mặt tiền an dương vương giáp quận 8,,,,compound lux home gardens mặt tiền an dương vương giáp quận 8
3559,dãy tm 8,,,,,,,,,dãy tm 8,,,,dãy tm 8
3560,tổ 13 yên nghĩa - hà đông,,,,,,,,,tổ 13 yên nghĩa hà đông,,,,tổ 13 yên nghĩa hà đông
3561,801 / 38a quốc lộ 13 mới,,,,,,,,,801 38a quốc lộ 13 mới,,,,801 38a quốc lộ 13 mới
3562,"số 801 / 38a quốc lộ 13 mới , phường hiệp bình phước , quận thủ đức",,,,,,,,,số 801 38a quốc lộ 13 mới phường hiệp  quận thủ đức,,,Bình Phước,"số 801 38a quốc lộ 13 mới phường hiệp  quận thủ đức, Bình Phước"
3563,ngõ gốc đề - minh khai quận hai bà trưng,,,,,,,,,ngõ gốc đề minh khai quận hai bà trưng,,,,ngõ gốc đề minh khai quận hai bà trưng
3564,"số 02 đường ba vân , p 14 , q tân bình",,,,,,,,,số 02 đường ba vân p 14 q tân bình,,,,số 02 đường ba vân p 14 q tân bình
3565,khu dân cư an sương,,,,,,,,,khu dân cư an sương,,,,khu dân cư an sương
3566,đống mác - lò đúc,,,,,,,,,đống mác lò đúc,,,,đống mác lò đúc
3567,12 / 329 lộc an,,,,,,,,,12 329 lộc an,,,,12 329 lộc an
3568,phường mỹ thới,,,,,,,,,phường mỹ thới,,,,phường mỹ thới
3569,lê văn lương - nhà bè,,,,,,,,,lê văn lương nhà bè,,,,lê văn lương nhà bè
3570,lê văn lương - phước kiển - nhà bè - tp hcm,,,,,,,,,lê văn lương phước kiển nhà bè tp hcm,,,,lê văn lương phước kiển nhà bè tp hcm
3571,"đường đôi nguyễn hữu thọ , tổ 12",,,,,,,,,đường đôi nguyễn hữu thọ tổ 12,,,,đường đôi nguyễn hữu thọ tổ 12
3572,"số 6b1 ngõ 32 / 21 phố viên , phường đức thắng , quận bắc từ liêm . tp hà nội",,,,,,,,,số 6b1 ngõ 32 21 phố viên phường đức thắng quận bắc từ liêm tp hà nội,,,,số 6b1 ngõ 32 21 phố viên phường đức thắng quận bắc từ liêm tp hà nội
3573,"cao thắng , quận 3",,,,,,,,,cao thắng quận 3,,,,cao thắng quận 3
3574,"dự án gelexia riverside 885 đường tam trinh , q . hoàng mai , hà nội",,,,,,,,,dự án gelexia riverside 885 đường tam trinh q hoàng mai hà nội,,,,dự án gelexia riverside 885 đường tam trinh q hoàng mai hà nội
3575,"trúc bạch , ba đình , hà nội",,,,,,,,,trúc bạch ba đình hà nội,,,,trúc bạch ba đình hà nội
3576,"phố tám danh , p . 4 , quận 8",,,,,,,,,phố tám danh p 4 quận 8,,,,phố tám danh p 4 quận 8
3577,tp đồng xoài tỉnh bình phước,,,,,,,,,tp đồng xoài tỉnh,,,Bình Phước,"tp đồng xoài tỉnh, Bình Phước"
3578,dự án sunflower city - eco sun - xây dựng hà nội - long thọ,,,,,,,,,dự án sunflower city eco sun xây dựng hà nội long thọ,,,,dự án sunflower city eco sun xây dựng hà nội long thọ
3579,"xã phước an , nhơn trạch , đồng nai",,,,,,,,,xã phước an nhơn trạch,,,Đồng Nai,"xã phước an nhơn trạch, Đồng Nai"
3580,"xã phước an , huyện nhơn trạch , tỉnh đồng nai",,,,,,,,,tỉnh,Xã Phước An,Huyện Nhơn Trạch,Đồng Nai,"tỉnh, Xã Phước An, Huyện Nhơn Trạch, Đồng Nai"
3581,"đường gò xoài , lê văn quới - phường bình hưng hòa a - quận bình tân",,,,,,,,,đường gò xoài lê văn quới phường bình hưng hòa a quận bình tân,,,,đường gò xoài lê văn quới phường bình hưng hòa a quận bình tân
3582,đường trần quốc tuấn,,,,,,,,,đường trần quốc tuấn,,,,đường trần quốc tuấn
3583,phường 1 - q . gò vấp,,,,,,,,,phường 1 q gò vấp,,,,phường 1 q gò vấp
3584,bình thạnh p26,,,,,,,,,bình thạnh p26,,,,bình thạnh p26
3585,"kcn bàu bàng - bình dương đường betong 6m , đất giáp suối nước chảy quanh năm",,,,,,,,,kcn bàu bàng  đường betong 6m đất giáp suối nước chảy quanh năm,,,Bình Dương,"kcn bàu bàng  đường betong 6m đất giáp suối nước chảy quanh năm, Bình Dương"
3586,hồ tràm,,,,,,,,,hồ tràm,,,,hồ tràm
3587,"chung cư iris garden . địa chỉ : tại số 30 trần hữu dực , p . mỹ đình , q . nam từ liêm , hà nội",,,,,,,,,chung cư iris garden địa chỉ tại số 30 trần hữu dực p mỹ đình q nam từ liêm hà nội,,,,chung cư iris garden địa chỉ tại số 30 trần hữu dực p mỹ đình q nam từ liêm hà nội
3588,hiệp bình chánh - thủ đức,,,,,,,,,hiệp bình chánh thủ đức,,,,hiệp bình chánh thủ đức
3589,hiệp bình chánh,,,,,,,,,hiệp bình chánh,,,,hiệp bình chánh
3590,xã nhị bình huyện hóc môn - tphcm,,,,,,,,,xã nhị bình huyện hóc môn tphcm,,,,xã nhị bình huyện hóc môn tphcm
3591,đường nhị bình 02,,,,,,,,,đường nhị bình 02,,,,đường nhị bình 02
3592,hóc môn,,,,,,,,,hóc môn,,,,hóc môn
3593,"trung tâm xã lộc đức , bảo lâm",,,,,,,,,trung tâm xã lộc đức bảo lâm,,,,trung tâm xã lộc đức bảo lâm
3594,"ngô quyền , p . 6 , quận 10",,,,,,,,,ngô quyền p 6 quận 10,,,,ngô quyền p 6 quận 10
3595,"xã đông yên , huyện quốc oai , thành phố hà nội",,,,,,,,,xã đông yên huyện quốc oai thành phố hà nội,,,,xã đông yên huyện quốc oai thành phố hà nội
3596,số 119 bình long,,,,,,,,,số 119 bình long,,,,số 119 bình long
3597,"mặt phố hàng đường , hoàn kiếm",,,,,,,,,mặt phố hàng đường hoàn kiếm,,,,mặt phố hàng đường hoàn kiếm
3598,đường nguyễn viết xuân và trần hưng đạo,,,,,,,,,đường nguyễn viết xuân và trần hưng đạo,,,,đường nguyễn viết xuân và trần hưng đạo
3599,sunrise city south,,,,,,,,,sunrise city south,,,,sunrise city south
3600,khu chung cư sunrise city south,,,,,,,,,khu chung cư sunrise city south,,,,khu chung cư sunrise city south
3601,đường nhựa tân chánh hiệp 10,,,,,,,,,đường nhựa tân chánh hiệp 10,,,,đường nhựa tân chánh hiệp 10
3602,"phường tân chánh hiệp , quận 12",,,,,,,,,phường tân chánh hiệp quận 12,,,,phường tân chánh hiệp quận 12
3603,"phố khương thượng , đống đa",,,,,,,,,phố khương thượng đống đa,,,,phố khương thượng đống đa
3604,"khu vực hòn rơm , p mũi né , tp phan thiết , tỉnh bình thuận",,,,,,,,,khu vực hòn rơm p mũi né tp phan thiết tỉnh,,,Bình Thuận  ,"khu vực hòn rơm p mũi né tp phan thiết tỉnh, Bình Thuận  "
3605,trung tâm quậ n long biên,,,,,,,,,trung tâm quậ n long biên,,,,trung tâm quậ n long biên
3606,xã sông trầu,,,,,,,,,xã sông trầu,,,,xã sông trầu
3607,nông lâm - phú cát - quốc oai - hà nội,,,,,,,,,nông lâm phú cát quốc oai hà nội,,,,nông lâm phú cát quốc oai hà nội
3608,"quang châu , việt yên",,,,,,,,,quang châu việt yên,,,,quang châu việt yên
3609,166 khương đình,,,,,,,,,166 khương đình,,,,166 khương đình
3610,tp tân an,,,,,,,,,tp tân an,,,,tp tân an
3611,richmond nguyễn xí,,,,,,,,,richmond nguyễn xí,,,,richmond nguyễn xí
3612,chung cư đạt gia residence quận thủ đức,,,,,,,,,chung cư đạt gia residence quận thủ đức,,,,chung cư đạt gia residence quận thủ đức
3613,chung cư cao cấp mandarin garden - cầu giấy,,,,,,,,,chung cư cao cấp mandarin garden cầu giấy,,,,chung cư cao cấp mandarin garden cầu giấy
3614,"tòa ct 1 , chung cư vigracera - khu biệt thự liền kề vigracera - phường đại mỗ - quận nam từ liêm , hà nội",,,,,,,,,tòa ct 1 chung cư vigracera khu biệt thự liền kề vigracera phường đại mỗ quận nam từ liêm hà nội,,,,tòa ct 1 chung cư vigracera khu biệt thự liền kề vigracera phường đại mỗ quận nam từ liêm hà nội
3615,mặt tiền nguyễn văn thủ quận 1,,,,,,,,,mặt tiền nguyễn văn thủ quận 1,,,,mặt tiền nguyễn văn thủ quận 1
3616,chung cư hyundai hillstate,,,,,,,,,chung cư hyundai hillstate,,,,chung cư hyundai hillstate
3617,cam thành bắc,,,,,,,,,cam thành bắc,,,,cam thành bắc
3618,ba cu,,,,,,,,,ba cu,,,,ba cu
3619,"chung cư cao cấp thuộc dự án jamona heights - bùi văn ba , quận 7 , tp . hcm",,,,,,,,,chung cư cao cấp thuộc dự án jamona heights bùi văn ba quận 7 tp hcm,,,,chung cư cao cấp thuộc dự án jamona heights bùi văn ba quận 7 tp hcm
3620,"xã phú đông , huyện nhơn trạch , tỉnh đồng nai",,,,,,,,,tỉnh,Xã Phú Đông,Huyện Nhơn Trạch,Đồng Nai,"tỉnh, Xã Phú Đông, Huyện Nhơn Trạch, Đồng Nai"
3621,hẻm 965 quang trung ngay chợ p14 gò vấp,,,,,,,,,hẻm 965 quang trung ngay chợ p14 gò vấp,,,,hẻm 965 quang trung ngay chợ p14 gò vấp
3622,"khu dân cư hoàng anh minh tuấn , mt đỗ xuân hợp",,,,,,,,,khu dân cư hoàng anh minh tuấn mt đỗ xuân hợp,,,,khu dân cư hoàng anh minh tuấn mt đỗ xuân hợp
3623,"611 / 13 / 3 lê văn thọ , phường 14 , gò vấp , hcm",,,,,,,,,611 13 3 lê văn thọ phường 14 gò vấp hcm,,,,611 13 3 lê văn thọ phường 14 gò vấp hcm
3624,trung tâm đại đô thị vệ tinh hòa lạc,,,,,,,,,trung tâm đại đô thị vệ tinh hòa lạc,,,,trung tâm đại đô thị vệ tinh hòa lạc
3625,"350 / 33 / 22 đường nguyễn văn lượng , phường 16 quận gò vấp",,,,,,,,,350 33 22 đường nguyễn văn lượng phường 16 quận gò vấp,,,,350 33 22 đường nguyễn văn lượng phường 16 quận gò vấp
3626,671 hẻm lê văn việt,,,,,,,,,671 hẻm lê văn việt,,,,671 hẻm lê văn việt
3627,tòa nhà flc star hà đông,,,,,,,,,tòa nhà flc star hà đông,,,,tòa nhà flc star hà đông
3628,"hoàng hoa thám , vĩnh phúc , ba đình , hn",,,,,,,,,hoàng hoa thám  ba đình hn,,,Vĩnh Phúc,"hoàng hoa thám  ba đình hn, Vĩnh Phúc"
3629,"đường tây hòa , phường phước long a , quận 9",,,,,,,,,đường tây hòa phường phước long a quận 9,,,,đường tây hòa phường phước long a quận 9
3630,đường đông đảo,,,,,,,,,đường đông đảo,,,,đường đông đảo
3631,"ngõ 178 đường nguyễn văn linh , phường dư hàng kênh , q . lê chân , hải phòng",,,,,,,,,ngõ 178 đường nguyễn văn linh phường dư hàng kênh q lê chân,,,Hải Phòng,"ngõ 178 đường nguyễn văn linh phường dư hàng kênh q lê chân, Hải Phòng"
3632,24 bạch đằng,,,,,,,,,24 bạch đằng,,,,24 bạch đằng
3633,tp . thái nguyên,,,,,,,,,tp,,,Thái Nguyên,"tp, Thái Nguyên"
3634,"dự án de capella , mặt tiền lương định của quận 2",,,,,,,,,dự án de capella mặt tiền lương định của quận 2,,,,dự án de capella mặt tiền lương định của quận 2
3635,ct 2 xa la,,,,,,,,,ct 2 xa la,,,,ct 2 xa la
3636,"thôn song khê , xã tam hưng , huyện thanh oai , hà nội",,,,,,,,,thôn song khê xã tam hưng huyện thanh oai hà nội,,,,thôn song khê xã tam hưng huyện thanh oai hà nội
3637,"hàng gà , hoàn kiếm , hà nội",,,,,,,,,hàng gà hoàn kiếm hà nội,,,,hàng gà hoàn kiếm hà nội
3638,xóm giữa - thanh liệt - thanh trì,,,,,,,,,xóm giữa thanh liệt thanh trì,,,,xóm giữa thanh liệt thanh trì
3639,"ubnd xã long an , huyện cần giuộc , tỉnh long an",,,,,,,,,ubnd xã   tỉnh,Xã Long An,Huyện Cần Giuộc,Long An,"ubnd xã   tỉnh, Xã Long An, Huyện Cần Giuộc, Long An"
3640,412 chung cư ct 2 bắc linh đàm ( đối điện khách sạn mường thanh ),,,,,,,,,412 chung cư ct 2 bắc linh đàm đối điện khách sạn mường thanh,,,,412 chung cư ct 2 bắc linh đàm đối điện khách sạn mường thanh
3641,số 24 ngõ hàng bột,,,,,,,,,số 24 ngõ hàng bột,,,,số 24 ngõ hàng bột
3642,thạnh phú - vĩnh cửu,,,,,,,,,thạnh phú vĩnh cửu,,,,thạnh phú vĩnh cửu
3643,"dự án celadon city tân phú , khu diamond alnata",,,,,,,,,dự án celadon city tân phú khu diamond alnata,,,,dự án celadon city tân phú khu diamond alnata
3644,"hòa bình , p . 5 , q . 11",,,,,,,,,p 5 q 11,,,Hòa Bình,"p 5 q 11, Hòa Bình"
3645,ngõ 18 phố định công,,,,,,,,,ngõ 18 phố định công,,,,ngõ 18 phố định công
3646,"a5 04 chung cư golden west , số 2 lê văn thiêm , quận thanh xuân , hà nội",,,,,,,,,a5 04 chung cư golden west số 2 lê văn thiêm quận thanh xuân hà nội,,,,a5 04 chung cư golden west số 2 lê văn thiêm quận thanh xuân hà nội
3647,khu đô thị five star eco city,,,,,,,,,khu đô thị five star eco city,,,,khu đô thị five star eco city
3648,chung cư quận tây hồ,,,,,,,,,chung cư quận tây hồ,,,,chung cư quận tây hồ
3649,"kdc nhơn hội new city , phân khu 4",,,,,,,,,kdc nhơn hội new city phân khu 4,,,,kdc nhơn hội new city phân khu 4
3650,"vù tùng , p2 , bình thạnh",,,,,,,,,vù tùng p2 bình thạnh,,,,vù tùng p2 bình thạnh
3651,mặt tiền vũ tùng,,,,,,,,,mặt tiền vũ tùng,,,,mặt tiền vũ tùng
3652,ấp trung chánh,,,,,,,,,ấp trung chánh,,,,ấp trung chánh
3653,củ chi,,,,,,,,,củ chi,,,,củ chi
3654,"mặt tiền đường vườn chuối , phường 4 , quận 3",,,,,,,,,mặt tiền đường vườn chuối phường 4 quận 3,,,,mặt tiền đường vườn chuối phường 4 quận 3
3655,đường hoàng hoa thám,,,,,,,,,đường hoàng hoa thám,,,,đường hoàng hoa thám
3656,cc sài gòn gateway,,,,,,,,,cc sài gòn gateway,,,,cc sài gòn gateway
3657,"nguyễn cơ thạch - khu bình an , quận 2",,,,,,,,,nguyễn cơ thạch khu bình an quận 2,,,,nguyễn cơ thạch khu bình an quận 2
3658,"thạnh phú , vĩnh cửu , đồng nai",,,,,,,,,thạnh phú vĩnh cửu,,,Đồng Nai,"thạnh phú vĩnh cửu, Đồng Nai"
3659,đường 17m khu b dự án lavender tín khải,,,,,,,,,đường 17m khu b dự án lavender tín khải,,,,đường 17m khu b dự án lavender tín khải
3660,phường 5 thành phố vĩnh long,,,,,,,,,thành phố,Phường 5,Thành phố Vĩnh Long,Vĩnh Long,"thành phố, Phường 5, Thành phố Vĩnh Long, Vĩnh Long"
3661,"ấp 5 , nhựt chánh , bến lức , long an",,,,,,,,,ấp 5 nhựt chánh bến lức,,,Long An,"ấp 5 nhựt chánh bến lức, Long An"
3662,độc lập - la phù,,,,,,,,,độc lập la phù,,,,độc lập la phù
3663,la phù,,,,,,,,,la phù,,,,la phù
3664,mặt phố minh khai,,,,,,,,,mặt phố minh khai,,,,mặt phố minh khai
3665,"moonlight park view , đường số 7 và số 4",,,,,,,,,moonlight park view đường số 7 và số 4,,,,moonlight park view đường số 7 và số 4
3666,"đường hoàng hữu nam , p . long thạnh mỹ , quận 9",,,,,,,,,đường hoàng hữu nam p long thạnh mỹ quận 9,,,,đường hoàng hữu nam p long thạnh mỹ quận 9
3667,"dự án mandarin garden , đường hoàng minh giám",,,,,,,,,dự án mandarin garden đường hoàng minh giám,,,,dự án mandarin garden đường hoàng minh giám
3668,"văn phú , hà đông",,,,,,,,,văn phú hà đông,,,,văn phú hà đông
3669,"topaz city , đường cao lỗ , q . 8",,,,,,,,,topaz city đường cao lỗ q 8,,,,topaz city đường cao lỗ q 8
3670,"trần viết ngọc xóm tây , thôn vĩnh khê , xã an đồng , huyện an dương",,,,,,,,,trần viết ngọc xóm tây thôn vĩnh khê xã an đồng huyện an dương,,,,trần viết ngọc xóm tây thôn vĩnh khê xã an đồng huyện an dương
3671,tân kỳ tân quý quận bình tân,,,,,,,,,tân kỳ tân quý quận bình tân,,,,tân kỳ tân quý quận bình tân
3672,"866 tân kỳ tân quý , khu phố 5 , phường bình hưng hòa , quận bình tân , tp . hcm",,,,,,,,,866 tân kỳ tân quý khu phố 5 phường bình hưng hòa quận bình tân tp hcm,,,,866 tân kỳ tân quý khu phố 5 phường bình hưng hòa quận bình tân tp hcm
3673,mặt tiền đường nguyễn hoàng,,,,,,,,,mặt tiền đường nguyễn hoàng,,,,mặt tiền đường nguyễn hoàng
3674,tây hồ,,,,,,,,,tây hồ,,,,tây hồ
3675,"lương thế vinh , thanh xuân",,,,,,,,,lương thế vinh thanh xuân,,,,lương thế vinh thanh xuân
3676,"khu đô thị mới sunflower , xã phước an , huyện nhơn trạch , đồng nai",,,,,,,,,khu đô thị mới sunflower,Xã Phước An,Huyện Nhơn Trạch,Đồng Nai,"khu đô thị mới sunflower, Xã Phước An, Huyện Nhơn Trạch, Đồng Nai"
3677,khu đô thị mới sun flower,,,,,,,,,khu đô thị mới sun flower,,,,khu đô thị mới sun flower
3678,"đức diễn , phúc diễn , bắc từ liêm",,,,,,,,,đức diễn phúc diễn bắc từ liêm,,,,đức diễn phúc diễn bắc từ liêm
3679,"343 / 18 phan xích long p 1 , quận phú nhuận",,,,,,,,,343 18 phan xích long p 1 quận phú nhuận,,,,343 18 phan xích long p 1 quận phú nhuận
3680,phường xuân lập - tp long khánh,,,,,,,,,phường xuân lập tp long khánh,,,,phường xuân lập tp long khánh
3681,phố nguyễn ngọc vũ - trung hòa - cầu giấy,,,,,,,,,phố nguyễn ngọc vũ trung hòa cầu giấy,,,,phố nguyễn ngọc vũ trung hòa cầu giấy
3682,giải phóng,,,,,,,,,giải phóng,,,,giải phóng
3683,phố cầu giấy,,,,,,,,,phố cầu giấy,,,,phố cầu giấy
3684,phố thời trang cầu giấy,,,,,,,,,phố thời trang cầu giấy,,,,phố thời trang cầu giấy
3685,khu dân cư daresco đức hòa 3,,,,,,,,,khu dân cư daresco đức hòa 3,,,,khu dân cư daresco đức hòa 3
3686,"trục chính đường hải bối , đầu xóm 4",,,,,,,,,trục chính đường hải bối đầu xóm 4,,,,trục chính đường hải bối đầu xóm 4
3687,"số nhà 108 ngõ 896 / 72 đường nguyễn khoái , phường lĩnh nam , quận hoàng mai , hn",,,,,,,,,số nhà 108 ngõ 896 72 đường nguyễn khoái phường lĩnh nam quận hoàng mai hn,,,,số nhà 108 ngõ 896 72 đường nguyễn khoái phường lĩnh nam quận hoàng mai hn
3688,"chung cư cao cấp goldmark city , 136 hồ tùng mậu",,,,,,,,,chung cư cao cấp goldmark city 136 hồ tùng mậu,,,,chung cư cao cấp goldmark city 136 hồ tùng mậu
3689,"đường dương thưởng , phường an mỹ",,,,,,,,,đường dương thưởng phường an mỹ,,,,đường dương thưởng phường an mỹ
3690,trung tâm thành phố tk,,,,,,,,,trung tâm thành phố tk,,,,trung tâm thành phố tk
3691,"chung cư cowaelmic tại địa chỉ 198 nguyễn tuân , thanh xuân hà nội",,,,,,,,,chung cư cowaelmic tại địa chỉ 198 nguyễn tuân thanh xuân hà nội,,,,chung cư cowaelmic tại địa chỉ 198 nguyễn tuân thanh xuân hà nội
3692,phú mỹ,,,,,,,,,phú mỹ,,,,phú mỹ
3693,nguyễn phan chánh - khu đô thị phú mỹ an,,,,,,,,,nguyễn phan chánh khu đô thị phú mỹ an,,,,nguyễn phan chánh khu đô thị phú mỹ an
3694,phường hòa hải - quận ngũ hành sơn,,,,,,,,,phường hòa hải quận ngũ hành sơn,,,,phường hòa hải quận ngũ hành sơn
3695,dự án đà nẵng pearl 1,,,,,,,,,dự án  pearl 1,,,Đà Nẵng,"dự án  pearl 1, Đà Nẵng"
3696,dự án đà nẵng pearl,,,,,,,,,dự án  pearl,,,Đà Nẵng,"dự án  pearl, Đà Nẵng"
3697,chung cư vinhomes ocean park,,,,,,,,,chung cư vinhomes ocean park,,,,chung cư vinhomes ocean park
3698,phố mễ trì,,,,,,,,,phố mễ trì,,,,phố mễ trì
3699,kđt thanh hà,,,,,,,,,kđt thanh hà,,,,kđt thanh hà
3700,ngụy như kon tum - thanh xuân,,,,,,,,,ngụy như  thanh xuân,,,Kon Tum,"ngụy như  thanh xuân, Kon Tum"
3701,thanh xuân,,,,,,,,,thanh xuân,,,,thanh xuân
3702,"tổ 8 , nhân trạch , phú lương",,,,,,,,,tổ 8 nhân trạch phú lương,,,,tổ 8 nhân trạch phú lương
3703,tháp đông hancorp plaza,,,,,,,,,tháp đông hancorp plaza,,,,tháp đông hancorp plaza
3704,"ngõ 40 cầu am , phường vạn phúc , hà đông , hà nội",,,,,,,,,ngõ 40 cầu am phường vạn phúc hà đông hà nội,,,,ngõ 40 cầu am phường vạn phúc hà đông hà nội
3705,"số 88c đường số 2 , p . trường thọ , quận thủ đức",,,,,,,,,số 88c đường số 2 p trường thọ quận thủ đức,,,,số 88c đường số 2 p trường thọ quận thủ đức
3706,thủ đức,,,,,,,,,thủ đức,,,,thủ đức
3707,"dự án mipec rubik xuân thủy , quận cầu giấy",,,,,,,,,dự án mipec rubik xuân thủy quận cầu giấy,,,,dự án mipec rubik xuân thủy quận cầu giấy
3708,mipec rubik 122 xuân thủy với,,,,,,,,,mipec rubik 122 xuân thủy với,,,,mipec rubik 122 xuân thủy với
3709,dự án vinhomes symphony riverside long biên,,,,,,,,,dự án vinhomes symphony riverside long biên,,,,dự án vinhomes symphony riverside long biên
3710,"kđt thanh hà cienco 5 hà đông , hà nội",,,,,,,,,kđt thanh hà cienco 5 hà đông hà nội,,,,kđt thanh hà cienco 5 hà đông hà nội
3711,"thượng thanh , long biên",,,,,,,,,thượng thanh long biên,,,,thượng thanh long biên
3712,đường đặng minh khiêm . khu vực liên chiểu,,,,,,,,,đường đặng minh khiêm khu vực liên chiểu,,,,đường đặng minh khiêm khu vực liên chiểu
3713,"kdc sông giồng p . an phú , quận 2",,,,,,,,,kdc sông giồng p an phú quận 2,,,,kdc sông giồng p an phú quận 2
3714,chung cư sunview town thủ đức,,,,,,,,,chung cư sunview town thủ đức,,,,chung cư sunview town thủ đức
3715,"thôn đa xã di trạch , h hoài đức , tp hà nội",,,,,,,,,thôn đa xã di trạch h hoài đức tp hà nội,,,,thôn đa xã di trạch h hoài đức tp hà nội
3716,"thôn đa xã , di trạch , h hoài đức , tp hà nội",,,,,,,,,thôn đa xã di trạch h hoài đức tp hà nội,,,,thôn đa xã di trạch h hoài đức tp hà nội
3717,chợ vân canh,,,,,,,,,chợ vân canh,,,,chợ vân canh
3718,"tây hồ , khu vực quảng an",,,,,,,,,tây hồ khu vực quảng an,,,,tây hồ khu vực quảng an
3719,"đường phan văn hớn , q12",,,,,,,,,đường phan văn hớn q12,,,,đường phan văn hớn q12
3720,"tô ký tower , trung tâm quận 12",,,,,,,,,tô ký tower trung tâm quận 12,,,,tô ký tower trung tâm quận 12
3721,"b21 - 21 ( tầng 21 ) chung cư sài gòn gateway , q9",,,,,,,,,b21 21 tầng 21 chung cư sài gòn gateway q9,,,,b21 21 tầng 21 chung cư sài gòn gateway q9
3722,căn hộ cao cấp estella heights,,,,,,,,,căn hộ cao cấp estella heights,,,,căn hộ cao cấp estella heights
3723,"88 đường song hành xa lộ hà nội , p . an phú , quận 2 , tp . hồ chí minh",,,,,,,,,88 đường song hành xa lộ hà nội p an phú  tp,, Quận 2,Hồ Chí Minh,"88 đường song hành xa lộ hà nội p an phú  tp,  Quận 2, Hồ Chí Minh"
3724,32 hậu giang,,,,,,,,,32,,,Hậu Giang,"32, Hậu Giang"
3725,"tản đà court , 86 tản đà , q . 5",,,,,,,,,tản đà court 86 tản đà q 5,,,,tản đà court 86 tản đà q 5
3726,"1002 tạ quang bửu , phường 6 , quận 8",,,,,,,,,1002 tạ quang bửu phường 6 quận 8,,,,1002 tạ quang bửu phường 6 quận 8
3727,the pegasuite,,,,,,,,,the pegasuite,,,,the pegasuite
3728,cc hausneo phường phú hữu,,,,,,,,,cc hausneo phường phú hữu,,,,cc hausneo phường phú hữu
3729,"mặt tiền đường hòa bình , quận tân phú",,,,,,,,,mặt tiền đường  quận tân phú,,,Hòa Bình,"mặt tiền đường  quận tân phú, Hòa Bình"
3730,"lê thanh nghị , gần chợ hòa cường bắc , hải châu , đà nẵng",,,,,,,,,lê thanh nghị gần chợ hòa cường bắc hải châu,,,Đà Nẵng,"lê thanh nghị gần chợ hòa cường bắc hải châu, Đà Nẵng"
3731,"hưng thái , pmh , q7",,,,,,,,,hưng thái pmh q7,,,,hưng thái pmh q7
3732,đường nguyễn cửu phú đường xe cont 24 / 24,,,,,,,,,đường nguyễn cửu phú đường xe cont 24 24,,,,đường nguyễn cửu phú đường xe cont 24 24
3733,"nam kỳ khởi nghĩa , phường 8 , quận 3",,,,,,,,,nam kỳ khởi nghĩa phường 8 quận 3,,,,nam kỳ khởi nghĩa phường 8 quận 3
3734,one verandah tầng trung,,,,,,,,,one verandah tầng trung,,,,one verandah tầng trung
3735,dự án : the sun avenue,,,,,,,,,dự án the sun avenue,,,,dự án the sun avenue
3736,millennium,,,,,,,,,millennium,,,,millennium
3737,"mặt tiền đường lê bình , phường hưng lợi , quận ninh kiều , tp . cần thơ",,,,,,,,,mặt tiền đường lê bình   tp,Phường Hưng Lợi,Quận Ninh Kiều,Cần Thơ,"mặt tiền đường lê bình   tp, Phường Hưng Lợi, Quận Ninh Kiều, Cần Thơ"
3738,"2 / 13a bạch đằng , p2 , quận tân bình , tp . hcm",,,,,,,,,2 13a bạch đằng p2 quận tân bình tp hcm,,,,2 13a bạch đằng p2 quận tân bình tp hcm
3739,"cc moscow tower , q . 12",,,,,,,,,cc moscow tower q 12,,,,cc moscow tower q 12
3740,xóm 4 hải bối,,,,,,,,,xóm 4 hải bối,,,,xóm 4 hải bối
3741,nguyễn cơ thạch,,,,,,,,,nguyễn cơ thạch,,,,nguyễn cơ thạch
3742,mặt tiền đường trần chiên,,,,,,,,,mặt tiền đường trần chiên,,,,mặt tiền đường trần chiên
3743,"b11 nam trung yên , cầu giấy",,,,,,,,,b11 nam trung yên cầu giấy,,,,b11 nam trung yên cầu giấy
3744,napoleon castle i,,,,,,,,,napoleon castle i,,,,napoleon castle i
3745,"nguyễn đình chiểu , nha trang , khánh hòa",,,,,,,,,nguyễn đình chiểu nha trang,,,Khánh Hòa,"nguyễn đình chiểu nha trang, Khánh Hòa"
3746,lê đức thọ,,,,,,,,,lê đức thọ,,,,lê đức thọ
3747,quốc lộ 1a,,,,,,,,,quốc lộ 1a,,,,quốc lộ 1a
3748,"tara residence địa chỉ 1 / 1a tạ quang bửu , phường 6 , quận 8",,,,,,,,,tara residence địa chỉ 1 1a tạ quang bửu phường 6 quận 8,,,,tara residence địa chỉ 1 1a tạ quang bửu phường 6 quận 8
3749,"kdc vạn phúc , quốc lộ 13 , thủ đức",,,,,,,,,kdc vạn phúc quốc lộ 13 thủ đức,,,,kdc vạn phúc quốc lộ 13 thủ đức
3750,chung cư cao cấp newton residence,,,,,,,,,chung cư cao cấp newton residence,,,,chung cư cao cấp newton residence
3751,"38 trương quốc dung , phường 8 , quận phú nhuận",,,,,,,,,38 trương quốc dung phường 8 quận phú nhuận,,,,38 trương quốc dung phường 8 quận phú nhuận
3752,tòa c5 dcapitale,,,,,,,,,tòa c5 dcapitale,,,,tòa c5 dcapitale
3753,phố lê văn thiêm nhà dãy c,,,,,,,,,phố lê văn thiêm nhà dãy c,,,,phố lê văn thiêm nhà dãy c
3754,"phường lộc sơn , tp bảo lộc , lâm đồng",,,,,,,,,phường lộc sơn tp bảo lộc,,,Lâm Đồng,"phường lộc sơn tp bảo lộc, Lâm Đồng"
3755,hà trì 1 quận hà đông,,,,,,,,,hà trì 1 quận hà đông,,,,hà trì 1 quận hà đông
3756,lô đất lk 20,,,,,,,,,lô đất lk 20,,,,lô đất lk 20
3757,505 tòa ct 1,,,,,,,,,505 tòa ct 1,,,,505 tòa ct 1
3758,dự án sala garden,,,,,,,,,dự án sala garden,,,,dự án sala garden
3759,"đường tân hiệp , xã tân hiệp , huyện long thành , đồng nai",,,,,,,,,đường tân hiệp,Xã Tân Hiệp,Huyện Long Thành,Đồng Nai,"đường tân hiệp, Xã Tân Hiệp, Huyện Long Thành, Đồng Nai"
3760,"khu m7 , dự án hoa viên sala garden long thành , đồng nai",,,,,,,,,khu m7 dự án hoa viên sala garden long thành,,,Đồng Nai,"khu m7 dự án hoa viên sala garden long thành, Đồng Nai"
3761,"xã phước bình , long thành , đồng nai",,,,,,,,,xã phước bình long thành,,,Đồng Nai,"xã phước bình long thành, Đồng Nai"
3762,ngã 3 đường đt 741 và đt 750,,,,,,,,,ngã 3 đường đt 741 và đt 750,,,,ngã 3 đường đt 741 và đt 750
3763,"xóm lò , phường thượng thanh",,,,,,,,,xóm lò phường thượng thanh,,,,xóm lò phường thượng thanh
3764,xã hòa thắng,,,,,,,,,xã hòa thắng,,,,xã hòa thắng
3765,block a2 dự án casa mall,,,,,,,,,block a2 dự án casa mall,,,,block a2 dự án casa mall
3766,"112a1 ( hẻm 351 ) nơ trang long , p . 13 , q . bình thạnh , tphcm",,,,,,,,,112a1 hẻm 351 nơ trang long p 13 q bình thạnh tphcm,,,,112a1 hẻm 351 nơ trang long p 13 q bình thạnh tphcm
3767,"346 đường bến vân đồn , phường 1 , quận 4 , tp hồ chí minh",,,,,,,,,346 đường bến vân đồn   tp,Phường 1, Quận 4,Hồ Chí Minh,"346 đường bến vân đồn   tp, Phường 1,  Quận 4, Hồ Chí Minh"
3768,rose town,,,,,,,,,rose town,,,,rose town
3769,357 / / tân hòa đông,,,,,,,,,357 tân hòa đông,,,,357 tân hòa đông
3770,"chung cư lý văn phức , tân định quận 1",,,,,,,,,chung cư lý văn phức tân định quận 1,,,,chung cư lý văn phức tân định quận 1
3771,golden bay,,,,,,,,,golden bay,,,,golden bay
3772,"nguyễn tuân , ngã tư nguyễn tuân - ngụy như kon tum",,,,,,,,,nguyễn tuân ngã tư nguyễn tuân ngụy như,,,Kon Tum,"nguyễn tuân ngã tư nguyễn tuân ngụy như, Kon Tum"
3773,"tổ 8 thị trấn quang minh , mê linh , hà nội",,,,,,,,,tổ 8 thị trấn quang minh mê linh hà nội,,,,tổ 8 thị trấn quang minh mê linh hà nội
3774,"midtown trục đường 16 , p . tân phú , phú mỹ hưng , quận 7",,,,,,,,,midtown trục đường 16 p tân phú phú mỹ hưng quận 7,,,,midtown trục đường 16 p tân phú phú mỹ hưng quận 7
3775,"thôn vân lôi , xã bình yên , thạch thất , hà nội",,,,,,,,,thôn vân lôi xã bình yên thạch thất hà nội,,,,thôn vân lôi xã bình yên thạch thất hà nội
3776,mặt đường vành đai khu cnc hòa lạc,,,,,,,,,mặt đường vành đai khu cnc hòa lạc,,,,mặt đường vành đai khu cnc hòa lạc
3777,đường bình lợi,,,,,,,,,đường bình lợi,,,,đường bình lợi
3778,nhơn đức huyện nhà bè,,,,,,,,,nhơn đức huyện nhà bè,,,,nhơn đức huyện nhà bè
3779,"xi grand court , block b",,,,,,,,,xi grand court block b,,,,xi grand court block b
3780,khu garage bình phát,,,,,,,,,khu garage bình phát,,,,khu garage bình phát
3781,đường ngô viết hữu,,,,,,,,,đường ngô viết hữu,,,,đường ngô viết hữu
3782,phố nguyễn văn cừ - ngọc lâm - hồng tiến,,,,,,,,,phố nguyễn văn cừ ngọc lâm hồng tiến,,,,phố nguyễn văn cừ ngọc lâm hồng tiến
3783,hoàng mai,,,,,,,,,hoàng mai,,,,hoàng mai
3784,"ngõ gốc đề , minh khai",,,,,,,,,ngõ gốc đề minh khai,,,,ngõ gốc đề minh khai
3785,ngõ hòa bình 7 minh khai,,,,,,,,,ngõ  7 minh khai,,,Hòa Bình,"ngõ  7 minh khai, Hòa Bình"
3786,trục phố kim cương đào tấn - liễu giai - văn cao,,,,,,,,,trục phố kim cương đào tấn liễu giai văn cao,,,,trục phố kim cương đào tấn liễu giai văn cao
3787,giảng võ trung tâm đống đa,,,,,,,,,giảng võ trung tâm đống đa,,,,giảng võ trung tâm đống đa
3788,đường nguyễn thị thập quận 7,,,,,,,,,đường nguyễn thị thập quận 7,,,,đường nguyễn thị thập quận 7
3789,mặt tiền đường phường trường thạnh quận 9,,,,,,,,,mặt tiền đường phường trường thạnh quận 9,,,,mặt tiền đường phường trường thạnh quận 9
3790,1 / văn thân p8 q6,,,,,,,,,1 văn thân p8 q6,,,,1 văn thân p8 q6
3791,phường uyên hưng - tx tân uyên - bình dương,,,,,,,,,phường uyên hưng tx tân uyên,,,Bình Dương,"phường uyên hưng tx tân uyên, Bình Dương"
3792,"bình hưng hòa , bình tân",,,,,,,,,bình hưng  tân,,,Hòa Bình,"bình hưng  tân, Hòa Bình"
3793,độc lập,,,,,,,,,độc lập,,,,độc lập
3794,hẻm ba gác phường tăng nhơn phú a - quận 9,,,,,,,,,hẻm ba gác phường tăng nhơn phú a quận 9,,,,hẻm ba gác phường tăng nhơn phú a quận 9
3795,hẻm xe tải phường tăng nhơn phú a - quận 9,,,,,,,,,hẻm xe tải phường tăng nhơn phú a quận 9,,,,hẻm xe tải phường tăng nhơn phú a quận 9
3796,hẻm xe hơi phường longg bình quận 9,,,,,,,,,hẻm xe hơi phường longg bình quận 9,,,,hẻm xe hơi phường longg bình quận 9
3797,"phường long bình , quận 9",,,,,,,,,phường long bình quận 9,,,,phường long bình quận 9
3798,kdc khang an,,,,,,,,,kdc khang an,,,,kdc khang an
3799,chung cư sky garden 3 phường tân phong quận 7,,,,,,,,,chung cư sky garden 3 phường tân phong quận 7,,,,chung cư sky garden 3 phường tân phong quận 7
3800,hẻm thông nguyễn hữu cảnh,,,,,,,,,hẻm thông nguyễn hữu cảnh,,,,hẻm thông nguyễn hữu cảnh
3801,đường nguyễn văn linh quận 7,,,,,,,,,đường nguyễn văn linh quận 7,,,,đường nguyễn văn linh quận 7
3802,chung cư cao cấp viva riverside quận 6,,,,,,,,,chung cư cao cấp viva riverside quận 6,,,,chung cư cao cấp viva riverside quận 6
3803,phường 3 quận phú nhuận,,,,,,,,,phường 3 quận phú nhuận,,,,phường 3 quận phú nhuận
3804,chung cư golden king quận 7,,,,,,,,,chung cư golden king quận 7,,,,chung cư golden king quận 7
3805,"mt nội bộ , an lạc a , bình tân",,,,,,,,,mt nội bộ an lạc a bình tân,,,,mt nội bộ an lạc a bình tân
3806,mặt tiền đường quận bình thạnh,,,,,,,,,mặt tiền đường quận bình thạnh,,,,mặt tiền đường quận bình thạnh
3807,chung cư nam an,,,,,,,,,chung cư nam an,,,,chung cư nam an
3808,"cc green town , bình hưng hòa b , bình tân",,,,,,,,,cc green town bình hưng hòa b bình tân,,,,cc green town bình hưng hòa b bình tân
3809,chung cư cao cấp botanica quận tân bình,,,,,,,,,chung cư cao cấp botanica quận tân bình,,,,chung cư cao cấp botanica quận tân bình
3810,đường số 10 khu cư xá ra đa p13 q6,,,,,,,,,đường số 10 khu cư xá ra đa p13 q6,,,,đường số 10 khu cư xá ra đa p13 q6
3811,tân hóa p14 q6,,,,,,,,,tân hóa p14 q6,,,,tân hóa p14 q6
3812,ngã tư tân hóa - lạc long quân - đặng nguyên cẩn,,,,,,,,,ngã tư tân hóa lạc long quân đặng nguyên cẩn,,,,ngã tư tân hóa lạc long quân đặng nguyên cẩn
3813,"cư xá điện lực , phường bình an , quận 2",,,,,,,,,cư xá điện lực phường bình an quận 2,,,,cư xá điện lực phường bình an quận 2
3814,hẻm đường huỳnh tấn phát quận 7,,,,,,,,,hẻm đường huỳnh tấn phát quận 7,,,,hẻm đường huỳnh tấn phát quận 7
3815,lô b5 chung cư phường 3 quận 4,,,,,,,,,lô b5 chung cư phường 3 quận 4,,,,lô b5 chung cư phường 3 quận 4
3816,sadora,,,,,,,,,sadora,,,,sadora
3817,cư xá phú lâm d p10 q6,,,,,,,,,cư xá phú lâm d p10 q6,,,,cư xá phú lâm d p10 q6
3818,đường lê lai quận gò vấp,,,,,,,,,đường lê lai quận gò vấp,,,,đường lê lai quận gò vấp
3819,chung cư 9 view apartment - quận 9,,,,,,,,,chung cư 9 view apartment quận 9,,,,chung cư 9 view apartment quận 9
3820,phường phước long b,,,,,,,,,phường phước long b,,,,phường phước long b
3821,9 view apartment,,,,,,,,,9 view apartment,,,,9 view apartment
3822,"khu đô thị tân tạo central park xã phạm văn hai , huyện bình chánh",,,,,,,,,khu đô thị tân tạo central park xã phạm văn hai huyện bình chánh,,,,khu đô thị tân tạo central park xã phạm văn hai huyện bình chánh
3823,chung cư belleza phường phú mỹ quận 7,,,,,,,,,chung cư belleza phường phú mỹ quận 7,,,,chung cư belleza phường phú mỹ quận 7
3824,"chung cư huỳnh văn chính ii , quận tân phú tầng",,,,,,,,,chung cư huỳnh văn chính ii quận tân phú tầng,,,,chung cư huỳnh văn chính ii quận tân phú tầng
3825,lotus garden quận tân phú,,,,,,,,,lotus garden quận tân phú,,,,lotus garden quận tân phú
3826,phường 26 quận bình thạnh,,,,,,,,,phường 26 quận bình thạnh,,,,phường 26 quận bình thạnh
3827,"khu đô thị văn khê , hà đông",,,,,,,,,khu đô thị văn khê hà đông,,,,khu đô thị văn khê hà đông
3828,hẻm lớn oto đường phan văn trị,,,,,,,,,hẻm lớn oto đường phan văn trị,,,,hẻm lớn oto đường phan văn trị
3829,lê thị riêng q1,,,,,,,,,lê thị riêng q1,,,,lê thị riêng q1
3830,mặt tiền đường phường long bình - quận 9,,,,,,,,,mặt tiền đường phường long bình quận 9,,,,mặt tiền đường phường long bình quận 9
3831,mặt tiền đường quận 10,,,,,,,,,mặt tiền đường quận 10,,,,mặt tiền đường quận 10
3832,mặt tiền đường phường thạnh mỹ lợi quận 2 .,,,,,,,,,mặt tiền đường phường thạnh mỹ lợi quận 2,,,,mặt tiền đường phường thạnh mỹ lợi quận 2
3833,mặt tiền đường phường cát lái quận 2,,,,,,,,,mặt tiền đường phường cát lái quận 2,,,,mặt tiền đường phường cát lái quận 2
3834,"huỳnh tấn phát , xã phú xuân huyện nhà bè",,,,,,,,,huỳnh tấn phát xã phú xuân huyện nhà bè,,,,huỳnh tấn phát xã phú xuân huyện nhà bè
3835,đường nguyễn văn tạo long thới huyện nhà bè,,,,,,,,,đường nguyễn văn tạo long thới huyện nhà bè,,,,đường nguyễn văn tạo long thới huyện nhà bè
3836,đường nội bộ phường 7 quận 8,,,,,,,,,đường nội bộ phường 7 quận 8,,,,đường nội bộ phường 7 quận 8
3837,huyện nhà bè huỳnh tấn phát,,,,,,,,,huyện nhà bè huỳnh tấn phát,,,,huyện nhà bè huỳnh tấn phát
3838,gò dầu 2 quận tân phú,,,,,,,,,gò dầu 2 quận tân phú,,,,gò dầu 2 quận tân phú
3839,masteri millennium quận 4,,,,,,,,,masteri millennium quận 4,,,,masteri millennium quận 4
3840,chung cư mizuki park xã bình hưng huyện bình chánh,,,,,,,,,chung cư mizuki park xã bình hưng huyện bình chánh,,,,chung cư mizuki park xã bình hưng huyện bình chánh
3841,mặt tiền phường 2 quận phú nhuận,,,,,,,,,mặt tiền phường 2 quận phú nhuận,,,,mặt tiền phường 2 quận phú nhuận
3842,mặt tiên p7 quận 11,,,,,,,,,mặt tiên p7 quận 11,,,,mặt tiên p7 quận 11
3843,prosper plaza,,,,,,,,,prosper plaza,,,,prosper plaza
3844,"xã tân túc , huyện bình chánh",,,,,,,,,xã tân túc huyện bình chánh,,,,xã tân túc huyện bình chánh
3845,chung cư depot metro quận 12,,,,,,,,,chung cư depot metro quận 12,,,,chung cư depot metro quận 12
3846,dự án parcspring phường bình trưng đông quận 2,,,,,,,,,dự án parcspring phường bình trưng đông quận 2,,,,dự án parcspring phường bình trưng đông quận 2
3847,"p . bình trị đông a , bình tân",,,,,,,,,p bình trị đông a bình tân,,,,p bình trị đông a bình tân
3848,"trần hưng đạo , p nguyễn cư trinh , q1",,,,,,,,,trần hưng đạo p nguyễn cư trinh q1,,,,trần hưng đạo p nguyễn cư trinh q1
3849,chung cư richstar quận tân phú,,,,,,,,,chung cư richstar quận tân phú,,,,chung cư richstar quận tân phú
3850,"dự án melosa khang điền , phường phú hữu , quận 9",,,,,,,,,dự án melosa khang điền phường phú hữu quận 9,,,,dự án melosa khang điền phường phú hữu quận 9
3851,quận tân phú mặt tiền đường,,,,,,,,,quận tân phú mặt tiền đường,,,,quận tân phú mặt tiền đường
3852,hẻm xe tải đường huỳnh tấn phát phường phú mỹ quận 7,,,,,,,,,hẻm xe tải đường huỳnh tấn phát phường phú mỹ quận 7,,,,hẻm xe tải đường huỳnh tấn phát phường phú mỹ quận 7
3853,mặt tiền đường lớn phường phú mỹ quận 7,,,,,,,,,mặt tiền đường lớn phường phú mỹ quận 7,,,,mặt tiền đường lớn phường phú mỹ quận 7
3854,"dự án one verandah phường thạnh mỹ lợi , quận 2",,,,,,,,,dự án one verandah phường thạnh mỹ lợi quận 2,,,,dự án one verandah phường thạnh mỹ lợi quận 2
3855,mặt tiền đường huỳnh tấn phát quận 7,,,,,,,,,mặt tiền đường huỳnh tấn phát quận 7,,,,mặt tiền đường huỳnh tấn phát quận 7
3856,mặt tiền đường huỳnh tấn phát,,,,,,,,,mặt tiền đường huỳnh tấn phát,,,,mặt tiền đường huỳnh tấn phát
3857,mặt tiền trung tâm quận phú nhuận,,,,,,,,,mặt tiền trung tâm quận phú nhuận,,,,mặt tiền trung tâm quận phú nhuận
3858,chung cư sunrise riverside xã phước kiển huyện nhà bè,,,,,,,,,chung cư sunrise riverside xã phước kiển huyện nhà bè,,,,chung cư sunrise riverside xã phước kiển huyện nhà bè
3859,mặt tiền đường số khu dân cư phước kiển a - xã phước kiển huyện nhà bè,,,,,,,,,mặt tiền đường số khu dân cư phước kiển a xã phước kiển huyện nhà bè,,,,mặt tiền đường số khu dân cư phước kiển a xã phước kiển huyện nhà bè
3860,mặt tiền lý tự trọng quận 1,,,,,,,,,mặt tiền lý tự trọng quận 1,,,,mặt tiền lý tự trọng quận 1
3861,sài gòn south residences đầy đủ tiện nghi đường nguyễn hữu thọ phước kiển huyện nhà bè,,,,,,,,,sài gòn south residences đầy đủ tiện nghi đường nguyễn hữu thọ phước kiển huyện nhà bè,,,,sài gòn south residences đầy đủ tiện nghi đường nguyễn hữu thọ phước kiển huyện nhà bè
3862,"centana thủ thiêm , phường an phú , quận 2",,,,,,,,,centana thủ thiêm phường an phú quận 2,,,,centana thủ thiêm phường an phú quận 2
3863,"mt đsố , bình hưng hòa b , bình tân",,,,,,,,,mt đsố bình hưng hòa b bình tân,,,,mt đsố bình hưng hòa b bình tân
3864,chung cư florita phường tân hưng quận 7,,,,,,,,,chung cư florita phường tân hưng quận 7,,,,chung cư florita phường tân hưng quận 7
3865,chung cư him lam riverside phường tân hưng quận 7,,,,,,,,,chung cư him lam riverside phường tân hưng quận 7,,,,chung cư him lam riverside phường tân hưng quận 7
3866,resco an hội 3,,,,,,,,,resco an hội 3,,,,resco an hội 3
3867,mặt tiền đường số phường phú mỹ quận 7,,,,,,,,,mặt tiền đường số phường phú mỹ quận 7,,,,mặt tiền đường số phường phú mỹ quận 7
3868,mặt tiền đường quận 5,,,,,,,,,mặt tiền đường quận 5,,,,mặt tiền đường quận 5
3869,"dự án kdc bắc rạch chiếc , phường phước long a , quận 9",,,,,,,,,dự án kdc bắc rạch chiếc phường phước long a quận 9,,,,dự án kdc bắc rạch chiếc phường phước long a quận 9
3870,khu dân cư phường 7 quận 8,,,,,,,,,khu dân cư phường 7 quận 8,,,,khu dân cư phường 7 quận 8
3871,xã hưng lộc thống nhất đồng nai,,,,,,,,,xã hưng lộc thống nhất,,,Đồng Nai,"xã hưng lộc thống nhất, Đồng Nai"
3872,hẻm ô tô phường 5 quận 8,,,,,,,,,hẻm ô tô phường 5 quận 8,,,,hẻm ô tô phường 5 quận 8
3873,nguyễn hữu thọ,,,,,,,,,nguyễn hữu thọ,,,,nguyễn hữu thọ
3874,đường đinh tiên hoàng phường đakao q1,,,,,,,,,đường đinh tiên hoàng phường đakao q1,,,,đường đinh tiên hoàng phường đakao q1
3875,"đường lê thánh tôn , quận 1",,,,,,,,,đường lê thánh tôn quận 1,,,,đường lê thánh tôn quận 1
3876,"lý văn phức , phường tân định , quận 1",,,,,,,,,lý văn phức phường tân định quận 1,,,,lý văn phức phường tân định quận 1
3877,bình thạnh,,,,,,,,,bình thạnh,,,,bình thạnh
3878,"đường phú mỹ , quận bình thạnh",,,,,,,,,đường phú mỹ quận bình thạnh,,,,đường phú mỹ quận bình thạnh
3879,"lexington residence , phường an phú , quận 2",,,,,,,,,lexington residence phường an phú quận 2,,,,lexington residence phường an phú quận 2
3880,phường bình trưng đông quận 2,,,,,,,,,phường bình trưng đông quận 2,,,,phường bình trưng đông quận 2
3881,q3,,,,,,,,,q3,,,,q3
3882,đường ngô thời nhiệm,,,,,,,,,đường ngô thời nhiệm,,,,đường ngô thời nhiệm
3883,mặt tiền 8m đường ngô thời nhiệm,,,,,,,,,mặt tiền 8m đường ngô thời nhiệm,,,,mặt tiền 8m đường ngô thời nhiệm
3884,chung cư hoàng anh gia lai an tiến đường lê văn lương xã phước kiển huyện nhà bè,,,,,,,,,chung cư hoàng anh  an tiến đường lê văn lương xã phước kiển huyện nhà bè,,,Gia Lai,"chung cư hoàng anh  an tiến đường lê văn lương xã phước kiển huyện nhà bè, Gia Lai"
3885,cát lái quận 2,,,,,,,,,cát lái quận 2,,,,cát lái quận 2
3886,đông thạnh hóc môn,,,,,,,,,đông thạnh hóc môn,,,,đông thạnh hóc môn
3887,hẻm đường huỳnh tấn phát,,,,,,,,,hẻm đường huỳnh tấn phát,,,,hẻm đường huỳnh tấn phát
3888,đồng vỡ - phú mãn - quốc oai,,,,,,,,,đồng vỡ phú mãn quốc oai,,,,đồng vỡ phú mãn quốc oai
3889,trục đường chính phú mãn,,,,,,,,,trục đường chính phú mãn,,,,trục đường chính phú mãn
3890,"phường trung hòa , quận cầu giấy",,,,,,,,,phường trung hòa quận cầu giấy,,,,phường trung hòa quận cầu giấy
3891,flc garden đại mỗ,,,,,,,,,flc garden đại mỗ,,,,flc garden đại mỗ
3892,căn hộ kingdom 101,,,,,,,,,căn hộ kingdom 101,,,,căn hộ kingdom 101
3893,phố giáp bát,,,,,,,,,phố giáp bát,,,,phố giáp bát
3894,văn phú hđ,,,,,,,,,văn phú hđ,,,,văn phú hđ
3895,dự án huy hoàng thạnh mỹ lợi - trung tâm hành chính quận 2,,,,,,,,,dự án huy hoàng thạnh mỹ lợi trung tâm hành chính quận 2,,,,dự án huy hoàng thạnh mỹ lợi trung tâm hành chính quận 2
3896,dự án tại biên hòa new city - thành phố biên hòa - đồng nai,,,,,,,,,dự án tại biên hòa new city,,Thành phố Biên Hòa,Đồng Nai,"dự án tại biên hòa new city, Thành phố Biên Hòa, Đồng Nai"
3897,đường cộng hòa - phường 12,,,,,,,,,đường cộng hòa phường 12,,,,đường cộng hòa phường 12
3898,lavita charm,,,,,,,,,lavita charm,,,,lavita charm
3899,"thôn phú nghĩa , minh phú , sóc sơn , hà nội",,,,,,,,,thôn phú nghĩa minh phú sóc sơn hà nội,,,,thôn phú nghĩa minh phú sóc sơn hà nội
3900,"bùi đình túy , bình thạnh",,,,,,,,,bùi đình túy bình thạnh,,,,bùi đình túy bình thạnh
3901,"đường trường lưu , quận 9",,,,,,,,,đường trường lưu quận 9,,,,đường trường lưu quận 9
3902,"phường 10 , quận 3",,,,,,,,,phường 10 quận 3,,,,phường 10 quận 3
3903,kđt trung hòa nhân chính,,,,,,,,,kđt trung hòa nhân chính,,,,kđt trung hòa nhân chính
3904,sky oasis ecopark,,,,,,,,,sky oasis ecopark,,,,sky oasis ecopark
3905,xã vĩnh lộc a huyện bình chánh,,,,,,,,,xã vĩnh lộc a huyện bình chánh,,,,xã vĩnh lộc a huyện bình chánh
3906,chung cư nhiêu lộc a quận tân phú,,,,,,,,,chung cư nhiêu lộc a quận tân phú,,,,chung cư nhiêu lộc a quận tân phú
3907,richstar quận tân phú,,,,,,,,,richstar quận tân phú,,,,richstar quận tân phú
3908,phương phú hữu - quận 9,,,,,,,,,phương phú hữu quận 9,,,,phương phú hữu quận 9
3909,"đường tuệ tĩnh , phường 13 , quận 11",,,,,,,,,đường tuệ tĩnh phường 13 quận 11,,,,đường tuệ tĩnh phường 13 quận 11
3910,trần khát chân - hai bà trưng,,,,,,,,,trần khát chân hai bà trưng,,,,trần khát chân hai bà trưng
3911,mặt ngõ lạc trung,,,,,,,,,mặt ngõ lạc trung,,,,mặt ngõ lạc trung
3912,"phân lô triều khúc , hàng xóm",,,,,,,,,phân lô triều khúc hàng xóm,,,,phân lô triều khúc hàng xóm
3913,nhà mặt tiền đường bình lợi,,,,,,,,,nhà mặt tiền đường bình lợi,,,,nhà mặt tiền đường bình lợi
3914,chung cư park hill,,,,,,,,,chung cư park hill,,,,chung cư park hill
3915,chung cư tòa nhà park hill,,,,,,,,,chung cư tòa nhà park hill,,,,chung cư tòa nhà park hill
3916,458 - 460 minh khai - hai bà trưng - hà nội,,,,,,,,,458 460 minh khai hai bà trưng hà nội,,,,458 460 minh khai hai bà trưng hà nội
3917,số 86 lê trọng tấn,,,,,,,,,số 86 lê trọng tấn,,,,số 86 lê trọng tấn
3918,chung cư nhiêu lộc c tầng 5 - quận tân phú,,,,,,,,,chung cư nhiêu lộc c tầng 5 quận tân phú,,,,chung cư nhiêu lộc c tầng 5 quận tân phú
3919,mặt tiền trung tâm quận phú nhuận phường 1,,,,,,,,,mặt tiền trung tâm quận phú nhuận phường 1,,,,mặt tiền trung tâm quận phú nhuận phường 1
3920,mặt tiền phường 1 quận phú nhuận,,,,,,,,,mặt tiền phường 1 quận phú nhuận,,,,mặt tiền phường 1 quận phú nhuận
3921,chung cư xi grand quận 10,,,,,,,,,chung cư xi grand quận 10,,,,chung cư xi grand quận 10
3922,đường huỳnh tấn phát huyện nhà bè,,,,,,,,,đường huỳnh tấn phát huyện nhà bè,,,,đường huỳnh tấn phát huyện nhà bè
3923,hẻm cống quỳnh p . nguyễn cư trinh q1,,,,,,,,,hẻm cống quỳnh p nguyễn cư trinh q1,,,,hẻm cống quỳnh p nguyễn cư trinh q1
3924,mặt tiền đường xã hưng long huyện bình chánh,,,,,,,,,mặt tiền đường xã hưng long huyện bình chánh,,,,mặt tiền đường xã hưng long huyện bình chánh
3925,đường tân mỹ phường tân thuận tây quận 7,,,,,,,,,đường tân mỹ phường tân thuận tây quận 7,,,,đường tân mỹ phường tân thuận tây quận 7
3926,trần xuân soạn,,,,,,,,,trần xuân soạn,,,,trần xuân soạn
3927,"hẻm oto đường phan chu trinh , quận bình thạnh",,,,,,,,,hẻm oto đường phan chu trinh quận bình thạnh,,,,hẻm oto đường phan chu trinh quận bình thạnh
3928,"khu dân cư xã phước kiển , huyện nhà bè",,,,,,,,,khu dân cư xã phước kiển huyện nhà bè,,,,khu dân cư xã phước kiển huyện nhà bè
3929,"đường hồng bàng , phường 1 , quận 11",,,,,,,,,đường hồng bàng phường 1 quận 11,,,,đường hồng bàng phường 1 quận 11
3930,chung cư signature midtown phú mỹ hưng quận 7,,,,,,,,,chung cư signature midtown phú mỹ hưng quận 7,,,,chung cư signature midtown phú mỹ hưng quận 7
3931,bùi viện quận 1,,,,,,,,,bùi viện quận 1,,,,bùi viện quận 1
3932,trung tâm phố đi bộ bùi viện,,,,,,,,,trung tâm phố đi bộ bùi viện,,,,trung tâm phố đi bộ bùi viện
3933,"chung cư , phường nguyễn cư trinh , quận 1",,,,,,,,,chung cư phường nguyễn cư trinh quận 1,,,,chung cư phường nguyễn cư trinh quận 1
3934,"chung cư , phường 6 , quận 3",,,,,,,,,chung cư phường 6 quận 3,,,,chung cư phường 6 quận 3
3935,"mặt tiền đường xã phú xuân , huyện nhà bè",,,,,,,,,mặt tiền đường xã phú xuân huyện nhà bè,,,,mặt tiền đường xã phú xuân huyện nhà bè
3936,"mặt tiền xã đường phú xuân , huyện nhà bè",,,,,,,,,mặt tiền xã đường phú xuân huyện nhà bè,,,,mặt tiền xã đường phú xuân huyện nhà bè
3937,p5 q11,,,,,,,,,p5 q11,,,,p5 q11
3938,chung cư gia phát - quận gò vấp,,,,,,,,,chung cư gia phát quận gò vấp,,,,chung cư gia phát quận gò vấp
3939,saigon royal quận 4,,,,,,,,,saigon royal quận 4,,,,saigon royal quận 4
3940,mặt tiền đường số kdc tân quy đông phường tân phong quận 7,,,,,,,,,mặt tiền đường số kdc tân quy đông phường tân phong quận 7,,,,mặt tiền đường số kdc tân quy đông phường tân phong quận 7
3941,"cao ốc an lạc , bình tân",,,,,,,,,cao ốc an lạc bình tân,,,,cao ốc an lạc bình tân
3942,trung tâm thảo điền,,,,,,,,,trung tâm thảo điền,,,,trung tâm thảo điền
3943,mặt tiền đường xa lộ hà nội,,,,,,,,,mặt tiền đường xa lộ hà nội,,,,mặt tiền đường xa lộ hà nội
3944,101 mặt tiền đường khu dân cư phú mỹ hưng phường tân phong quận 7,,,,,,,,,101 mặt tiền đường khu dân cư phú mỹ hưng phường tân phong quận 7,,,,101 mặt tiền đường khu dân cư phú mỹ hưng phường tân phong quận 7
3945,102 mặt tiền đường khu dân cư phú mỹ hưng phường tân phong quận 7,,,,,,,,,102 mặt tiền đường khu dân cư phú mỹ hưng phường tân phong quận 7,,,,102 mặt tiền đường khu dân cư phú mỹ hưng phường tân phong quận 7
3946,mặt tiền đường huyện nhà bè,,,,,,,,,mặt tiền đường huyện nhà bè,,,,mặt tiền đường huyện nhà bè
3947,"hẻm nguyễn văn thủ , p . đa kao , quận 1",,,,,,,,,hẻm nguyễn văn thủ p đa kao quận 1,,,,hẻm nguyễn văn thủ p đa kao quận 1
3948,"mặt tiền huỳnh thúc kháng , quận 1",,,,,,,,,mặt tiền huỳnh thúc kháng quận 1,,,,mặt tiền huỳnh thúc kháng quận 1
3949,"trần khánh dư , p . tân định , trung tâm quận 1",,,,,,,,,trần khánh dư p tân định trung tâm quận 1,,,,trần khánh dư p tân định trung tâm quận 1
3950,khu dân cư sài gòn mới đường đào tông thị trấn nguyên huyện nhà bè,,,,,,,,,khu dân cư sài gòn mới đường đào tông thị trấn nguyên huyện nhà bè,,,,khu dân cư sài gòn mới đường đào tông thị trấn nguyên huyện nhà bè
3951,"trung tâm thị trấn huyện nhà bè ,",,,,,,,,,trung tâm thị trấn huyện nhà bè,,,,trung tâm thị trấn huyện nhà bè
3952,"phường 12 , quận 8",,,,,,,,,phường 12 quận 8,,,,phường 12 quận 8
3953,mtnb bình phú ii quận 6,,,,,,,,,mtnb bình phú ii quận 6,,,,mtnb bình phú ii quận 6
3954,nhà bùi đình túy,,,,,,,,,nhà bùi đình túy,,,,nhà bùi đình túy
3955,"đương bùi đình túy , phường 12 , bình thạnh",,,,,,,,,đương bùi đình túy phường 12 bình thạnh,,,,đương bùi đình túy phường 12 bình thạnh
3956,hẻm quận bình thạnh,,,,,,,,,hẻm quận bình thạnh,,,,hẻm quận bình thạnh
3957,chung cư lạc long quân quận 11 - thuận lợi ở hoặc cho thuê - s ổ hồng riêng,,,,,,,,,chung cư lạc long quân quận 11 thuận lợi ở hoặc cho thuê s ổ hồng riêng,,,,chung cư lạc long quân quận 11 thuận lợi ở hoặc cho thuê s ổ hồng riêng
3958,hẻm quận gò vấp,,,,,,,,,hẻm quận gò vấp,,,,hẻm quận gò vấp
3959,viva riverside cao cấp p3 q6,,,,,,,,,viva riverside cao cấp p3 q6,,,,viva riverside cao cấp p3 q6
3960,blue sapphire p10 q6,,,,,,,,,blue sapphire p10 q6,,,,blue sapphire p10 q6
3961,nguyễn văn luông p11 q6,,,,,,,,,nguyễn văn luông p11 q6,,,,nguyễn văn luông p11 q6
3962,"xã an phú tây , huyện bình chánh",,,,,,,,,xã an phú tây huyện bình chánh,,,,xã an phú tây huyện bình chánh
3963,"hẻm xe hơi đường huỳnh tấn phát , thị trấn huyện nhà bè , gần",,,,,,,,,hẻm xe hơi đường huỳnh tấn phát thị trấn huyện nhà bè gần,,,,hẻm xe hơi đường huỳnh tấn phát thị trấn huyện nhà bè gần
3964,"hẻm xe hơi đường đào tông nguyên , xã phú xuân huyện nhà bè",,,,,,,,,hẻm xe hơi đường đào tông nguyên xã phú xuân huyện nhà bè,,,,hẻm xe hơi đường đào tông nguyên xã phú xuân huyện nhà bè
3965,kdc xây dựng 5 phường phước long b - quận 9,,,,,,,,,kdc xây dựng 5 phường phước long b quận 9,,,,kdc xây dựng 5 phường phước long b quận 9
3966,centana điền phúc thành quận 9,,,,,,,,,centana điền phúc thành quận 9,,,,centana điền phúc thành quận 9
3967,"thới tam thôn 9 vô 1 sẹc , ấp trung đông , xã thới tam thôn , hóc môn",,,,,,,,,thới tam thôn 9 vô 1 sẹc ấp trung đông xã thới tam thôn hóc môn,,,,thới tam thôn 9 vô 1 sẹc ấp trung đông xã thới tam thôn hóc môn
3968,đường văn thân p8 q6,,,,,,,,,đường văn thân p8 q6,,,,đường văn thân p8 q6
3969,blue sapphire ngay trung tâm bình phú p10 q6,,,,,,,,,blue sapphire ngay trung tâm bình phú p10 q6,,,,blue sapphire ngay trung tâm bình phú p10 q6
3970,khu căn hộ blue sapphire – bình phú,,,,,,,,,khu căn hộ blue sapphire bình phú,,,,khu căn hộ blue sapphire bình phú
3971,cư xá phú lâm b p13 q6,,,,,,,,,cư xá phú lâm b p13 q6,,,,cư xá phú lâm b p13 q6
3972,khu bình phú 1,,,,,,,,,khu bình phú 1,,,,khu bình phú 1
3973,mt đường nội bộ khu bình phú p11 q6,,,,,,,,,mt đường nội bộ khu bình phú p11 q6,,,,mt đường nội bộ khu bình phú p11 q6
3974,đsố 2,,,,,,,,,đsố 2,,,,đsố 2
3975,hẻm huỳnh tấn phát quận 7,,,,,,,,,hẻm huỳnh tấn phát quận 7,,,,hẻm huỳnh tấn phát quận 7
3976,"la astoria phường bình trưng tây , quận 2",,,,,,,,,la astoria phường bình trưng tây quận 2,,,,la astoria phường bình trưng tây quận 2
3977,"tiền đường phường an phú , quận 2",,,,,,,,,tiền đường phường an phú quận 2,,,,tiền đường phường an phú quận 2
3978,chung cư ngay trung tâm quận 5,,,,,,,,,chung cư ngay trung tâm quận 5,,,,chung cư ngay trung tâm quận 5
3979,chung cư him lam quận 6,,,,,,,,,chung cư him lam quận 6,,,,chung cư him lam quận 6
3980,"quận 6 ( p11 , q6 , tp . hcm )",,,,,,,,,quận 6 p11 q6 tp hcm,,,,quận 6 p11 q6 tp hcm
3981,mặt tiền đường quận 1,,,,,,,,,mặt tiền đường quận 1,,,,mặt tiền đường quận 1
3982,mặt tiền trần đình xu quận 1,,,,,,,,,mặt tiền trần đình xu quận 1,,,,mặt tiền trần đình xu quận 1
3983,chung cư nguyễn văn tráng quận 1,,,,,,,,,chung cư nguyễn văn tráng quận 1,,,,chung cư nguyễn văn tráng quận 1
3984,mặt tiền khu dân cư trung sơn xã bình hưng huyện bình chánh,,,,,,,,,mặt tiền khu dân cư trung sơn xã bình hưng huyện bình chánh,,,,mặt tiền khu dân cư trung sơn xã bình hưng huyện bình chánh
3985,"hẻm đông du , bến nghé q1",,,,,,,,,hẻm đông du bến nghé q1,,,,hẻm đông du bến nghé q1
3986,"palm heights , phường an phú , quận 2",,,,,,,,,palm heights phường an phú quận 2,,,,palm heights phường an phú quận 2
3987,"the sun avenue , quận 2",,,,,,,,,the sun avenue quận 2,,,,the sun avenue quận 2
3988,cư xá cảng sài gòn quận 4,,,,,,,,,cư xá cảng sài gòn quận 4,,,,cư xá cảng sài gòn quận 4
3989,hẻm phường 14 quận phú nhuận,,,,,,,,,hẻm phường 14 quận phú nhuận,,,,hẻm phường 14 quận phú nhuận
3990,chung cư kim tâm hải,,,,,,,,,chung cư kim tâm hải,,,,chung cư kim tâm hải
3991,khang phú tầng,,,,,,,,,khang phú tầng,,,,khang phú tầng
3992,trung tâm quận thủ đức,,,,,,,,,trung tâm quận thủ đức,,,,trung tâm quận thủ đức
3993,đường lâm văn bền phường tân kiểng quận 7,,,,,,,,,đường lâm văn bền phường tân kiểng quận 7,,,,đường lâm văn bền phường tân kiểng quận 7
3994,"phường 14 , quận 3",,,,,,,,,phường 14 quận 3,,,,phường 14 quận 3
3995,chung cư sunrise city central tower phường tân hưng quận 7,,,,,,,,,chung cư sunrise city central tower phường tân hưng quận 7,,,,chung cư sunrise city central tower phường tân hưng quận 7
3996,"chung cư minh thành - địa chỉ : 259 lê văn lương , p . tân quy , quận 7",,,,,,,,,chung cư minh thành địa chỉ 259 lê văn lương p tân quy quận 7,,,,chung cư minh thành địa chỉ 259 lê văn lương p tân quy quận 7
3997,chung cư cao cấp new city,,,,,,,,,chung cư cao cấp new city,,,,chung cư cao cấp new city
3998,803 mặt tiền đường khu dân cư him lam phường tân hưng quận 7,,,,,,,,,803 mặt tiền đường khu dân cư him lam phường tân hưng quận 7,,,,803 mặt tiền đường khu dân cư him lam phường tân hưng quận 7
3999,hẻm thông quận tân bình,,,,,,,,,hẻm thông quận tân bình,,,,hẻm thông quận tân bình
4000,mặt tiền đường ngô quang thắm,,,,,,,,,mặt tiền đường ngô quang thắm,,,,mặt tiền đường ngô quang thắm
4001,"hẻm ngô quang thắm , đất rộng",,,,,,,,,hẻm ngô quang thắm đất rộng,,,,hẻm ngô quang thắm đất rộng
4002,"hẻm 1 / , hxh rộng gần 5m , bình tân",,,,,,,,,hẻm 1 hxh rộng gần 5m bình tân,,,,hẻm 1 hxh rộng gần 5m bình tân
4003,mặt tiền quận 4,,,,,,,,,mặt tiền quận 4,,,,mặt tiền quận 4
4004,chung cư iii bùi minh trực phường 5 quận 8,,,,,,,,,chung cư iii bùi minh trực phường 5 quận 8,,,,chung cư iii bùi minh trực phường 5 quận 8
4005,phường tân thuận tây quận 7,,,,,,,,,phường tân thuận tây quận 7,,,,phường tân thuận tây quận 7
4006,hẻm đường lưu trọng lư quận 7,,,,,,,,,hẻm đường lưu trọng lư quận 7,,,,hẻm đường lưu trọng lư quận 7
4007,penhouse investco babylon quận tân phú,,,,,,,,,penhouse investco babylon quận tân phú,,,,penhouse investco babylon quận tân phú
4008,chung cư vĩnh khánh - chung cư mới sửa quận 4,,,,,,,,,chung cư vĩnh khánh chung cư mới sửa quận 4,,,,chung cư vĩnh khánh chung cư mới sửa quận 4
4009,chung cư lý thường kiệt,,,,,,,,,chung cư lý thường kiệt,,,,chung cư lý thường kiệt
4010,"mặt tiền đường cây keo , phường tam phú",,,,,,,,,mặt tiền đường cây keo phường tam phú,,,,mặt tiền đường cây keo phường tam phú
4011,"phường 12 , quận 3",,,,,,,,,phường 12 quận 3,,,,phường 12 quận 3
4012,đường lê văn lương phường tân hưng quận 7,,,,,,,,,đường lê văn lương phường tân hưng quận 7,,,,đường lê văn lương phường tân hưng quận 7
4013,hẻm đường nguyễn bình phú xuân huyện nhà bè,,,,,,,,,hẻm đường nguyễn bình phú xuân huyện nhà bè,,,,hẻm đường nguyễn bình phú xuân huyện nhà bè
4014,mt tiền đường quận gò vấp,,,,,,,,,mt tiền đường quận gò vấp,,,,mt tiền đường quận gò vấp
4015,charmington quận 10,,,,,,,,,charmington quận 10,,,,charmington quận 10
4016,"đường huỳnh tấn phát , xã phú xuân huyện nhà bè , thích hợp ở lâu dài",,,,,,,,,đường huỳnh tấn phát xã phú xuân huyện nhà bè thích hợp ở lâu dài,,,,đường huỳnh tấn phát xã phú xuân huyện nhà bè thích hợp ở lâu dài
4017,chung cư thái an 4,,,,,,,,,chung cư thái an 4,,,,chung cư thái an 4
4018,the flemington quận 11,,,,,,,,,the flemington quận 11,,,,the flemington quận 11
4019,"đường nguyễn bình , xã phú xuân huyện nhà bè . thích hợp kinh doanh buôn bán . hoặc làm nhà xưởng",,,,,,,,,đường nguyễn bình xã phú xuân huyện nhà bè thích hợp kinh doanh buôn bán hoặc làm nhà xưởng,,,,đường nguyễn bình xã phú xuân huyện nhà bè thích hợp kinh doanh buôn bán hoặc làm nhà xưởng
4020,mặt tiền đường nguyễn bình,,,,,,,,,mặt tiền đường nguyễn bình,,,,mặt tiền đường nguyễn bình
4021,mặt tiền đường phường 4 quận 8,,,,,,,,,mặt tiền đường phường 4 quận 8,,,,mặt tiền đường phường 4 quận 8
4022,hẻm 1 xẹt quận 4,,,,,,,,,hẻm 1 xẹt quận 4,,,,hẻm 1 xẹt quận 4
4023,p14 q6,,,,,,,,,p14 q6,,,,p14 q6
4024,703 mặt tiền đường khu dân cư him lam phường tân hưng quận 7,,,,,,,,,703 mặt tiền đường khu dân cư him lam phường tân hưng quận 7,,,,703 mặt tiền đường khu dân cư him lam phường tân hưng quận 7
4025,702 mặt tiền đường khu dân cư him lam phường tân hưng quận 7,,,,,,,,,702 mặt tiền đường khu dân cư him lam phường tân hưng quận 7,,,,702 mặt tiền đường khu dân cư him lam phường tân hưng quận 7
4026,701 mặt tiền đường khu dân cư him lam phường tân hưng quận 7,,,,,,,,,701 mặt tiền đường khu dân cư him lam phường tân hưng quận 7,,,,701 mặt tiền đường khu dân cư him lam phường tân hưng quận 7
4027,mặt tiền trung tâm quận phú nhuân,,,,,,,,,mặt tiền trung tâm quận phú nhuân,,,,mặt tiền trung tâm quận phú nhuân
4028,604 mặt tiền đường khu dân cư him lam phường tân hưng quận 7,,,,,,,,,604 mặt tiền đường khu dân cư him lam phường tân hưng quận 7,,,,604 mặt tiền đường khu dân cư him lam phường tân hưng quận 7
4029,chung cư sơn kỳ - quận tân phú,,,,,,,,,chung cư sơn kỳ quận tân phú,,,,chung cư sơn kỳ quận tân phú
4030,block b thuộc chung cư idico - quận tân phú,,,,,,,,,block b thuộc chung cư idico quận tân phú,,,,block b thuộc chung cư idico quận tân phú
4031,chung cư landmard 6 bình thạnh,,,,,,,,,chung cư landmard 6 bình thạnh,,,,chung cư landmard 6 bình thạnh
4032,mặt tiền trung tâm quận 5,,,,,,,,,mặt tiền trung tâm quận 5,,,,mặt tiền trung tâm quận 5
4033,chung cư him lam đầy đủ nội thất,,,,,,,,,chung cư him lam đầy đủ nội thất,,,,chung cư him lam đầy đủ nội thất
4034,hẻm phường 5 quận 3,,,,,,,,,hẻm phường 5 quận 3,,,,hẻm phường 5 quận 3
4035,"đinh tiên hoàng , quận hoàn kiếm , hà nội",,,,,,,,,đinh tiên hoàng quận hoàn kiếm hà nội,,,,đinh tiên hoàng quận hoàn kiếm hà nội
4036,"nguyễn sơn , long biên , hà nội",,,,,,,,,nguyễn sơn long biên hà nội,,,,nguyễn sơn long biên hà nội
4037,"hẻm 115 / 1 nguyên hồng , phường 1 gò vấp",,,,,,,,,hẻm 115 1 nguyên hồng phường 1 gò vấp,,,,hẻm 115 1 nguyên hồng phường 1 gò vấp
4038,"tòa nhà trung yên plaza , phố trung hòa",,,,,,,,,tòa nhà trung yên plaza phố trung hòa,,,,tòa nhà trung yên plaza phố trung hòa
4039,đường phạm hữu lầu phường phú mỹ quận 7,,,,,,,,,đường phạm hữu lầu phường phú mỹ quận 7,,,,đường phạm hữu lầu phường phú mỹ quận 7
4040,khu thạnh mỹ lợi,,,,,,,,,khu thạnh mỹ lợi,,,,khu thạnh mỹ lợi
4041,"mt lê văn sỹ , q3",,,,,,,,,mt lê văn sỹ q3,,,,mt lê văn sỹ q3
4042,khu dân cư thương mại sóng thần,,,,,,,,,khu dân cư thương mại sóng thần,,,,khu dân cư thương mại sóng thần
4043,lê quang định,,,,,,,,,lê quang định,,,,lê quang định
4044,"văn quán , quận hà đông , hà nội",,,,,,,,,văn quán quận hà đông hà nội,,,,văn quán quận hà đông hà nội
4045,phố lý nam đế quận hoàn kiếm,,,,,,,,,phố lý nam đế quận hoàn kiếm,,,,phố lý nam đế quận hoàn kiếm
4046,chung cư mulberry – tố hữu,,,,,,,,,chung cư mulberry tố hữu,,,,chung cư mulberry tố hữu
4047,chung cư tòa nhà mulberry,,,,,,,,,chung cư tòa nhà mulberry,,,,chung cư tòa nhà mulberry
4048,"hàm nghi , quận nam từ liêm , hà nội",,,,,,,,,hàm nghi quận nam từ liêm hà nội,,,,hàm nghi quận nam từ liêm hà nội
4049,"phố lê trọng tấn , thanh xuân",,,,,,,,,phố lê trọng tấn thanh xuân,,,,phố lê trọng tấn thanh xuân
4050,"nguyễn huy tưởng , quận thanh xuân , hà nội",,,,,,,,,nguyễn huy tưởng quận thanh xuân hà nội,,,,nguyễn huy tưởng quận thanh xuân hà nội
4051,"dự án villa park phường phú hữu , quận 9",,,,,,,,,dự án villa park phường phú hữu quận 9,,,,dự án villa park phường phú hữu quận 9
4052,mặt ngõ 11 nguyễn hoàng,,,,,,,,,mặt ngõ 11 nguyễn hoàng,,,,mặt ngõ 11 nguyễn hoàng
4053,chung cư lux garden quận 7,,,,,,,,,chung cư lux garden quận 7,,,,chung cư lux garden quận 7
4054,đường chuyên dùng 9 phường phú mỹ quận 7,,,,,,,,,đường chuyên dùng 9 phường phú mỹ quận 7,,,,đường chuyên dùng 9 phường phú mỹ quận 7
4055,"hqc - đường nguyễn văn linh , huyện bình chánh",,,,,,,,,hqc đường nguyễn văn linh huyện bình chánh,,,,hqc đường nguyễn văn linh huyện bình chánh
4056,tổ hợp chung cư starlake,,,,,,,,,tổ hợp chung cư starlake,,,,tổ hợp chung cư starlake
4057,mặt tiền đường bờ của - 3 tần,,,,,,,,,mặt tiền đường bờ của 3 tần,,,,mặt tiền đường bờ của 3 tần
4058,"mt nguyễn thái sơn , p5 , gò vấp",,,,,,,,,mt nguyễn thái sơn p5 gò vấp,,,,mt nguyễn thái sơn p5 gò vấp
4059,"xã phước kiển , huyện nhà bè",,,,,,,,,xã phước kiển huyện nhà bè,,,,xã phước kiển huyện nhà bè
4060,"kdc đại phúc , đường phạm hùng , xã bình hưng , huyện bình chánh",,,,,,,,,kdc đại phúc đường phạm hùng xã bình hưng huyện bình chánh,,,,kdc đại phúc đường phạm hùng xã bình hưng huyện bình chánh
4061,"đường tân hương , p . tân quý , q . tân phú",,,,,,,,,đường tân hương p tân quý q tân phú,,,,đường tân hương p tân quý q tân phú
4062,"vân canh , quận hoài đức",,,,,,,,,vân canh quận hoài đức,,,,vân canh quận hoài đức
4063,hương lộ 2,,,,,,,,,hương lộ 2,,,,hương lộ 2
4064,"138 / 45 đường số 1 , p4 , gò vấp",,,,,,,,,138 45 đường số 1 p4 gò vấp,,,,138 45 đường số 1 p4 gò vấp
4065,gamuda gardens,,,,,,,,,gamuda gardens,,,,gamuda gardens
4066,yên nghĩa - hà đông,,,,,,,,,yên nghĩa hà đông,,,,yên nghĩa hà đông
4067,"khu đô thị tùng phương , xã đại thịnh , huyện mê linh , hà nội",,,,,,,,,khu đô thị tùng phương xã đại thịnh huyện mê linh hà nội,,,,khu đô thị tùng phương xã đại thịnh huyện mê linh hà nội
4068,"ngay lò lu , phường trường thạnh , quận 9",,,,,,,,,ngay lò lu phường trường thạnh quận 9,,,,ngay lò lu phường trường thạnh quận 9
4069,"phường long phước , quận 9",,,,,,,,,phường long phước quận 9,,,,phường long phước quận 9
4070,saigon garden riverside,,,,,,,,,saigon garden riverside,,,,saigon garden riverside
4071,"hẻm thẳng 67 / 12 xô viết nghệ tĩnh , p . 17 , quận bình thạnh",,,,,,,,,hẻm thẳng 67 12 xô viết nghệ tĩnh p 17 quận bình thạnh,,,,hẻm thẳng 67 12 xô viết nghệ tĩnh p 17 quận bình thạnh
4072,"green field , 686 xô viết nghệ tĩnh , bình thạnh",,,,,,,,,green field 686 xô viết nghệ tĩnh bình thạnh,,,,green field 686 xô viết nghệ tĩnh bình thạnh
4073,dự án iec thanh trì,,,,,,,,,dự án iec thanh trì,,,,dự án iec thanh trì
4074,"đồng vàng , phú mãn",,,,,,,,,đồng vàng phú mãn,,,,đồng vàng phú mãn
4075,"xã phước lợi , huyện bến lức",,,,,,,,,xã phước lợi huyện bến lức,,,,xã phước lợi huyện bến lức
4076,"khu tên lửa , quận bình tân",,,,,,,,,khu tên lửa quận bình tân,,,,khu tên lửa quận bình tân
4077,"khuôn viên celadon city , chung cư ruby",,,,,,,,,khuôn viên celadon city chung cư ruby,,,,khuôn viên celadon city chung cư ruby
4078,"đường ngô đức kế , quận bình thạnh",,,,,,,,,đường ngô đức kế quận bình thạnh,,,,đường ngô đức kế quận bình thạnh
4079,phường 2 quận tân bình,,,,,,,,,phường 2 quận tân bình,,,,phường 2 quận tân bình
4080,1 / hậu giang p12 q6,,,,,,,,,1  p12 q6,,,Hậu Giang,"1  p12 q6, Hậu Giang"
4081,mặt tiền đường đinh tiên hoàng,,,,,,,,,mặt tiền đường đinh tiên hoàng,,,,mặt tiền đường đinh tiên hoàng
4082,lê thị bạch cát,,,,,,,,,lê thị bạch cát,,,,lê thị bạch cát
4083,sân thượng p4 q6,,,,,,,,,sân thượng p4 q6,,,,sân thượng p4 q6
4084,"chung cư mini 114 phương liệt , phường phương liệt , thanh xuân , hà nội",,,,,,,,,chung cư mini 114 phương liệt phường phương liệt thanh xuân hà nội,,,,chung cư mini 114 phương liệt phường phương liệt thanh xuân hà nội
4085,mặt phố phương liệt,,,,,,,,,mặt phố phương liệt,,,,mặt phố phương liệt
4086,"số 190 khu tđc tam kỳ , vĩnh niệm , lê chân , hải phòng",,,,,,,,,số 190 khu tđc tam kỳ vĩnh niệm lê chân,,,Hải Phòng,"số 190 khu tđc tam kỳ vĩnh niệm lê chân, Hải Phòng"
4087,"chung cư việt hưng , quận long biên",,,,,,,,,chung cư việt hưng quận long biên,,,,chung cư việt hưng quận long biên
4088,mặt đường 22 tháng 12,,,,,,,,,mặt đường 22 tháng 12,,,,mặt đường 22 tháng 12
4089,đường 22 / 12,,,,,,,,,đường 22 12,,,,đường 22 12
4090,chung cư quận 10,,,,,,,,,chung cư quận 10,,,,chung cư quận 10
4091,chung cư ehome 5 quận 7,,,,,,,,,chung cư ehome 5 quận 7,,,,chung cư ehome 5 quận 7
4092,khương trung thanh xuân,,,,,,,,,khương trung thanh xuân,,,,khương trung thanh xuân
4093,mi ni,,,,,,,,,mi ni,,,,mi ni
4094,đường nơ trang long f13 bình thạnh,,,,,,,,,đường nơ trang long f13 bình thạnh,,,,đường nơ trang long f13 bình thạnh
4095,mặt ngõ khuất duy tiến,,,,,,,,,mặt ngõ khuất duy tiến,,,,mặt ngõ khuất duy tiến
4096,mặt ngõ phố 93 hoàng văn thái,,,,,,,,,mặt ngõ phố 93 hoàng văn thái,,,,mặt ngõ phố 93 hoàng văn thái
4097,khu hoàng văn thái,,,,,,,,,khu hoàng văn thái,,,,khu hoàng văn thái
4098,"đường tỉnh lộ 822 , xã tân mỹ , đức hòa , long an",,,,,,,,,đường tỉnh lộ 822 xã tân mỹ đức hòa,,,Long An,"đường tỉnh lộ 822 xã tân mỹ đức hòa, Long An"
4099,tl 822 tân mỹ,,,,,,,,,tl 822 tân mỹ,,,,tl 822 tân mỹ
4100,cảnh viên 1,,,,,,,,,cảnh viên 1,,,,cảnh viên 1
4101,tòa g1 - vinhomes green bay,,,,,,,,,tòa g1 vinhomes green bay,,,,tòa g1 vinhomes green bay
4102,"p . ngọc thụy , q . long biên , hn",,,,,,,,,p ngọc thụy q long biên hn,,,,p ngọc thụy q long biên hn
4103,ngách 47 / ngõ 264 đường ngọc thụy,,,,,,,,,ngách 47 ngõ 264 đường ngọc thụy,,,,ngách 47 ngõ 264 đường ngọc thụy
4104,ngõ 264 thông từ,,,,,,,,,ngõ 264 thông từ,,,,ngõ 264 thông từ
4105,trà khúc . phường 2 . quận tân bình,,,,,,,,,trà khúc phường 2 quận tân bình,,,,trà khúc phường 2 quận tân bình
4106,"khu công nghiệp thuận giao , thị xã thuận an , tỉnh bình dương",,,,,,,,,khu công nghiệp thuận giao thị xã thuận an tỉnh,,,Bình Dương,"khu công nghiệp thuận giao thị xã thuận an tỉnh, Bình Dương"
4107,đường đất thánh tân bình,,,,,,,,,đường đất thánh tân bình,,,,đường đất thánh tân bình
4108,mặt tiền đường nguyễn khuyến,,,,,,,,,mặt tiền đường nguyễn khuyến,,,,mặt tiền đường nguyễn khuyến
4109,phường phước bình - quận 9,,,,,,,,,phường phước bình quận 9,,,,phường phước bình quận 9
4110,dự án đảo kim cương quận 9,,,,,,,,,dự án đảo kim cương quận 9,,,,dự án đảo kim cương quận 9
4111,"phường thổ quan , khâm thiên , đống đa , hà nội",,,,,,,,,phường thổ quan khâm thiên đống đa hà nội,,,,phường thổ quan khâm thiên đống đa hà nội
4112,"tô ngọc vân , phường tam phú , quận thủ đức , hồ chí minh",,,,,,,,,tô ngọc vân,Phường Tam Phú,Quận Thủ Đức,Hồ Chí Minh,"tô ngọc vân, Phường Tam Phú, Quận Thủ Đức, Hồ Chí Minh"
4113,thăng long home - hưng phú thủ đức,,,,,,,,,thăng long home hưng phú thủ đức,,,,thăng long home hưng phú thủ đức
4114,"quận thủ đức , tp . hồ chí minh",,,,,,,,,tp,,Quận Thủ Đức,Hồ Chí Minh,"tp, Quận Thủ Đức, Hồ Chí Minh"
4115,"đường tô ngọc vân , phường tam phú",,,,,,,,,đường tô ngọc vân phường tam phú,,,,đường tô ngọc vân phường tam phú
4116,dự án nhà phố thăng long home - hưng phú thủ đức,,,,,,,,,dự án nhà phố thăng long home hưng phú thủ đức,,,,dự án nhà phố thăng long home hưng phú thủ đức
4117,"thôn ngọc hội , xã vĩnh ngọc , nha trang",,,,,,,,,thôn ngọc hội xã vĩnh ngọc nha trang,,,,thôn ngọc hội xã vĩnh ngọc nha trang
4118,"khu dân cư 10 mẫu đường số 49 nguyễn duy trinh , phường bình trưng đông , quận 2",,,,,,,,,khu dân cư 10 mẫu đường số 49 nguyễn duy trinh phường bình trưng đông quận 2,,,,khu dân cư 10 mẫu đường số 49 nguyễn duy trinh phường bình trưng đông quận 2
4119,3017 tòa ct 2 - chung cư eco green,,,,,,,,,3017 tòa ct 2 chung cư eco green,,,,3017 tòa ct 2 chung cư eco green
4120,"số nhà 34 , dãy 16b6 , mộ lao , hà đông",,,,,,,,,số nhà 34 dãy 16b6 mộ lao hà đông,,,,số nhà 34 dãy 16b6 mộ lao hà đông
4121,quận thủ đức,,,,,,,,,quận thủ đức,,,,quận thủ đức
4122,sacomreal hòa bình quận tân phú,,,,,,,,,sacomreal  quận tân phú,,,Hòa Bình,"sacomreal  quận tân phú, Hòa Bình"
4123,khu dân cư phú xuân đường số xã phú xuân huyện nhà bè,,,,,,,,,khu dân cư phú xuân đường số xã phú xuân huyện nhà bè,,,,khu dân cư phú xuân đường số xã phú xuân huyện nhà bè
4124,"thôn hòa lạc , xã bình yên , h . thạch thất , hn",,,,,,,,,thôn hòa lạc xã bình yên h thạch thất hn,,,,thôn hòa lạc xã bình yên h thạch thất hn
4125,khu dân cư việt sing thành phố thuận an bình dương .,,,,,,,,,khu dân cư việt sing thành phố thuận an,,,Bình Dương,"khu dân cư việt sing thành phố thuận an, Bình Dương"
4126,"dũng sỹ điện ngọc , điện bàn , quảng nam",,,,,,,,,dũng sỹ điện ngọc điện bàn,,,Quảng Nam,"dũng sỹ điện ngọc điện bàn, Quảng Nam"
4127,"hẻm đường huỳnh tấn phát , thị trấn huyện nhà bè",,,,,,,,,hẻm đường huỳnh tấn phát thị trấn huyện nhà bè,,,,hẻm đường huỳnh tấn phát thị trấn huyện nhà bè
4128,phường 3 quận 11,,,,,,,,,phường 3 quận 11,,,,phường 3 quận 11
4129,"89 / 2 đường dương đình hội , phước long b , quận 9",,,,,,,,,89 2 đường dương đình hội phước long b quận 9,,,,89 2 đường dương đình hội phước long b quận 9
4130,chung cư cao cấp royal city,,,,,,,,,chung cư cao cấp royal city,,,,chung cư cao cấp royal city
4131,quang trung,,,,,,,,,quang trung,,,,quang trung
4132,trung tâm thành phố thái bình,,,,,,,,,trung tâm thành phố,,Thành phố Thái Bình,Thái Bình,"trung tâm thành phố, Thành phố Thái Bình, Thái Bình"
4133,trung tâm kcn tràng duệ,,,,,,,,,trung tâm kcn tràng duệ,,,,trung tâm kcn tràng duệ
4134,ba son,,,,,,,,,ba son,,,,ba son
4135,chung cư oriental plaza quận tân phú,,,,,,,,,chung cư oriental plaza quận tân phú,,,,chung cư oriental plaza quận tân phú
4136,"khu trung tự , phường trung tự , quận đống đa , hà nội",,,,,,,,,khu trung tự phường trung tự quận đống đa hà nội,,,,khu trung tự phường trung tự quận đống đa hà nội
4137,đường hồng hà phường 2 quận tân bình,,,,,,,,,đường hồng hà phường 2 quận tân bình,,,,đường hồng hà phường 2 quận tân bình
4138,"khu đô thị & công nghiệp mỹ phước , bình dương",,,,,,,,,khu đô thị công nghiệp mỹ phước,,,Bình Dương,"khu đô thị công nghiệp mỹ phước, Bình Dương"
4139,him lam vạn phúc luxury residence,,,,,,,,,him lam vạn phúc luxury residence,,,,him lam vạn phúc luxury residence
4140,"số 32 đường tố hữu , phường vạn phúc , hà đông , hà nội",,,,,,,,,số 32 đường tố hữu phường vạn phúc hà đông hà nội,,,,số 32 đường tố hữu phường vạn phúc hà đông hà nội
4141,him lam vạn phúc,,,,,,,,,him lam vạn phúc,,,,him lam vạn phúc
4142,mặt tiền đường võ nguyên giáp,,,,,,,,,mặt tiền đường võ nguyên giáp,,,,mặt tiền đường võ nguyên giáp
4143,"xã phước tân , tp biên hòa , đồng nai",,,,,,,,,xã phước tân tp biên hòa,,,Đồng Nai,"xã phước tân tp biên hòa, Đồng Nai"
4144,phường 12 quận 8,,,,,,,,,phường 12 quận 8,,,,phường 12 quận 8
4145,"đường lê trực , quận bình thạnh",,,,,,,,,đường lê trực quận bình thạnh,,,,đường lê trực quận bình thạnh
4146,"phố võ chí công , lạc long quân , xuân la quận tây hồ",,,,,,,,,phố võ chí công lạc long quân xuân la quận tây hồ,,,,phố võ chí công lạc long quân xuân la quận tây hồ
4147,"dragon hill 1 , xã phước kiển , huyện nhà bè",,,,,,,,,dragon hill 1 xã phước kiển huyện nhà bè,,,,dragon hill 1 xã phước kiển huyện nhà bè
4148,dragon hill,,,,,,,,,dragon hill,,,,dragon hill
4149,"dự án rio centro , phường phú hữu - quận 9",,,,,,,,,dự án rio centro phường phú hữu quận 9,,,,dự án rio centro phường phú hữu quận 9
4150,chung cư scitech 304 hồ tùng mậu,,,,,,,,,chung cư scitech 304 hồ tùng mậu,,,,chung cư scitech 304 hồ tùng mậu
4151,ngõ 304 hồ tùng mậu,,,,,,,,,ngõ 304 hồ tùng mậu,,,,ngõ 304 hồ tùng mậu
4152,khu bách thanh f22 đại lải flamingo,,,,,,,,,khu bách thanh f22 đại lải flamingo,,,,khu bách thanh f22 đại lải flamingo
4153,đường hậu giang phường 4 quận tân bình,,,,,,,,,đường  phường 4 quận tân bình,,,Hậu Giang,"đường  phường 4 quận tân bình, Hậu Giang"
4154,mặt tiền đường lớn phường tân hưng quận 7,,,,,,,,,mặt tiền đường lớn phường tân hưng quận 7,,,,mặt tiền đường lớn phường tân hưng quận 7
4155,nguyễn phước tần,,,,,,,,,nguyễn phước tần,,,,nguyễn phước tần
4156,"54 / 20 / 14 bạch đằng , phường 2 , tân bình",,,,,,,,,54 20 14 bạch đằng phường 2 tân bình,,,,54 20 14 bạch đằng phường 2 tân bình
4157,"đường số 5 , p16 , gv",,,,,,,,,đường số 5 p16 gv,,,,đường số 5 p16 gv
4158,"đường số 5 , p16 , gò vấp",,,,,,,,,đường số 5 p16 gò vấp,,,,đường số 5 p16 gò vấp
4159,số 04,,,,,,,,,số 04,,,,số 04
4160,chiến thắng,,,,,,,,,chiến thắng,,,,chiến thắng
4161,"phường tân đông hiệp , tp dĩ an , bình dương",,,,,,,,,phường tân đông hiệp tp dĩ an,,,Bình Dương,"phường tân đông hiệp tp dĩ an, Bình Dương"
4162,đường cao bá quát,,,,,,,,,đường cao bá quát,,,,đường cao bá quát
4163,"phố kim hoa , đống đa",,,,,,,,,phố kim hoa đống đa,,,,phố kim hoa đống đa
4164,"3 / 22 / 69 bùi huy bích , hoàng liệt , hoàng mai , hà nội",,,,,,,,,3 22 69 bùi huy bích hoàng liệt hoàng mai hà nội,,,,3 22 69 bùi huy bích hoàng liệt hoàng mai hà nội
4165,dự án eden rose,,,,,,,,,dự án eden rose,,,,dự án eden rose
4166,155a,,,,,,,,,155a,,,,155a
4167,"xã mỹ bình , đức huệ",,,,,,,,,xã mỹ bình đức huệ,,,,xã mỹ bình đức huệ
4168,xã mỹ bình đức huệ,,,,,,,,,xã mỹ bình đức huệ,,,,xã mỹ bình đức huệ
4169,"mỹ bình , đức huệ , long an",,,,,,,,,mỹ bình đức huệ,,,Long An,"mỹ bình đức huệ, Long An"
4170,d2001,,,,,,,,,d2001,,,,d2001
4171,khu mulberry lane,,,,,,,,,khu mulberry lane,,,,khu mulberry lane
4172,"hội nghĩa , tân uyên",,,,,,,,,hội nghĩa tân uyên,,,,hội nghĩa tân uyên
4173,"đường an bình , p3 , tp . đà lạt",,,,,,,,,đường an bình p3 tp đà lạt,,,,đường an bình p3 tp đà lạt
4174,"xã an ngãi , huyện long điền , tỉnh bà rịa - vũng tàu",,,,,,,,,tỉnh,Xã An Ngãi,Huyện Long Điền,Bà Rịa Vũng Tàu,"tỉnh, Xã An Ngãi, Huyện Long Điền, Bà Rịa Vũng Tàu"
4175,phan đăng lưu,,,,,,,,,phan đăng lưu,,,,phan đăng lưu
4176,"mặt phố nguyễn thái học , quận ba đình",,,,,,,,,mặt phố nguyễn thái học quận ba đình,,,,mặt phố nguyễn thái học quận ba đình
4177,tòa s1 sunshine city sg,,,,,,,,,tòa s1 sunshine city sg,,,,tòa s1 sunshine city sg
4178,khu đô thị mới bình dương,,,,,,,,,khu đô thị mới,,,Bình Dương,"khu đô thị mới, Bình Dương"
4179,mặt đường tỉnh lộ 309b thuộc làng chùa - hướng đạo - tam dương - vĩnh phúc,,,,,,,,,mặt đường tỉnh lộ 309b thuộc làng chùa hướng đạo tam dương,,,Vĩnh Phúc,"mặt đường tỉnh lộ 309b thuộc làng chùa hướng đạo tam dương, Vĩnh Phúc"
4180,coopmart bình triệu - hiệp bình chánh - thủ đức,,,,,,,,,coopmart bình triệu hiệp bình chánh thủ đức,,,,coopmart bình triệu hiệp bình chánh thủ đức
4181,phú nhuận mặt tiền phan đình phùng,,,,,,,,,phú nhuận mặt tiền phan đình phùng,,,,phú nhuận mặt tiền phan đình phùng
4182,"hợp hòa , sơn dương , tuyên quang",,,,,,,,,hợp hòa sơn dương,,,Tuyên Quang,"hợp hòa sơn dương, Tuyên Quang"
4183,swan park,,,,,,,,,swan park,,,,swan park
4184,mặt tiền đường tôn đức thắng ( 25b ),,,,,,,,,mặt tiền đường tôn đức thắng 25b,,,,mặt tiền đường tôn đức thắng 25b
4185,"chung cư thuộc kdt cao cấp vinhomes skylake phạm hùng , quận nam từ liêm hà nội",,,,,,,,,chung cư thuộc kdt cao cấp vinhomes skylake phạm hùng quận nam từ liêm hà nội,,,,chung cư thuộc kdt cao cấp vinhomes skylake phạm hùng quận nam từ liêm hà nội
4186,"thị xã cửa lò , nghệ an",,,,,,,,,,,Thị xã Cửa Lò,Nghệ An,"Thị xã Cửa Lò, Nghệ An"
4187,"kp . đông thành , p . tân đông hiệp , tp . dĩ an , bình dương",,,,,,,,,kp đông thành p tân đông hiệp tp dĩ an,,,Bình Dương,"kp đông thành p tân đông hiệp tp dĩ an, Bình Dương"
4188,"khu dân cư vĩnh lộc , quận bình tân",,,,,,,,,khu dân cư vĩnh lộc quận bình tân,,,,khu dân cư vĩnh lộc quận bình tân
4189,trần phú - la phù cạnh đường lê trọng tấn và tố hữu - hà đông,,,,,,,,,trần phú la phù cạnh đường lê trọng tấn và tố hữu hà đông,,,,trần phú la phù cạnh đường lê trọng tấn và tố hữu hà đông
4190,nhà la phù,,,,,,,,,nhà la phù,,,,nhà la phù
4191,"nguyễn sư hồi , lối 2 sau",,,,,,,,,nguyễn sư hồi lối 2 sau,,,,nguyễn sư hồi lối 2 sau
4192,hải âu 02 đn,,,,,,,,,hải âu 02 đn,,,,hải âu 02 đn
4193,tiểu khu hải âu,,,,,,,,,tiểu khu hải âu,,,,tiểu khu hải âu
4194,"vườn đào d9a2 , lạc long quân , tây hồ , hn",,,,,,,,,vườn đào d9a2 lạc long quân tây hồ hn,,,,vườn đào d9a2 lạc long quân tây hồ hn
4195,chương dương độ - hoàn kiếm - hà nội,,,,,,,,,chương dương độ hoàn kiếm hà nội,,,,chương dương độ hoàn kiếm hà nội
4196,"xã phước hiệp , h . củ chi",,,,,,,,,xã phước hiệp h củ chi,,,,xã phước hiệp h củ chi
4197,"an sương , p tân hưng thuận , quận 12",,,,,,,,,an sương p tân hưng thuận quận 12,,,,an sương p tân hưng thuận quận 12
4198,"đường dd 5 , phường tân hưng thuận , quận 12 , hồ chí minh",,,,,,,,,đường dd 5 phường tân hưng thuận 2,, Quận 1,Hồ Chí Minh,"đường dd 5 phường tân hưng thuận 2,  Quận 1, Hồ Chí Minh"
4199,khu omely đường huỳnh tấn phát,,,,,,,,,khu omely đường huỳnh tấn phát,,,,khu omely đường huỳnh tấn phát
4200,phân khu sapphire - goldmark city 136 hồ tùng mậu,,,,,,,,,phân khu sapphire goldmark city 136 hồ tùng mậu,,,,phân khu sapphire goldmark city 136 hồ tùng mậu
4201,him lam chợ lớn,,,,,,,,,him lam chợ lớn,,,,him lam chợ lớn
4202,căn c1 - 06.01,,,,,,,,,căn c1 06 01,,,,căn c1 06 01
4203,khu đô thị đền lừ,,,,,,,,,khu đô thị đền lừ,,,,khu đô thị đền lừ
4204,đường bùi kỷ,,,,,,,,,đường bùi kỷ,,,,đường bùi kỷ
4205,mizuki park tòa mp2,,,,,,,,,mizuki park tòa mp2,,,,mizuki park tòa mp2
4206,richstar novaland,,,,,,,,,richstar novaland,,,,richstar novaland
4207,mặt ngõ phố xã đàn,,,,,,,,,mặt ngõ phố xã đàn,,,,mặt ngõ phố xã đàn
4208,phố xã đàn,,,,,,,,,phố xã đàn,,,,phố xã đàn
4209,"mặt tiền đường 81 ( trường chinh ) , phú mỹ , bà rịa",,,,,,,,,mặt tiền đường 81 trường chinh phú mỹ bà rịa,,,,mặt tiền đường 81 trường chinh phú mỹ bà rịa
4210,khu phân lô tổng cục du lịch cuối,,,,,,,,,khu phân lô tổng cục du lịch cuối,,,,khu phân lô tổng cục du lịch cuối
4211,"phố lạc trung , minh khai",,,,,,,,,phố lạc trung minh khai,,,,phố lạc trung minh khai
4212,khu phân lô,,,,,,,,,khu phân lô,,,,khu phân lô
4213,"ngõ 651 minh khai , ngõ thông 325 kim ngưu và 184 đê trần khát chân",,,,,,,,,ngõ 651 minh khai ngõ thông 325 kim ngưu và 184 đê trần khát chân,,,,ngõ 651 minh khai ngõ thông 325 kim ngưu và 184 đê trần khát chân
4214,"thôn hà già , xã vạn hưng , vạn ninh",,,,,,,,,thôn hà già xã vạn hưng vạn ninh,,,,thôn hà già xã vạn hưng vạn ninh
4215,thôn hà già . xuân tự . xuân vinh xã vạn hưng huyện vạn ninh khánh hòa,,,,,,,,,thôn hà già xuân tự xuân vinh,Xã Vạn Hưng,Huyện Vạn Ninh,Khánh Hòa,"thôn hà già xuân tự xuân vinh, Xã Vạn Hưng, Huyện Vạn Ninh, Khánh Hòa"
4216,"kdc nam long , lô a21",,,,,,,,,kdc nam long lô a21,,,,kdc nam long lô a21
4217,"635d đỗ xuân hợp , p . phước long b , q9",,,,,,,,,635d đỗ xuân hợp p phước long b q9,,,,635d đỗ xuân hợp p phước long b q9
4218,"tp . biên hòa , đồng nai",,,,,,,,,tp biên hòa,,,Đồng Nai,"tp biên hòa, Đồng Nai"
4219,"số 182 / 67 bạch đằng , p24 , q . bình thạnh",,,,,,,,,số 182 67 bạch đằng p24 q bình thạnh,,,,số 182 67 bạch đằng p24 q bình thạnh
4220,"võ đình , quận 12",,,,,,,,,võ đình quận 12,,,,võ đình quận 12
4221,dự án mandarin garden cầu giấy,,,,,,,,,dự án mandarin garden cầu giấy,,,,dự án mandarin garden cầu giấy
4222,topaz elite quận 8,,,,,,,,,topaz elite quận 8,,,,topaz elite quận 8
4223,"mặt phố hoàng ngân , trung hòa , cầu giấy",,,,,,,,,mặt phố hoàng ngân trung hòa cầu giấy,,,,mặt phố hoàng ngân trung hòa cầu giấy
4224,mặt . tiền bình giã,,,,,,,,,mặt tiền bình giã,,,,mặt tiền bình giã
4225,"bình giã , phường 8 , thành phố vũng tàu",,,,,,,,,bình giã phường 8 thành phố vũng tàu,,,,bình giã phường 8 thành phố vũng tàu
4226,"s3010616 , tháp s03",,,,,,,,,s3010616 tháp s03,,,,s3010616 tháp s03
4227,đường mai văn ngọc,,,,,,,,,đường mai văn ngọc,,,,đường mai văn ngọc
4228,bê tông ô tô bình kỳ,,,,,,,,,bê tông ô tô bình kỳ,,,,bê tông ô tô bình kỳ
4229,"kdc nam long , quận 9 , đường đỗ xuân hợp - đường liên phường",,,,,,,,,kdc nam long quận 9 đường đỗ xuân hợp đường liên phường,,,,kdc nam long quận 9 đường đỗ xuân hợp đường liên phường
4230,"xã tà nung , thành phố đà lạt",,,,,,,,,xã tà nung thành phố đà lạt,,,,xã tà nung thành phố đà lạt
4231,"cẩm thanh , hội an",,,,,,,,,cẩm thanh hội an,,,,cẩm thanh hội an
4232,"thọ an , đan phượng",,,,,,,,,thọ an đan phượng,,,,thọ an đan phượng
4233,"lê văn sỹ , phường 12 , quận 3",,,,,,,,,lê văn sỹ phường 12 quận 3,,,,lê văn sỹ phường 12 quận 3
4234,"thôn tiến hiệp , xã tiến lợi , tp . phan thiết , tỉnh bình thuận",,,,,,,,,thôn tiến hiệp xã tiến lợi tp phan thiết tỉnh,,,Bình Thuận  ,"thôn tiến hiệp xã tiến lợi tp phan thiết tỉnh, Bình Thuận  "
4235,the ever rich infinity - 290 an dương vương p4 q5,,,,,,,,,the ever rich infinity 290 an dương vương p4 q5,,,,the ever rich infinity 290 an dương vương p4 q5
4236,chung cư mandarin garden của tập đoàn hòa phát,,,,,,,,,chung cư mandarin garden của tập đoàn hòa phát,,,,chung cư mandarin garden của tập đoàn hòa phát
4237,"ngách 33 / 15a , đường cát linh , phường cát linh , quận đống đa , thành phố hà nội",,,,,,,,,ngách 33 15a đường cát linh phường cát linh quận đống đa thành phố hà nội,,,,ngách 33 15a đường cát linh phường cát linh quận đống đa thành phố hà nội
4238,bcons miền đông,,,,,,,,,bcons miền đông,,,,bcons miền đông
4239,"hẻm 170 bùi đình túy , p12 , bình thạnh",,,,,,,,,hẻm 170 bùi đình túy p12 bình thạnh,,,,hẻm 170 bùi đình túy p12 bình thạnh
4240,dự án epics home 43 phạm văn đồng,,,,,,,,,dự án epics home 43 phạm văn đồng,,,,dự án epics home 43 phạm văn đồng
4241,diamond anata,,,,,,,,,diamond anata,,,,diamond anata
4242,"tổ 13,14 phú lương",,,,,,,,,tổ 13 14 phú lương,,,,tổ 13 14 phú lương
4243,đất chánh mỹ,,,,,,,,,đất chánh mỹ,,,,đất chánh mỹ
4244,chung cư sun square 21 lê đức thọ,,,,,,,,,chung cư sun square 21 lê đức thọ,,,,chung cư sun square 21 lê đức thọ
4245,"đường 48 , hiệp bình chánh , thủ đức",,,,,,,,,đường 48 hiệp bình chánh thủ đức,,,,đường 48 hiệp bình chánh thủ đức
4246,"số 57 nghách 349 / 70 phố minh khai , phường vĩnh tuy , quận hai bà trưng",,,,,,,,,số 57 nghách 349 70 phố minh khai phường vĩnh tuy quận hai bà trưng,,,,số 57 nghách 349 70 phố minh khai phường vĩnh tuy quận hai bà trưng
4247,hồ tràm - xuyên mộc,,,,,,,,,hồ tràm xuyên mộc,,,,hồ tràm xuyên mộc
4248,"tổ 2 , thị trấn đông anh , hà nội",,,,,,,,,tổ 2 thị trấn đông anh hà nội,,,,tổ 2 thị trấn đông anh hà nội
4249,thị trấn đông anh,,,,,,,,,thị trấn đông anh,,,,thị trấn đông anh
4250,"1772 nguyễn ái quốc , kp 6 , p . trung dũng",,,,,,,,,1772 nguyễn ái quốc kp 6 p trung dũng,,,,1772 nguyễn ái quốc kp 6 p trung dũng
4251,mặt tiền đường cửu long,,,,,,,,,mặt tiền đường cửu long,,,,mặt tiền đường cửu long
4252,"kênh cầu đồng than , giam phạm , yên mỹ",,,,,,,,,kênh cầu đồng than giam phạm yên mỹ,,,,kênh cầu đồng than giam phạm yên mỹ
4253,"tòa r3 , căn 07",,,,,,,,,tòa r3 căn 07,,,,tòa r3 căn 07
4254,sunshine riverside,,,,,,,,,sunshine riverside,,,,sunshine riverside
4255,dự án sunshine river,,,,,,,,,dự án sunshine river,,,,dự án sunshine river
4256,"47 / 2 đường số 3 , quận 2",,,,,,,,,47 2 đường số 3 quận 2,,,,47 2 đường số 3 quận 2
4257,"mb 168 quốc lộ 510 , xã hoằng tiến , huyện hoằng hóa , tỉnh thanh hóa",,,,,,,,,mb 168 quốc lộ 510   tỉnh,Xã Hoằng Tiến,Huyện Hoằng Hóa,Thanh Hóa,"mb 168 quốc lộ 510   tỉnh, Xã Hoằng Tiến, Huyện Hoằng Hóa, Thanh Hóa"
4258,khu vườn lan trần thiện chánh - sư vạn hạnh,,,,,,,,,khu vườn lan trần thiện chánh sư vạn hạnh,,,,khu vườn lan trần thiện chánh sư vạn hạnh
4259,số 14 ngõ 4 phương mai,,,,,,,,,số 14 ngõ 4 phương mai,,,,số 14 ngõ 4 phương mai
4260,"ngay ngã tư đường phạm văn đồng và quốc lộ 13 , phường hiệp bình chánh , quận thủ đức",,,,,,,,,ngay ngã tư đường phạm văn đồng và quốc lộ 13 phường hiệp bình chánh quận thủ đức,,,,ngay ngã tư đường phạm văn đồng và quốc lộ 13 phường hiệp bình chánh quận thủ đức
4261,huyện lạc dương,,,,,,,,,huyện lạc dương,,,,huyện lạc dương
4262,"ngõ 195 đường võ nguyên giáp , thị trấn lương sơn , huyện lương sơn",,,,,,,,,ngõ 195 đường võ nguyên giáp thị trấn lương sơn huyện lương sơn,,,,ngõ 195 đường võ nguyên giáp thị trấn lương sơn huyện lương sơn
4263,"151 / 53 liên khu 4 - 5 , phường bình hưng hòa b , bình tân",,,,,,,,,151 53 liên khu 4 5 phường bình hưng hòa b bình tân,,,,151 53 liên khu 4 5 phường bình hưng hòa b bình tân
4264,"xã bình an , long thành , đồng nai",,,,,,,,,xã bình an long thành,,,Đồng Nai,"xã bình an long thành, Đồng Nai"
4265,đường 5b ngay khu tên lửa bình tân,,,,,,,,,đường 5b ngay khu tên lửa bình tân,,,,đường 5b ngay khu tên lửa bình tân
4266,nằm ngay tỉnh lộ 44,,,,,,,,,nằm ngay tỉnh lộ 44,,,,nằm ngay tỉnh lộ 44
4267,"trần tấn , p . tân sơn nhì",,,,,,,,,trần tấn p tân sơn nhì,,,,trần tấn p tân sơn nhì
4268,"mường thanh sơn trà , mỹ an , đà nẵng",,,,,,,,,mường thanh sơn trà mỹ an,,,Đà Nẵng,"mường thanh sơn trà mỹ an, Đà Nẵng"
4269,"khu trung tâm thương mại phức hợp cần thơ center , hưng phú , cái răng , cần thơ ( kdc hưng phú )",,,,,,,,,khu trung tâm thương mại phức hợp  center hưng phú cái răng  kdc hưng phú,,,Cần Thơ,"khu trung tâm thương mại phức hợp  center hưng phú cái răng  kdc hưng phú, Cần Thơ"
4270,e19,,,,,,,,,e19,,,,e19
4271,đường 420,,,,,,,,,đường 420,,,,đường 420
4272,"số 7 , tổ 22 , khu trung yên 6 , phường yên hòa , quận cầu giấy , hn",,,,,,,,,số 7 tổ 22 khu trung yên 6 phường yên hòa quận cầu giấy hn,,,,số 7 tổ 22 khu trung yên 6 phường yên hòa quận cầu giấy hn
4273,"mặt tiền đường phú hiệp , xã phú mỹ hưng , huyện củ chi",,,,,,,,,mặt tiền đường phú hiệp xã phú mỹ hưng huyện củ chi,,,,mặt tiền đường phú hiệp xã phú mỹ hưng huyện củ chi
4274,chung cư rivera park đường thành thái,,,,,,,,,chung cư rivera park đường thành thái,,,,chung cư rivera park đường thành thái
4275,"1271 phan văn trị , phường 10 , quận gò vấp",,,,,,,,,1271 phan văn trị phường 10 quận gò vấp,,,,1271 phan văn trị phường 10 quận gò vấp
4276,"lý nhật quang , phường nại hiên đông , quận sơn trà",,,,,,,,,lý nhật quang phường nại hiên đông quận sơn trà,,,,lý nhật quang phường nại hiên đông quận sơn trà
4277,"dự án tây hòa , trảng bom , đồng nai",,,,,,,,,dự án tây hòa trảng bom,,,Đồng Nai,"dự án tây hòa trảng bom, Đồng Nai"
4278,phường ngọc thụy - long biên,,,,,,,,,phường ngọc thụy long biên,,,,phường ngọc thụy long biên
4279,"song hành cao tốc , phường an phú , quận 2",,,,,,,,,song hành cao tốc phường an phú quận 2,,,,song hành cao tốc phường an phú quận 2
4280,bt an khang villa - khu đt dương nội - tập đoàn nam cường,,,,,,,,,bt an khang villa khu đt dương nội tập đoàn nam cường,,,,bt an khang villa khu đt dương nội tập đoàn nam cường
4281,"số 8c ngõ 66 / 16 / 22 ngọc thụy , long biên , hn",,,,,,,,,số 8c ngõ 66 16 22 ngọc thụy long biên hn,,,,số 8c ngõ 66 16 22 ngọc thụy long biên hn
4282,số 11 dv 4 đường văn phú,,,,,,,,,số 11 dv 4 đường văn phú,,,,số 11 dv 4 đường văn phú
4283,bình thạnh 49 / 22 nguyễn hữu cảnh - phường 22,,,,,,,,,bình thạnh 49 22 nguyễn hữu cảnh phường 22,,,,bình thạnh 49 22 nguyễn hữu cảnh phường 22
4284,"mặt đường võ chí công , xuân la , tây hồ",,,,,,,,,mặt đường võ chí công xuân la tây hồ,,,,mặt đường võ chí công xuân la tây hồ
4285,cao ốc đặng văn ngữ,,,,,,,,,cao ốc đặng văn ngữ,,,,cao ốc đặng văn ngữ
4286,"232 quốc lộ 13 , p . 26 , q . bình thạnh",,,,,,,,,232 quốc lộ 13 p 26 q bình thạnh,,,,232 quốc lộ 13 p 26 q bình thạnh
4287,"khu hoa lan , vinhomes riverside",,,,,,,,,khu hoa lan vinhomes riverside,,,,khu hoa lan vinhomes riverside
4288,ngõ 106 hoàng quốc việt,,,,,,,,,ngõ 106 hoàng quốc việt,,,,ngõ 106 hoàng quốc việt
4289,sky garden phú mỹ hưng quận 7,,,,,,,,,sky garden phú mỹ hưng quận 7,,,,sky garden phú mỹ hưng quận 7
4290,"ngõ 144 an dương vương , trung tâm bến bạc , phú thượng , tây hồ , hà nội",,,,,,,,,ngõ 144 an dương vương trung tâm bến bạc phú thượng tây hồ hà nội,,,,ngõ 144 an dương vương trung tâm bến bạc phú thượng tây hồ hà nội
4291,khu nam long trần trọng cung q7,,,,,,,,,khu nam long trần trọng cung q7,,,,khu nam long trần trọng cung q7
4292,mặt đường chính đồng chằm - đông xuân - quốc oai,,,,,,,,,mặt đường chính đồng chằm đông xuân quốc oai,,,,mặt đường chính đồng chằm đông xuân quốc oai
4293,chung cư quốc tế booyoung mỗ lao - hà đông,,,,,,,,,chung cư quốc tế booyoung mỗ lao hà đông,,,,chung cư quốc tế booyoung mỗ lao hà đông
4294,"the ever rich infinity . 290 an dương vương , p4 , q5",,,,,,,,,the ever rich infinity 290 an dương vương p4 q5,,,,the ever rich infinity 290 an dương vương p4 q5
4295,the everrich infinity,,,,,,,,,the everrich infinity,,,,the everrich infinity
4296,"kingston residence : 223 hoàng văn thụ , phường 8 , quận phú nhuận , tp . hcm",,,,,,,,,kingston residence 223 hoàng văn thụ phường 8 quận phú nhuận tp hcm,,,,kingston residence 223 hoàng văn thụ phường 8 quận phú nhuận tp hcm
4297,"vinhomes gardenia cao cấp full nội thất đường hàm nghi , quận nam từ liêm , hà nội",,,,,,,,,vinhomes gardenia cao cấp full nội thất đường hàm nghi quận nam từ liêm hà nội,,,,vinhomes gardenia cao cấp full nội thất đường hàm nghi quận nam từ liêm hà nội
4298,lovera - khang điền bình chánh,,,,,,,,,lovera khang điền bình chánh,,,,lovera khang điền bình chánh
4299,căn e - 09.11,,,,,,,,,căn e 09 11,,,,căn e 09 11
4300,phú cát hòa lạc quốc oai hà nội,,,,,,,,,phú cát hòa lạc quốc oai hà nội,,,,phú cát hòa lạc quốc oai hà nội
4301,"chung cư richstar - novaland , 278 hòa bình , phường hiệp tân , quận tân phú",,,,,,,,,chung cư richstar novaland 278  phường hiệp tân quận tân phú,,,Hòa Bình,"chung cư richstar novaland 278  phường hiệp tân quận tân phú, Hòa Bình"
4302,"thôn bình nông , xã xuân lâm , thị xã sông cầu , phú yên giá",,,,,,,,,thôn bình nông    giá,Xã Xuân Lâm,Thị xã Sông Cầu,Phú Yên,"thôn bình nông    giá, Xã Xuân Lâm, Thị xã Sông Cầu, Phú Yên"
4303,"mặt tiền đường võ chí công , phường phú hữu , quận 9",,,,,,,,,mặt tiền đường võ chí công phường phú hữu quận 9,,,,mặt tiền đường võ chí công phường phú hữu quận 9
4304,"xã tân phú trung , h . củ chi",,,,,,,,,xã tân phú trung h củ chi,,,,xã tân phú trung h củ chi
4305,423 / 15 âu cơ,,,,,,,,,423 15 âu cơ,,,,423 15 âu cơ
4306,"tôn thất thuyết , quận 4",,,,,,,,,tôn thất thuyết quận 4,,,,tôn thất thuyết quận 4
4307,trung tâm phường 2,,,,,,,,,trung tâm phường 2,,,,trung tâm phường 2
4308,trung tâm phuong 2,,,,,,,,,trung tâm phuong 2,,,,trung tâm phuong 2
4309,"thôn đồng bồ , đông xuân , quốc oai , hà nội",,,,,,,,,thôn đồng bồ đông xuân quốc oai hà nội,,,,thôn đồng bồ đông xuân quốc oai hà nội
4310,"chung cư thống nhất complex , 82 nguyễn tuân , thanh xuân",,,,,,,,,chung cư thống nhất complex 82 nguyễn tuân thanh xuân,,,,chung cư thống nhất complex 82 nguyễn tuân thanh xuân
4311,trần não quận 2,,,,,,,,,trần não quận 2,,,,trần não quận 2
4312,"asiana capella , quận 6",,,,,,,,,asiana capella quận 6,,,,asiana capella quận 6
4313,căn 07.07,,,,,,,,,căn 07 07,,,,căn 07 07
4314,dự án nhs phương canh,,,,,,,,,dự án nhs phương canh,,,,dự án nhs phương canh
4315,xã tóc tiên,,,,,,,,,xã tóc tiên,,,,xã tóc tiên
4316,tiểu khu ngọc trai,,,,,,,,,tiểu khu ngọc trai,,,,tiểu khu ngọc trai
4317,conic đình khiêm,,,,,,,,,conic đình khiêm,,,,conic đình khiêm
4318,mặt tiện nguyễn lương bằng,,,,,,,,,mặt tiện nguyễn lương bằng,,,,mặt tiện nguyễn lương bằng
4319,xã phú mãn - quốc oai - hà nội,,,,,,,,,xã phú mãn quốc oai hà nội,,,,xã phú mãn quốc oai hà nội
4320,"phường nguyễn trãi , q . hà đông",,,,,,,,,phường nguyễn trãi q hà đông,,,,phường nguyễn trãi q hà đông
4321,dự an nhs phương canh,,,,,,,,,dự an nhs phương canh,,,,dự an nhs phương canh
4322,"nguyễn thị rành , nhuận đức , củ chi",,,,,,,,,nguyễn thị rành nhuận đức củ chi,,,,nguyễn thị rành nhuận đức củ chi
4323,dream home luxury,,,,,,,,,dream home luxury,,,,dream home luxury
4324,"feliz en vista , duplex",,,,,,,,,feliz en vista duplex,,,,feliz en vista duplex
4325,"chung cư 2908 icid complex , dương nội , hà đông",,,,,,,,,chung cư 2908 icid complex dương nội hà đông,,,,chung cư 2908 icid complex dương nội hà đông
4326,đường lê trọng tấn,,,,,,,,,đường lê trọng tấn,,,,đường lê trọng tấn
4327,mỹ phước,,,,,,,,,mỹ phước,,,,mỹ phước
4328,"khu vực bình chuẩn , thuận an , bình dương",,,,,,,,,khu vực bình chuẩn thuận an,,,Bình Dương,"khu vực bình chuẩn thuận an, Bình Dương"
4329,an vượng villa dãy d03,,,,,,,,,an vượng villa dãy d03,,,,an vượng villa dãy d03
4330,khu an vượng villa,,,,,,,,,khu an vượng villa,,,,khu an vượng villa
4331,"xóm đồi , thôn độc lập , la phù",,,,,,,,,xóm đồi thôn độc lập la phù,,,,xóm đồi thôn độc lập la phù
4332,ngõ 2 nguyễn ngọc nại,,,,,,,,,ngõ 2 nguyễn ngọc nại,,,,ngõ 2 nguyễn ngọc nại
4333,"99 nguyễn thị thập , phường tân phú , quận 7",,,,,,,,,99 nguyễn thị thập phường tân phú quận 7,,,,99 nguyễn thị thập phường tân phú quận 7
4334,"khu phố 4 , phường chánh nghĩa , thủ dầu một , bình dương",,,,,,,,,khu phố 4 phường chánh nghĩa thủ dầu một,,,Bình Dương,"khu phố 4 phường chánh nghĩa thủ dầu một, Bình Dương"
4335,"chung cư nghĩa tân , cầu giấy , hà nội",,,,,,,,,chung cư nghĩa tân cầu giấy hà nội,,,,chung cư nghĩa tân cầu giấy hà nội
4336,"vương thừa vũ , thanh xuân , hn",,,,,,,,,vương thừa vũ thanh xuân hn,,,,vương thừa vũ thanh xuân hn
4337,dãy san hô - dự án vinhomes ocean park,,,,,,,,,dãy san hô dự án vinhomes ocean park,,,,dãy san hô dự án vinhomes ocean park
4338,"đường số 2 & 4 , phường hiệp bình phước - quận thủ đức",,,,,,,,,đường số 2 4 phường hiệp  quận thủ đức,,,Bình Phước,"đường số 2 4 phường hiệp  quận thủ đức, Bình Phước"
4339,chung cư mipec long biên,,,,,,,,,chung cư mipec long biên,,,,chung cư mipec long biên
4340,hẻm 114 / 21 đường số 18 khu phố 2 phường bình hưng hòa quận bình tân,,,,,,,,,hẻm 114 21 đường số 18 khu phố 2 phường bình hưng hòa quận bình tân,,,,hẻm 114 21 đường số 18 khu phố 2 phường bình hưng hòa quận bình tân
4341,thôn đồng trạng - xã cổ đông - sơn tây,,,,,,,,,thôn đồng trạng xã cổ đông sơn tây,,,,thôn đồng trạng xã cổ đông sơn tây
4342,goldmark city - 136 hồ tùng mậu,,,,,,,,,goldmark city 136 hồ tùng mậu,,,,goldmark city 136 hồ tùng mậu
4343,căn số 05 tòa ruby 1,,,,,,,,,căn số 05 tòa ruby 1,,,,căn số 05 tòa ruby 1
4344,"bùi cẩm hổ , công viên văn hóa đầm sen",,,,,,,,,bùi cẩm hổ công viên văn hóa đầm sen,,,,bùi cẩm hổ công viên văn hóa đầm sen
4345,thôn phú ngọc - xã cư yên - lương sơn - hb,,,,,,,,,thôn phú ngọc xã cư yên lương sơn hb,,,,thôn phú ngọc xã cư yên lương sơn hb
4346,trung tâm hành chính huyện đồng phú,,,,,,,,,trung tâm hành chính huyện đồng phú,,,,trung tâm hành chính huyện đồng phú
4347,khu linh sơn,,,,,,,,,khu linh sơn,,,,khu linh sơn
4348,khu tái định cư linh sơn,,,,,,,,,khu tái định cư linh sơn,,,,khu tái định cư linh sơn
4349,khu lê phong an phú 2,,,,,,,,,khu lê phong an phú 2,,,,khu lê phong an phú 2
4350,thuận an center point,,,,,,,,,thuận an center point,,,,thuận an center point
4351,lô a33,,,,,,,,,lô a33,,,,lô a33
4352,"ngõ 191 minh khai , quận hai bà trưng , hà nội",,,,,,,,,ngõ 191 minh khai quận hai bà trưng hà nội,,,,ngõ 191 minh khai quận hai bà trưng hà nội
4353,đường khuê mỹ đông 15,,,,,,,,,đường khuê mỹ đông 15,,,,đường khuê mỹ đông 15
4354,quận ngũ hành sơn ( nhà máy cao su đà nẵng ),,,,,,,,,nhà máy cao su,,Quận Ngũ Hành Sơn,Đà Nẵng,"nhà máy cao su, Quận Ngũ Hành Sơn, Đà Nẵng"
4355,xã bình khánh - huyện cần giờ,,,,,,,,,xã bình khánh huyện cần giờ,,,,xã bình khánh huyện cần giờ
4356,hoàng hữu nam,,,,,,,,,hoàng hữu nam,,,,hoàng hữu nam
4357,trung tâm quận 9,,,,,,,,,trung tâm quận 9,,,,trung tâm quận 9
4358,"phường tân phước khánh , tx tân uyên , bình dương",,,,,,,,,phường tân phước khánh tx tân uyên,,,Bình Dương,"phường tân phước khánh tx tân uyên, Bình Dương"
4359,"chợ đại phước , lốc lkp 1 , ô số 7 , đường n1 ( 13m ) xã đại phước , nhơn trạch , đồng nai",,,,,,,,,chợ đại phước lốc lkp 1 ô số 7 đường n1 13m xã đại phước nhơn trạch,,,Đồng Nai,"chợ đại phước lốc lkp 1 ô số 7 đường n1 13m xã đại phước nhơn trạch, Đồng Nai"
4360,"nguyễn xí , phường 26 , quận bình thạnh",,,,,,,,,nguyễn xí phường 26 quận bình thạnh,,,,nguyễn xí phường 26 quận bình thạnh
4361,tân xã thạch thất hà nội,,,,,,,,,tân xã thạch thất hà nội,,,,tân xã thạch thất hà nội
4362,"the pegasuite mặt tiền đường tạ quang bửu , phường 6 , quận 8",,,,,,,,,the pegasuite mặt tiền đường tạ quang bửu phường 6 quận 8,,,,the pegasuite mặt tiền đường tạ quang bửu phường 6 quận 8
4363,"tòa seine dự án the river thủ thiêm , khu 3.15 kđt thủ thiêm phường an khánh , quận 2",,,,,,,,,tòa seine dự án the river thủ thiêm khu 3 15 kđt thủ thiêm phường an khánh quận 2,,,,tòa seine dự án the river thủ thiêm khu 3 15 kđt thủ thiêm phường an khánh quận 2
4364,tòa seine dự án the river thủ thiêm,,,,,,,,,tòa seine dự án the river thủ thiêm,,,,tòa seine dự án the river thủ thiêm
4365,số 1a ngõ 2 hữu hòa thanh trì,,,,,,,,,số 1a ngõ 2 hữu hòa thanh trì,,,,số 1a ngõ 2 hữu hòa thanh trì
4366,"mặt tiền tỉnh lộ 15 , kcn tây bắc củ chi",,,,,,,,,mặt tiền tỉnh lộ 15 kcn tây bắc củ chi,,,,mặt tiền tỉnh lộ 15 kcn tây bắc củ chi
4367,ngõ 553 / 106 phố giải phóng,,,,,,,,,ngõ 553 106 phố giải phóng,,,,ngõ 553 106 phố giải phóng
4368,"riverside garden , 349 vũ tông phan",,,,,,,,,riverside garden 349 vũ tông phan,,,,riverside garden 349 vũ tông phan
4369,"349 vũ tông phan , thanh xuân , hn",,,,,,,,,349 vũ tông phan thanh xuân hn,,,,349 vũ tông phan thanh xuân hn
4370,sunrise city central,,,,,,,,,sunrise city central,,,,sunrise city central
4371,mặt tiền nguyễn văn linh thuộc thủ dầu một,,,,,,,,,mặt tiền nguyễn văn linh thuộc thủ dầu một,,,,mặt tiền nguyễn văn linh thuộc thủ dầu một
4372,"võ văn kiệt , phường an lạc , quận bình tân",,,,,,,,,võ văn kiệt phường an lạc quận bình tân,,,,võ văn kiệt phường an lạc quận bình tân
4373,đường võ chí công,,,,,,,,,đường võ chí công,,,,đường võ chí công
4374,đường đông thạnh - tân hiệp - hóc môn,,,,,,,,,đường đông thạnh tân hiệp hóc môn,,,,đường đông thạnh tân hiệp hóc môn
4375,ngay ngã tư đông thạnh - lê văn khương,,,,,,,,,ngay ngã tư đông thạnh lê văn khương,,,,ngay ngã tư đông thạnh lê văn khương
4376,"ngõ 53 quang tiến , đại mỗ , nam từ liêm , hà nội",,,,,,,,,ngõ 53 quang tiến đại mỗ nam từ liêm hà nội,,,,ngõ 53 quang tiến đại mỗ nam từ liêm hà nội
4377,quang tiến - đại mỗ,,,,,,,,,quang tiến đại mỗ,,,,quang tiến đại mỗ
4378,the phoenix garden,,,,,,,,,the phoenix garden,,,,the phoenix garden
4379,mặt đường tây thăng long,,,,,,,,,mặt đường tây thăng long,,,,mặt đường tây thăng long
4380,tt 28 số 17,,,,,,,,,tt 28 số 17,,,,tt 28 số 17
4381,"số 817 / 7 , đường nguyễn xiển khu phố long hòa , phường long thạch mỹ quận 9 , thành phố hồ chí minh",,,,,,,,,số 817 7 đường nguyễn xiển khu phố long hòa phường long thạch mỹ  thành phố,, Quận 9,Hồ Chí Minh,"số 817 7 đường nguyễn xiển khu phố long hòa phường long thạch mỹ  thành phố,  Quận 9, Hồ Chí Minh"
4382,khu paris - vinhomes imperia hải phòng,,,,,,,,,khu paris vinhomes imperia,,,Hải Phòng,"khu paris vinhomes imperia, Hải Phòng"
4383,"trường sa , xã long sơn , tp vũng tàu , tỉnh bà rịa vũng tàu",,,,,,,,,trường sa xã long sơn tp vũng tàu tỉnh,,,Bà Rịa Vũng Tàu,"trường sa xã long sơn tp vũng tàu tỉnh, Bà Rịa Vũng Tàu"
4384,"xã phước bình , huyện long thành",,,,,,,,,xã phước bình huyện long thành,,,,xã phước bình huyện long thành
4385,"phố huế , hai bà trưng",,,,,,,,,phố huế hai bà trưng,,,,phố huế hai bà trưng
4386,đối diện ngay kcn việt hàn rộng 70 ha,,,,,,,,,đối diện ngay kcn việt hàn rộng 70 ha,,,,đối diện ngay kcn việt hàn rộng 70 ha
4387,tòa s1 sunshine city ciputra,,,,,,,,,tòa s1 sunshine city ciputra,,,,tòa s1 sunshine city ciputra
4388,ngõ 71 đường hoàng mai,,,,,,,,,ngõ 71 đường hoàng mai,,,,ngõ 71 đường hoàng mai
4389,đường nguyễn hữu thọ,,,,,,,,,đường nguyễn hữu thọ,,,,đường nguyễn hữu thọ
4390,đường bùi hữu nghĩa tân hạnh,,,,,,,,,đường bùi hữu nghĩa tân hạnh,,,,đường bùi hữu nghĩa tân hạnh
4391,"lê quý đôn , p6 , q3",,,,,,,,,lê quý đôn p6 q3,,,,lê quý đôn p6 q3
4392,"241 xuân thủy , cầu giấy",,,,,,,,,241 xuân thủy cầu giấy,,,,241 xuân thủy cầu giấy
4393,ấp 4 xã đông thạnh,,,,,,,,,ấp 4 xã đông thạnh,,,,ấp 4 xã đông thạnh
4394,đường 6 làn nguyễn chí thanh,,,,,,,,,đường 6 làn nguyễn chí thanh,,,,đường 6 làn nguyễn chí thanh
4395,ch richmond city,,,,,,,,,ch richmond city,,,,ch richmond city
4396,"456a đường tân sơn nhì , p . tân sơn nhì , q . tân phú",,,,,,,,,456a đường tân sơn nhì p tân sơn nhì q tân phú,,,,456a đường tân sơn nhì p tân sơn nhì q tân phú
4397,"happy valley , pmh , quận 7 , tphcm",,,,,,,,,happy valley pmh quận 7 tphcm,,,,happy valley pmh quận 7 tphcm
4398,06 tòa w1,,,,,,,,,06 tòa w1,,,,06 tòa w1
4399,"ấp 8 xã nhựt chánh . bến lức , long an",,,,,,,,,ấp 8 xã nhựt chánh bến lức,,,Long An,"ấp 8 xã nhựt chánh bến lức, Long An"
4400,mặt bằng thương mại dưới các tòa căn hộ vinhomes,,,,,,,,,mặt bằng thương mại dưới các tòa căn hộ vinhomes,,,,mặt bằng thương mại dưới các tòa căn hộ vinhomes
4401,"thôn 4 , xã diên đồng , huyện diên khánh , tỉnh khánh hòa",,,,,,,,,thôn 4   tỉnh,Xã Diên Đồng,Huyện Diên Khánh,Khánh Hòa,"thôn 4   tỉnh, Xã Diên Đồng, Huyện Diên Khánh, Khánh Hòa"
4402,số 914 tờ bản đồ số 29 khu pheo - đẫy - ba da xã tân lập huyện đan phượng - hà nội,,,,,,,,,số 914 tờ bản đồ số 29 khu pheo đẫy ba da xã tân lập huyện đan phượng hà nội,,,,số 914 tờ bản đồ số 29 khu pheo đẫy ba da xã tân lập huyện đan phượng hà nội
4403,khu phương nam,,,,,,,,,khu phương nam,,,,khu phương nam
4404,mặt tiền đường phùng hưng nối,,,,,,,,,mặt tiền đường phùng hưng nối,,,,mặt tiền đường phùng hưng nối
4405,"nguyễn công trứ , phường nguyễn thái bình , quận 1",,,,,,,,,nguyễn công trứ phường nguyễn  quận 1,,,Thái Bình,"nguyễn công trứ phường nguyễn  quận 1, Thái Bình"
4406,"trung tâm phường nguyễn thái bình , quận 1",,,,,,,,,trung tâm phường nguyễn  quận 1,,,Thái Bình,"trung tâm phường nguyễn  quận 1, Thái Bình"
4407,tòa s2 - 03 tầng 11 p1117,,,,,,,,,tòa s2 03 tầng 11 p1117,,,,tòa s2 03 tầng 11 p1117
4408,tòa n03 - t2 khu ngoại giao đoàn phường xuân tảo - bắc từ liêm - hà nội,,,,,,,,,tòa n03 t2 khu ngoại giao đoàn phường xuân tảo bắc từ liêm hà nội,,,,tòa n03 t2 khu ngoại giao đoàn phường xuân tảo bắc từ liêm hà nội
4409,tòa n03 - t2,,,,,,,,,tòa n03 t2,,,,tòa n03 t2
4410,"đường đường phan huy ích , phường 12 , gò vấp",,,,,,,,,đường đường phan huy ích phường 12 gò vấp,,,,đường đường phan huy ích phường 12 gò vấp
4411,"chung cư cao cấp phú hoàng anh , đường nguyễn hữu thọ , phước kiển , nhà bè",,,,,,,,,chung cư cao cấp phú hoàng anh đường nguyễn hữu thọ phước kiển nhà bè,,,,chung cư cao cấp phú hoàng anh đường nguyễn hữu thọ phước kiển nhà bè
4412,"đường ngô tất tố , phường 19 , bình thạnh",,,,,,,,,đường ngô tất tố phường 19 bình thạnh,,,,đường ngô tất tố phường 19 bình thạnh
4413,"tờ 32 , thửa 217",,,,,,,,,tờ 32 thửa 217,,,,tờ 32 thửa 217
4414,mặt hồ đồng chanh,,,,,,,,,mặt hồ đồng chanh,,,,mặt hồ đồng chanh
4415,bảo lộc,,,,,,,,,bảo lộc,,,,bảo lộc
4416,viva park,,,,,,,,,viva park,,,,viva park
4417,"xã đồi 61 , khu thác giang điền , huyện trảng bom , tỉnh đồng nai",,,,,,,,,khu thác giang điền  tỉnh,Xã Đồi 61,Huyện Trảng Bom,Đồng Nai,"khu thác giang điền  tỉnh, Xã Đồi 61, Huyện Trảng Bom, Đồng Nai"
4418,xóm gò trạng . xã cư yên . huyện lượng sơn . tỉnh hòa bình,,,,,,,,,xóm gò trạng xã cư yên huyện lượng sơn tỉnh,,,Hòa Bình,"xóm gò trạng xã cư yên huyện lượng sơn tỉnh, Hòa Bình"
4419,"hẻm 49 / 23 / 9 đường bùi quang là , phường 12 , gò vấp , hồ chí minh",,,,,,,,,hẻm 49 23 9 đường bùi quang là phường 12 gò vấp,,,Hồ Chí Minh,"hẻm 49 23 9 đường bùi quang là phường 12 gò vấp, Hồ Chí Minh"
4420,"chân cầu phú xuân , nhà bè",,,,,,,,,chân cầu phú xuân nhà bè,,,,chân cầu phú xuân nhà bè
4421,"khu tulip 3 ở q . long biên , p . việt hưng , hà nội",,,,,,,,,khu tulip 3 ở q long biên p việt hưng hà nội,,,,khu tulip 3 ở q long biên p việt hưng hà nội
4422,"mặt tiền song hành , phường an phú , quận 2",,,,,,,,,mặt tiền song hành phường an phú quận 2,,,,mặt tiền song hành phường an phú quận 2
4423,"lô góc town 8 khai sơn city , ngọc thụy , quận long biên , hà nội",,,,,,,,,lô góc town 8 khai sơn city ngọc thụy quận long biên hà nội,,,,lô góc town 8 khai sơn city ngọc thụy quận long biên hà nội
4424,đường 40m phường thượng thanh,,,,,,,,,đường 40m phường thượng thanh,,,,đường 40m phường thượng thanh
4425,mặt tiền đường hách dịch - tóc tiên,,,,,,,,,mặt tiền đường hách dịch tóc tiên,,,,mặt tiền đường hách dịch tóc tiên
4426,"xã tóc tiên , huyện tân thành , bà rịa vũng tàu",,,,,,,,,xã tóc tiên huyện tân thành,,,Bà Rịa Vũng Tàu,"xã tóc tiên huyện tân thành, Bà Rịa Vũng Tàu"
4427,hẻm nguyễn văn quá,,,,,,,,,hẻm nguyễn văn quá,,,,hẻm nguyễn văn quá
4428,khu him lam q7,,,,,,,,,khu him lam q7,,,,khu him lam q7
4429,mặt phố nguyễn xiển,,,,,,,,,mặt phố nguyễn xiển,,,,mặt phố nguyễn xiển
4430,"long phước . dự án phúc thịnh , p . long phước , quận 9 , tp . hcm",,,,,,,,,long phước dự án phúc thịnh p long phước quận 9 tp hcm,,,,long phước dự án phúc thịnh p long phước quận 9 tp hcm
4431,mặt tiền long phước,,,,,,,,,mặt tiền long phước,,,,mặt tiền long phước
4432,"cầu móng an thạnh , thuận an , bd",,,,,,,,,cầu móng an thạnh thuận an bd,,,,cầu móng an thạnh thuận an bd
4433,"xã đại phước nhơn trạch , đồng nai",,,,,,,,,xã đại phước nhơn trạch,,,Đồng Nai,"xã đại phước nhơn trạch, Đồng Nai"
4434,tân phú trung,,,,,,,,,tân phú trung,,,,tân phú trung
4435,"121 / 25 tmt 13 , tổ 24 , kp 2 , p . trung mỹ tây , q . 12",,,,,,,,,121 25 tmt 13 tổ 24 kp 2 p trung mỹ tây q 12,,,,121 25 tmt 13 tổ 24 kp 2 p trung mỹ tây q 12
4436,"ngõ 145 quan nhân , thanh xuân",,,,,,,,,ngõ 145 quan nhân thanh xuân,,,,ngõ 145 quan nhân thanh xuân
4437,"ngõ 20 cự lọc , 109 quan nhân",,,,,,,,,ngõ 20 cự lọc 109 quan nhân,,,,ngõ 20 cự lọc 109 quan nhân
4438,"54 / 19 đào duy anh , p . 9 , phú nhuận",,,,,,,,,54 19 đào duy anh p 9 phú nhuận,,,,54 19 đào duy anh p 9 phú nhuận
4439,"tp thuận an , bình dương",,,,,,,,,tp thuận an,,,Bình Dương,"tp thuận an, Bình Dương"
4440,thành phố thuận an,,,,,,,,,thành phố thuận an,,,,thành phố thuận an
4441,phường phú lương,,,,,,,,,phường phú lương,,,,phường phú lương
4442,khu đô thị rose town 79 ngọc hồi,,,,,,,,,khu đô thị rose town 79 ngọc hồi,,,,khu đô thị rose town 79 ngọc hồi
4443,chung cư rose town,,,,,,,,,chung cư rose town,,,,chung cư rose town
4444,ngõ 43 số nhà 5 dương văn bé,,,,,,,,,ngõ 43 số nhà 5 dương văn bé,,,,ngõ 43 số nhà 5 dương văn bé
4445,"bưng ông thoàn , phường phú hữu , q9",,,,,,,,,bưng ông thoàn phường phú hữu q9,,,,bưng ông thoàn phường phú hữu q9
4446,khu dân cư sadeco,,,,,,,,,khu dân cư sadeco,,,,khu dân cư sadeco
4447,"kdc sadeco phước kiển , nhà bè",,,,,,,,,kdc sadeco phước kiển nhà bè,,,,kdc sadeco phước kiển nhà bè
4448,"ngụy như kon tum , quận thanh xuân",,,,,,,,,ngụy như  quận thanh xuân,,,Kon Tum,"ngụy như  quận thanh xuân, Kon Tum"
4449,t4 . bxx . 07,,,,,,,,,t4 bxx 07,,,,t4 bxx 07
4450,"ngõ 20 cự lộc , thanh xuân",,,,,,,,,ngõ 20 cự lộc thanh xuân,,,,ngõ 20 cự lộc thanh xuân
4451,"kim sơn , sơn tây , hà nội",,,,,,,,,kim sơn sơn tây hà nội,,,,kim sơn sơn tây hà nội
4452,khu tên lửa,,,,,,,,,khu tên lửa,,,,khu tên lửa
4453,"21 đường 17c , phường bình trị đông b , q . bình tân",,,,,,,,,21 đường 17c phường bình trị đông b q bình tân,,,,21 đường 17c phường bình trị đông b q bình tân
4454,"số 35 ngõ 20 cự lộc , thanh xuân , hà nội",,,,,,,,,số 35 ngõ 20 cự lộc thanh xuân hà nội,,,,số 35 ngõ 20 cự lộc thanh xuân hà nội
4455,"tân uyên , vĩnh tân , bình dương",,,,,,,,,tân uyên vĩnh tân,,,Bình Dương,"tân uyên vĩnh tân, Bình Dương"
4456,saint simeon,,,,,,,,,saint simeon,,,,saint simeon
4457,"xã phước tỉnh , huyện long điền , bà rịa vũng tàu",,,,,,,,,,Xã Phước Tỉnh,Huyện Long Điền,Bà Rịa Vũng Tàu,"Xã Phước Tỉnh, Huyện Long Điền, Bà Rịa Vũng Tàu"
4458,khu đô thị ciputra tây hồ - hà nội,,,,,,,,,khu đô thị ciputra tây hồ hà nội,,,,khu đô thị ciputra tây hồ hà nội
4459,"eco green , quận 7",,,,,,,,,eco green quận 7,,,,eco green quận 7
4460,phú mỹ hưng q7,,,,,,,,,phú mỹ hưng q7,,,,phú mỹ hưng q7
4461,đường lương đình của phường bình an quận 2 tp hồ chí minh,,,,,,,,,đường lương đình của   tp,Phường Bình An, Quận 2,Hồ Chí Minh,"đường lương đình của   tp, Phường Bình An,  Quận 2, Hồ Chí Minh"
4462,phan đình phùng - phường 2 - thành phố bảo lộc,,,,,,,,,phan đình phùng phường 2 thành phố bảo lộc,,,,phan đình phùng phường 2 thành phố bảo lộc
4463,trung tâm thành phố bảo lộc,,,,,,,,,trung tâm thành phố bảo lộc,,,,trung tâm thành phố bảo lộc
4464,tl 31,,,,,,,,,tl 31,,,,tl 31
4465,"số 101 đường láng , quận đống đa",,,,,,,,,số 101 đường láng quận đống đa,,,,số 101 đường láng quận đống đa
4466,"đường hoàng hữu nam , phường long thạnh mỹ , quận 9",,,,,,,,,đường hoàng hữu nam phường long thạnh mỹ quận 9,,,,đường hoàng hữu nam phường long thạnh mỹ quận 9
4467,nguyễn khoa đăng q2,,,,,,,,,nguyễn khoa đăng q2,,,,nguyễn khoa đăng q2
4468,city garden q . bình thạnh,,,,,,,,,city garden q bình thạnh,,,,city garden q bình thạnh
4469,"quận gò vấp , tp . hồ chí minh",,,,,,,,,tp,,Quận Gò Vấp,Hồ Chí Minh,"tp, Quận Gò Vấp, Hồ Chí Minh"
4470,mặt ngõ phố tân mai,,,,,,,,,mặt ngõ phố tân mai,,,,mặt ngõ phố tân mai
4471,sunrise city khu south,,,,,,,,,sunrise city khu south,,,,sunrise city khu south
4472,"số 8 lê đức thọ , mỹ đình , nam từ liêm , hà nội",,,,,,,,,số 8 lê đức thọ mỹ đình nam từ liêm hà nội,,,,số 8 lê đức thọ mỹ đình nam từ liêm hà nội
4473,celadon emerald duplex hoa hậu,,,,,,,,,celadon emerald duplex hoa hậu,,,,celadon emerald duplex hoa hậu
4474,n7 - 01 kdc river side đường huỳnh tấn phát . thành phố hồ chí minh,,,,,,,,,n7 01 kdc river side đường huỳnh tấn phát thành phố,,,Hồ Chí Minh,"n7 01 kdc river side đường huỳnh tấn phát thành phố, Hồ Chí Minh"
4475,"minh khai - la phù , hoài đức , hà nội",,,,,,,,,minh khai la phù hoài đức hà nội,,,,minh khai la phù hoài đức hà nội
4476,long biên,,,,,,,,,long biên,,,,long biên
4477,sài gòn avenue,,,,,,,,,sài gòn avenue,,,,sài gòn avenue
4478,tòa a6,,,,,,,,,tòa a6,,,,tòa a6
4479,"mặt tiền kinh doanh phan chu trinh , phường tân thành , quận tân phú",,,,,,,,,mặt tiền kinh doanh phan chu trinh phường tân thành quận tân phú,,,,mặt tiền kinh doanh phan chu trinh phường tân thành quận tân phú
4480,hồ đá bàng bà rịa vũng tàu,,,,,,,,,hồ đá bàng,,,Bà Rịa Vũng Tàu,"hồ đá bàng, Bà Rịa Vũng Tàu"
4481,"núi sà pung , bảo lộc",,,,,,,,,núi sà pung bảo lộc,,,,núi sà pung bảo lộc
4482,"núi sà pung , núi đại bình",,,,,,,,,núi sà pung núi đại bình,,,,núi sà pung núi đại bình
4483,"ngõ 61 lạc trung , vĩnh tuy , hai bà trưng",,,,,,,,,ngõ 61 lạc trung vĩnh tuy hai bà trưng,,,,ngõ 61 lạc trung vĩnh tuy hai bà trưng
4484,ngõ 61 lạc trung,,,,,,,,,ngõ 61 lạc trung,,,,ngõ 61 lạc trung
4485,mặt đường quang trung hà đông,,,,,,,,,mặt đường quang trung hà đông,,,,mặt đường quang trung hà đông
4486,"bình chánh , tphcm",,,,,,,,,bình chánh tphcm,,,,bình chánh tphcm
4487,"mặt tiền sông thích thiện hòa , xã lê minh xuân , bình chánh",,,,,,,,,mặt tiền sông thích thiện hòa xã lê minh xuân bình chánh,,,,mặt tiền sông thích thiện hòa xã lê minh xuân bình chánh
4488,khu biệt thự verosa park của khang điền,,,,,,,,,khu biệt thự verosa park của khang điền,,,,khu biệt thự verosa park của khang điền
4489,bình chuẩn 12 - thuận an - bình dương,,,,,,,,,bình chuẩn 12 thuận an,,,Bình Dương,"bình chuẩn 12 thuận an, Bình Dương"
4490,"chung cư cao cấp pacific place phường trần hưng đạo , quận hoàn kiếm , hà nội",,,,,,,,,chung cư cao cấp pacific place phường trần hưng đạo quận hoàn kiếm hà nội,,,,chung cư cao cấp pacific place phường trần hưng đạo quận hoàn kiếm hà nội
4491,"mặt tiền đường đào trí , phường phú thuận , quận 7 , tphcm",,,,,,,,,mặt tiền đường đào trí phường phú thuận quận 7 tphcm,,,,mặt tiền đường đào trí phường phú thuận quận 7 tphcm
4492,"kcn bình xuyên , vĩnh phúc",,,,,,,,,kcn bình xuyên,,,Vĩnh Phúc,"kcn bình xuyên, Vĩnh Phúc"
4493,"bh 9 sky center , 5b phổ quang , phường 2 , tân bình , hồ chí minh",,,,,,,,,bh 9 sky center 5b phổ quang phường 2 tân bình,,,Hồ Chí Minh,"bh 9 sky center 5b phổ quang phường 2 tân bình, Hồ Chí Minh"
4494,đường nguyễn thị thập,,,,,,,,,đường nguyễn thị thập,,,,đường nguyễn thị thập
4495,hoàng bật đạt p15 tb,,,,,,,,,hoàng bật đạt p15 tb,,,,hoàng bật đạt p15 tb
4496,phường 15 tân bình,,,,,,,,,phường 15 tân bình,,,,phường 15 tân bình
4497,nguyễn văn quá và tô ký q12,,,,,,,,,nguyễn văn quá và tô ký q12,,,,nguyễn văn quá và tô ký q12
4498,sao biển 10 thuộc dự án vinhomes ocean park,,,,,,,,,sao biển 10 thuộc dự án vinhomes ocean park,,,,sao biển 10 thuộc dự án vinhomes ocean park
4499,thuận an - bình dương,,,,,,,,,thuận an,,,Bình Dương,"thuận an, Bình Dương"
4500,thuận an - legacy central,,,,,,,,,thuận an legacy central,,,,thuận an legacy central
4501,"mặt tiền đường thuận giao 25 , p . thuận giao , tp . thuận an",,,,,,,,,mặt tiền đường thuận giao 25 p thuận giao tp thuận an,,,,mặt tiền đường thuận giao 25 p thuận giao tp thuận an
4502,giai việt,,,,,,,,,giai việt,,,,giai việt
4503,"856 tạ quang bửu , phường 5 , quận 8",,,,,,,,,856 tạ quang bửu phường 5 quận 8,,,,856 tạ quang bửu phường 5 quận 8
4504,hẻm 2 sẹc hòa bình - p . hiệp tân - q . tân phú,,,,,,,,,hẻm 2 sẹc  p hiệp tân q tân phú,,,Hòa Bình,"hẻm 2 sẹc  p hiệp tân q tân phú, Hòa Bình"
4505,đường nguyễn văn quá q12,,,,,,,,,đường nguyễn văn quá q12,,,,đường nguyễn văn quá q12
4506,"mặt tiền đường thạnh lộc 15 , p . an phú đông",,,,,,,,,mặt tiền đường thạnh lộc 15 p an phú đông,,,,mặt tiền đường thạnh lộc 15 p an phú đông
4507,"phố phùng chí kiên , quận cầu giấy , hà nội",,,,,,,,,phố phùng chí kiên quận cầu giấy hà nội,,,,phố phùng chí kiên quận cầu giấy hà nội
4508,"làng đại học thủ đức , hồ chí",,,,,,,,,làng đại học thủ đức hồ chí,,,,làng đại học thủ đức hồ chí
4509,hòa sơn - lương sơn - hòa bình,,,,,,,,,hòa sơn lương sơn,,,Hòa Bình,"hòa sơn lương sơn, Hòa Bình"
4510,tháp t3 estella heights,,,,,,,,,tháp t3 estella heights,,,,tháp t3 estella heights
4511,"đường nguyễn văn quá , q12",,,,,,,,,đường nguyễn văn quá q12,,,,đường nguyễn văn quá q12
4512,"chung cư phú mỹ view cầu phú mỹ , landmark 81 , bitexco",,,,,,,,,chung cư phú mỹ view cầu phú mỹ landmark 81 bitexco,,,,chung cư phú mỹ view cầu phú mỹ landmark 81 bitexco
4513,đất phước bình - long thành - đồng nai,,,,,,,,,đất phước bình long thành,,,Đồng Nai,"đất phước bình long thành, Đồng Nai"
4514,oriental plaza 685 âu cơ tân phú,,,,,,,,,oriental plaza 685 âu cơ tân phú,,,,oriental plaza 685 âu cơ tân phú
4515,cổng chính bệnh viện chợ rẫy 2,,,,,,,,,cổng chính bệnh viện chợ rẫy 2,,,,cổng chính bệnh viện chợ rẫy 2
4516,grand world phú quốc,,,,,,,,,grand world phú quốc,,,,grand world phú quốc
4517,"bãi dài , xã gành dầu , phú quốc , kiên giang",,,,,,,,,bãi dài xã gành dầu phú quốc,,,Kiên Giang,"bãi dài xã gành dầu phú quốc, Kiên Giang"
4518,dự án hòa lạc premier residence,,,,,,,,,dự án hòa lạc premier residence,,,,dự án hòa lạc premier residence
4519,"đường phan văn hớn , xuân thới thượng , hóc môn",,,,,,,,,đường phan văn hớn xuân thới thượng hóc môn,,,,đường phan văn hớn xuân thới thượng hóc môn
4520,"an vượng villa , khu đt dương nội , phường la khê , quận hà đông , hà nội",,,,,,,,,an vượng villa khu đt dương nội phường la khê quận hà đông hà nội,,,,an vượng villa khu đt dương nội phường la khê quận hà đông hà nội
4521,khu đt dương nội,,,,,,,,,khu đt dương nội,,,,khu đt dương nội
4522,mặt phố ngọc lâm,,,,,,,,,mặt phố ngọc lâm,,,,mặt phố ngọc lâm
4523,ngã tư đường linh tây và đường an bình khu phố bình đường 2,,,,,,,,,ngã tư đường linh tây và đường an bình khu phố bình đường 2,,,,ngã tư đường linh tây và đường an bình khu phố bình đường 2
4524,lạc long quân,,,,,,,,,lạc long quân,,,,lạc long quân
4525,"tô vĩnh diện , quận thanh xuân",,,,,,,,,tô vĩnh diện quận thanh xuân,,,,tô vĩnh diện quận thanh xuân
4526,mặt phố tô vĩnh diện,,,,,,,,,mặt phố tô vĩnh diện,,,,mặt phố tô vĩnh diện
4527,phường 9 gò vấp,,,,,,,,,phường 9 gò vấp,,,,phường 9 gò vấp
4528,"2 mặt tiền đường ngô văn sở , nha trang",,,,,,,,,2 mặt tiền đường ngô văn sở nha trang,,,,2 mặt tiền đường ngô văn sở nha trang
4529,"phường phương canh , quận nam từ liêm , tp hà nội",,,,,,,,,phường phương canh quận nam từ liêm tp hà nội,,,,phường phương canh quận nam từ liêm tp hà nội
4530,lô t5 - 15,,,,,,,,,lô t5 15,,,,lô t5 15
4531,"âu cơ , phường 10 . tân bình",,,,,,,,,âu cơ phường 10 tân bình,,,,âu cơ phường 10 tân bình
4532,"phố trung hòa , trần duy hưng",,,,,,,,,phố trung hòa trần duy hưng,,,,phố trung hòa trần duy hưng
4533,"dự án vĩnh long new town thuộc phường 5 , tp . vĩnh long",,,,,,,,,dự án  new town thuộc phường 5 tp,,,Vĩnh Long,"dự án  new town thuộc phường 5 tp, Vĩnh Long"
4534,ngã 5 đambri,,,,,,,,,ngã 5 đambri,,,,ngã 5 đambri
4535,ngõ phân lô phố đỗ quang,,,,,,,,,ngõ phân lô phố đỗ quang,,,,ngõ phân lô phố đỗ quang
4536,khu thượng hải ( shanghai ),,,,,,,,,khu thượng hải shanghai,,,,khu thượng hải shanghai
4537,"đập 3 , đinh trang hòa , di linh",,,,,,,,,đập 3 đinh trang hòa di linh,,,,đập 3 đinh trang hòa di linh
4538,sunrise của novaland,,,,,,,,,sunrise của novaland,,,,sunrise của novaland
4539,trung tâm quận 2,,,,,,,,,trung tâm quận 2,,,,trung tâm quận 2
4540,"centana thủ thiêm , đường mai chí thọ , an phú , quận 2 , tp . hcm",,,,,,,,,centana thủ thiêm đường mai chí thọ an phú quận 2 tp hcm,,,,centana thủ thiêm đường mai chí thọ an phú quận 2 tp hcm
4541,458 minh khai - hai bà trưng - hà nội,,,,,,,,,458 minh khai hai bà trưng hà nội,,,,458 minh khai hai bà trưng hà nội
4542,đường 9a nguyễn xiển giao phước thiện,,,,,,,,,đường 9a nguyễn xiển giao phước thiện,,,,đường 9a nguyễn xiển giao phước thiện
4543,"p . an phú , q . 2",,,,,,,,,p an phú q 2,,,,p an phú q 2
4544,ngõ 651 phố minh khai thông,,,,,,,,,ngõ 651 phố minh khai thông,,,,ngõ 651 phố minh khai thông
4545,184 trần khát chân,,,,,,,,,184 trần khát chân,,,,184 trần khát chân
4546,thạch bàn . khu đô thị garden city,,,,,,,,,thạch bàn khu đô thị garden city,,,,thạch bàn khu đô thị garden city
4547,"lê văn quới , bình tân",,,,,,,,,lê văn quới bình tân,,,,lê văn quới bình tân
4548,nguyễn trãi,,,,,,,,,nguyễn trãi,,,,nguyễn trãi
4549,nguyễn văn trỗi,,,,,,,,,nguyễn văn trỗi,,,,nguyễn văn trỗi
4550,tòa a7 chung cư an bình city,,,,,,,,,tòa a7 chung cư an bình city,,,,tòa a7 chung cư an bình city
4551,"khu f và khu e dự án vườn sinh thái cẩm đình , hiệp thuận , huyện phúc thọ",,,,,,,,,khu f và khu e dự án vườn sinh thái cẩm đình hiệp thuận huyện phúc thọ,,,,khu f và khu e dự án vườn sinh thái cẩm đình hiệp thuận huyện phúc thọ
4552,trạm thu phí điện bàn,,,,,,,,,trạm thu phí điện bàn,,,,trạm thu phí điện bàn
4553,chung cư tây hồ residence,,,,,,,,,chung cư tây hồ residence,,,,chung cư tây hồ residence
4554,68a võ chí công - xuân la - tây hồ,,,,,,,,,68a võ chí công xuân la tây hồ,,,,68a võ chí công xuân la tây hồ
4555,mặt đường võ chí công,,,,,,,,,mặt đường võ chí công,,,,mặt đường võ chí công
4556,"1 / đường tl 43 , bình chiểu",,,,,,,,,1 đường tl 43 bình chiểu,,,,1 đường tl 43 bình chiểu
4557,1 / tx 39,,,,,,,,,1 tx 39,,,,1 tx 39
4558,"đường số 8 , linh xuân",,,,,,,,,đường số 8 linh xuân,,,,đường số 8 linh xuân
4559,"cityland park hills , 18a phan văn trị , p . 10 , q . gò vấp",,,,,,,,,cityland park hills 18a phan văn trị p 10 q gò vấp,,,,cityland park hills 18a phan văn trị p 10 q gò vấp
4560,"khu đô thị lakeview city , p . an phú , quận 2",,,,,,,,,khu đô thị lakeview city p an phú quận 2,,,,khu đô thị lakeview city p an phú quận 2
4561,mặt tiền song hành,,,,,,,,,mặt tiền song hành,,,,mặt tiền song hành
4562,mặt phố phường văn quán - hà đông,,,,,,,,,mặt phố phường văn quán hà đông,,,,mặt phố phường văn quán hà đông
4563,mặt đường nguyễn công trứ,,,,,,,,,mặt đường nguyễn công trứ,,,,mặt đường nguyễn công trứ
4564,"xã trường sơn , lương sơn , hòa bình",,,,,,,,,xã trường sơn lương sơn,,,Hòa Bình,"xã trường sơn lương sơn, Hòa Bình"
4565,"trường sơn , lương sơn , hòa bình",,,,,,,,,trường sơn lương sơn,,,Hòa Bình,"trường sơn lương sơn, Hòa Bình"
4566,"văn giang , hưng yên",,,,,,,,,văn giang,,,Hưng Yên,"văn giang, Hưng Yên"
4567,trung tâm thôn phi liệt,,,,,,,,,trung tâm thôn phi liệt,,,,trung tâm thôn phi liệt
4568,"thôn phi liệt , liên nghĩa , văn giang , hưng yên",,,,,,,,,thôn phi liệt liên nghĩa văn giang,,,Hưng Yên,"thôn phi liệt liên nghĩa văn giang, Hưng Yên"
4569,"chung cư nguyễn thiện thuật , q3 , tphcm , lô c",,,,,,,,,chung cư nguyễn thiện thuật q3 tphcm lô c,,,,chung cư nguyễn thiện thuật q3 tphcm lô c
4570,"chung cư ct 3a mễ trì thượng , nam từ liêm , hà nội",,,,,,,,,chung cư ct 3a mễ trì thượng nam từ liêm hà nội,,,,chung cư ct 3a mễ trì thượng nam từ liêm hà nội
4571,khu phân lô xịn 61 lạc trung,,,,,,,,,khu phân lô xịn 61 lạc trung,,,,khu phân lô xịn 61 lạc trung
4572,mặt tiền đường chính nguyễn xiển,,,,,,,,,mặt tiền đường chính nguyễn xiển,,,,mặt tiền đường chính nguyễn xiển
4573,"hồ văn quán , quận hà đông , hà nội",,,,,,,,,hồ văn quán quận hà đông hà nội,,,,hồ văn quán quận hà đông hà nội
4574,phường hiệp phú . - quận 9,,,,,,,,,phường hiệp phú quận 9,,,,phường hiệp phú quận 9
4575,"hồ đắc di , quận đống đa , hà nội",,,,,,,,,hồ đắc di quận đống đa hà nội,,,,hồ đắc di quận đống đa hà nội
4576,phố lê thanh nghị,,,,,,,,,phố lê thanh nghị,,,,phố lê thanh nghị
4577,đường lê thanh nghị quận hai bà trưng,,,,,,,,,đường lê thanh nghị quận hai bà trưng,,,,đường lê thanh nghị quận hai bà trưng
4578,mặt đường láng hạ,,,,,,,,,mặt đường láng hạ,,,,mặt đường láng hạ
4579,chung cư handiresco,,,,,,,,,chung cư handiresco,,,,chung cư handiresco
4580,"tòa handiresco đường lê văn lương , p nhân chính , q thanh xuân , tp hà nội",,,,,,,,,tòa handiresco đường lê văn lương p nhân chính q thanh xuân tp hà nội,,,,tòa handiresco đường lê văn lương p nhân chính q thanh xuân tp hà nội
4581,chung cư tòa nhà handiresco,,,,,,,,,chung cư tòa nhà handiresco,,,,chung cư tòa nhà handiresco
4582,xuân thới thượng hóc môn,,,,,,,,,xuân thới thượng hóc môn,,,,xuân thới thượng hóc môn
4583,công viên phú lâm p13 q6,,,,,,,,,công viên phú lâm p13 q6,,,,công viên phú lâm p13 q6
4584,"nguyễn hoàng , quận nam từ liêm , hà nội",,,,,,,,,nguyễn hoàng quận nam từ liêm hà nội,,,,nguyễn hoàng quận nam từ liêm hà nội
4585,"thảo điền quận 2 , mặt tiền xa lộ hà nội",,,,,,,,,thảo điền quận 2 mặt tiền xa lộ hà nội,,,,thảo điền quận 2 mặt tiền xa lộ hà nội
4586,"đường nguyễn văn tạo , xã long thới , huyện nhà bè",,,,,,,,,đường nguyễn văn tạo xã long thới huyện nhà bè,,,,đường nguyễn văn tạo xã long thới huyện nhà bè
4587,chợ gò vấp,,,,,,,,,chợ gò vấp,,,,chợ gò vấp
4588,gần ủy ban nhân dân phường phú thạnh,,,,,,,,,gần ủy ban nhân dân phường phú thạnh,,,,gần ủy ban nhân dân phường phú thạnh
4589,"trần duy hưng , quận cầu giấy , hà nội",,,,,,,,,trần duy hưng quận cầu giấy hà nội,,,,trần duy hưng quận cầu giấy hà nội
4590,chung cư cao cấp an phú apartment quận 6,,,,,,,,,chung cư cao cấp an phú apartment quận 6,,,,chung cư cao cấp an phú apartment quận 6
4591,đường hậu giang - đường số 23,,,,,,,,,đường  đường số 23,,,Hậu Giang,"đường  đường số 23, Hậu Giang"
4592,"khu dân cư phong phú 4 , xã phong phú , huyện bình chánh",,,,,,,,,khu dân cư phong phú 4 xã phong phú huyện bình chánh,,,,khu dân cư phong phú 4 xã phong phú huyện bình chánh
4593,"the cbd phường thạnh mỹ lợi , quận 2",,,,,,,,,the cbd phường thạnh mỹ lợi quận 2,,,,the cbd phường thạnh mỹ lợi quận 2
4594,căn hộ masteri thảo điền tọa lạc ngay tại trung tâm thảo điền quận 2,,,,,,,,,căn hộ masteri thảo điền tọa lạc ngay tại trung tâm thảo điền quận 2,,,,căn hộ masteri thảo điền tọa lạc ngay tại trung tâm thảo điền quận 2
4595,"chung cư thủ thiêm dragon , phường thạnh mỹ lợi , quận 2",,,,,,,,,chung cư thủ thiêm dragon phường thạnh mỹ lợi quận 2,,,,chung cư thủ thiêm dragon phường thạnh mỹ lợi quận 2
4596,"bùi ngọc dương , quận hai bà trưng , hà nội",,,,,,,,,bùi ngọc dương quận hai bà trưng hà nội,,,,bùi ngọc dương quận hai bà trưng hà nội
4597,hàng bài,,,,,,,,,hàng bài,,,,hàng bài
4598,chung cư sunrise city view phường tân hưng quận 7,,,,,,,,,chung cư sunrise city view phường tân hưng quận 7,,,,chung cư sunrise city view phường tân hưng quận 7
4599,the gold,,,,,,,,,the gold,,,,the gold
4600,chung cư phú hoàng anh đường nguyễn hữu thọ xã phước kiển huyện nhà bè,,,,,,,,,chung cư phú hoàng anh đường nguyễn hữu thọ xã phước kiển huyện nhà bè,,,,chung cư phú hoàng anh đường nguyễn hữu thọ xã phước kiển huyện nhà bè
4601,"nguyễn sắc phong , quận cầu giấy , hà nội",,,,,,,,,nguyễn sắc phong quận cầu giấy hà nội,,,,nguyễn sắc phong quận cầu giấy hà nội
4602,lê văn lương xã nhơn đức nhà bè,,,,,,,,,lê văn lương xã nhơn đức nhà bè,,,,lê văn lương xã nhơn đức nhà bè
4603,p . bình hưng hòa a - bình tân,,,,,,,,,p bình hưng hòa a bình tân,,,,p bình hưng hòa a bình tân
4604,chung cư cao cấp him lam chợ lớn p11 q6,,,,,,,,,chung cư cao cấp him lam chợ lớn p11 q6,,,,chung cư cao cấp him lam chợ lớn p11 q6
4605,chung cư hoàng anh gia lai 1 quận 7,,,,,,,,,chung cư hoàng anh  1 quận 7,,,Gia Lai,"chung cư hoàng anh  1 quận 7, Gia Lai"
4606,ngay . mặt tiền huỳnh tấn phát,,,,,,,,,ngay mặt tiền huỳnh tấn phát,,,,ngay mặt tiền huỳnh tấn phát
4607,"đường lạc long quân , p1 , q11",,,,,,,,,đường lạc long quân p1 q11,,,,đường lạc long quân p1 q11
4608,đường nguyễn thị hương,,,,,,,,,đường nguyễn thị hương,,,,đường nguyễn thị hương
4609,"83 / 76 / 35a đào tông nguyên , thị trấn nhà bè",,,,,,,,,83 76 35a đào tông nguyên thị trấn nhà bè,,,,83 76 35a đào tông nguyên thị trấn nhà bè
4610,chung cư 15 tố hữu ( hh 2 bắc hà ),,,,,,,,,chung cư 15 tố hữu hh 2 bắc hà,,,,chung cư 15 tố hữu hh 2 bắc hà
4611,"liễu giai , quận ba đình , hà nội",,,,,,,,,liễu giai quận ba đình hà nội,,,,liễu giai quận ba đình hà nội
4612,"mã mây , quận hoàn kiếm , hà nội",,,,,,,,,mã mây quận hoàn kiếm hà nội,,,,mã mây quận hoàn kiếm hà nội
4613,chung cư 8x đầm sen quận tân phú,,,,,,,,,chung cư 8x đầm sen quận tân phú,,,,chung cư 8x đầm sen quận tân phú
4614,hẻm cụt phan văn trị,,,,,,,,,hẻm cụt phan văn trị,,,,hẻm cụt phan văn trị
4615,thị trấn nhà bè đường huỳnh tấn phát huyện nhà bè,,,,,,,,,thị trấn nhà bè đường huỳnh tấn phát huyện nhà bè,,,,thị trấn nhà bè đường huỳnh tấn phát huyện nhà bè
4616,mặt tiền đường số 23,,,,,,,,,mặt tiền đường số 23,,,,mặt tiền đường số 23
4617,chung cư cửu long quận bình thạnh,,,,,,,,,chung cư cửu long quận bình thạnh,,,,chung cư cửu long quận bình thạnh
4618,mặt tiền đường phường 16 quận 8,,,,,,,,,mặt tiền đường phường 16 quận 8,,,,mặt tiền đường phường 16 quận 8
4619,trấn vũ,,,,,,,,,trấn vũ,,,,trấn vũ
4620,tòa nhà trấn vũ,,,,,,,,,tòa nhà trấn vũ,,,,tòa nhà trấn vũ
4621,đường xuân diêu,,,,,,,,,đường xuân diêu,,,,đường xuân diêu
4622,"khu người hàn , mỹ đình , hà nội",,,,,,,,,khu người hàn mỹ đình hà nội,,,,khu người hàn mỹ đình hà nội
4623,số 82 tuệ tĩnh tòa nhà hạng b,,,,,,,,,số 82 tuệ tĩnh tòa nhà hạng b,,,,số 82 tuệ tĩnh tòa nhà hạng b
4624,hoàng cầu,,,,,,,,,hoàng cầu,,,,hoàng cầu
4625,chung cư quận 11,,,,,,,,,chung cư quận 11,,,,chung cư quận 11
4626,đường huỳnh tấn phát phường phú mỹ quận 7,,,,,,,,,đường huỳnh tấn phát phường phú mỹ quận 7,,,,đường huỳnh tấn phát phường phú mỹ quận 7
4627,"tân xuân , huyện hóc môn",,,,,,,,,tân xuân huyện hóc môn,,,,tân xuân huyện hóc môn
4628,dự án vista verde phường thanh mỹ lợi quận 2,,,,,,,,,dự án vista verde phường thanh mỹ lợi quận 2,,,,dự án vista verde phường thanh mỹ lợi quận 2
4629,mặt tiền đường đồng văn cống,,,,,,,,,mặt tiền đường đồng văn cống,,,,mặt tiền đường đồng văn cống
4630,trần quốc toản,,,,,,,,,trần quốc toản,,,,trần quốc toản
4631,chung cư sông hồng parkview,,,,,,,,,chung cư sông hồng parkview,,,,chung cư sông hồng parkview
4632,tòa sông hồng parkview,,,,,,,,,tòa sông hồng parkview,,,,tòa sông hồng parkview
4633,"165 thái hà , p láng hạ , q đống đa , tp hà nội",,,,,,,,,165 thái hà p láng hạ q đống đa tp hà nội,,,,165 thái hà p láng hạ q đống đa tp hà nội
4634,"trần kim xuyến , quận cầu giấy , hà nội",,,,,,,,,trần kim xuyến quận cầu giấy hà nội,,,,trần kim xuyến quận cầu giấy hà nội
4635,mặt tiền đường nguyễn chí thanh,,,,,,,,,mặt tiền đường nguyễn chí thanh,,,,mặt tiền đường nguyễn chí thanh
4636,trung tâm thành phố thủ dầu một,,,,,,,,,trung tâm thành phố thủ dầu một,,,,trung tâm thành phố thủ dầu một
4637,khu bình phú q6,,,,,,,,,khu bình phú q6,,,,khu bình phú q6
4638,quận bình thạnh - hẻm đường ngô tất tố,,,,,,,,,quận bình thạnh hẻm đường ngô tất tố,,,,quận bình thạnh hẻm đường ngô tất tố
4639,chung cư sunrise city south phường tân hưng quận 7,,,,,,,,,chung cư sunrise city south phường tân hưng quận 7,,,,chung cư sunrise city south phường tân hưng quận 7
4640,"mặt phố láng hạ , quận đống đa , hà nội",,,,,,,,,mặt phố láng hạ quận đống đa hà nội,,,,mặt phố láng hạ quận đống đa hà nội
4641,"mặt phố hoàng cầu , đống đa",,,,,,,,,mặt phố hoàng cầu đống đa,,,,mặt phố hoàng cầu đống đa
4642,hà nội,,,,,,,,,hà nội,,,,hà nội
4643,ô chợ dừa,,,,,,,,,ô chợ dừa,,,,ô chợ dừa
4644,"dự án jamila khang điền , phường phú hữu , quận 9",,,,,,,,,dự án jamila khang điền phường phú hữu quận 9,,,,dự án jamila khang điền phường phú hữu quận 9
4645,mặt tiền đường song hành cao tốc,,,,,,,,,mặt tiền đường song hành cao tốc,,,,mặt tiền đường song hành cao tốc
4646,chung cư him lam nam sài gòn,,,,,,,,,chung cư him lam nam sài gòn,,,,chung cư him lam nam sài gòn
4647,investco babylon quận tân phú,,,,,,,,,investco babylon quận tân phú,,,,investco babylon quận tân phú
4648,mặt tiền nguyễn hữu cảnh,,,,,,,,,mặt tiền nguyễn hữu cảnh,,,,mặt tiền nguyễn hữu cảnh
4649,rivera park quận 10,,,,,,,,,rivera park quận 10,,,,rivera park quận 10
4650,hẻm 1 / quận tân phú,,,,,,,,,hẻm 1 quận tân phú,,,,hẻm 1 quận tân phú
4651,chung cư starlight riverside p11 q6,,,,,,,,,chung cư starlight riverside p11 q6,,,,chung cư starlight riverside p11 q6
4652,hẻm ngõ phường 14 quận 3,,,,,,,,,hẻm ngõ phường 14 quận 3,,,,hẻm ngõ phường 14 quận 3
4653,lucky palace cao cấp p2 q6,,,,,,,,,lucky palace cao cấp p2 q6,,,,lucky palace cao cấp p2 q6
4654,số 50 phan văn khỏe,,,,,,,,,số 50 phan văn khỏe,,,,số 50 phan văn khỏe
4655,"mặt phố trung kính , quận cầu giấy , hà nội",,,,,,,,,mặt phố trung kính quận cầu giấy hà nội,,,,mặt phố trung kính quận cầu giấy hà nội
4656,mặt đường hoàng văn thái,,,,,,,,,mặt đường hoàng văn thái,,,,mặt đường hoàng văn thái
4657,kv hoàng văn thái,,,,,,,,,kv hoàng văn thái,,,,kv hoàng văn thái
4658,"mặt phố kim mã , quận ba đình , hà nội",,,,,,,,,mặt phố kim mã quận ba đình hà nội,,,,mặt phố kim mã quận ba đình hà nội
4659,"86 lê trọng tấn , thanh xuân , hà nội",,,,,,,,,86 lê trọng tấn thanh xuân hà nội,,,,86 lê trọng tấn thanh xuân hà nội
4660,mp bà triệu,,,,,,,,,mp bà triệu,,,,mp bà triệu
4661,đường hoàng hoa thám bình thạnh,,,,,,,,,đường hoàng hoa thám bình thạnh,,,,đường hoàng hoa thám bình thạnh
4662,chung cư sư vạn hạnh,,,,,,,,,chung cư sư vạn hạnh,,,,chung cư sư vạn hạnh
4663,mặt tiền hẻm 8.5 m đường trần xuân soạn phường tân hưng quận 7,,,,,,,,,mặt tiền hẻm 8 5 m đường trần xuân soạn phường tân hưng quận 7,,,,mặt tiền hẻm 8 5 m đường trần xuân soạn phường tân hưng quận 7
4664,mặt tiền đường xã qui đức huyện bình chánh,,,,,,,,,mặt tiền đường xã qui đức huyện bình chánh,,,,mặt tiền đường xã qui đức huyện bình chánh
4665,chung cư âu cơ tower cao cấp quận tân phú,,,,,,,,,chung cư âu cơ tower cao cấp quận tân phú,,,,chung cư âu cơ tower cao cấp quận tân phú
4666,chung cư diamond riverside phường 16 quận 8,,,,,,,,,chung cư diamond riverside phường 16 quận 8,,,,chung cư diamond riverside phường 16 quận 8
4667,"diamond riverside ( city gate 2 ) tọa lạc trên đại lộ võ văn kiệt quận 8 , tphcm",,,,,,,,,diamond riverside city gate 2 tọa lạc trên đại lộ võ văn kiệt quận 8 tphcm,,,,diamond riverside city gate 2 tọa lạc trên đại lộ võ văn kiệt quận 8 tphcm
4668,hẻm đường bạch đằng,,,,,,,,,hẻm đường bạch đằng,,,,hẻm đường bạch đằng
4669,trung tâm quận bình thạnh ngay hàng xanh,,,,,,,,,trung tâm quận bình thạnh ngay hàng xanh,,,,trung tâm quận bình thạnh ngay hàng xanh
4670,"hẻm lạc long quân , quận 11",,,,,,,,,hẻm lạc long quân quận 11,,,,hẻm lạc long quân quận 11
4671,"phan huy ích , quận hoàn kiếm , hà nội",,,,,,,,,phan huy ích quận hoàn kiếm hà nội,,,,phan huy ích quận hoàn kiếm hà nội
4672,quán thánh,,,,,,,,,quán thánh,,,,quán thánh
4673,"nguyễn văn cừ , quận long biên , hà nội",,,,,,,,,nguyễn văn cừ quận long biên hà nội,,,,nguyễn văn cừ quận long biên hà nội
4674,đường trường sa quận bình thạnh,,,,,,,,,đường trường sa quận bình thạnh,,,,đường trường sa quận bình thạnh
4675,đường lê trực,,,,,,,,,đường lê trực,,,,đường lê trực
4676,quân phú nhuận,,,,,,,,,quân phú nhuận,,,,quân phú nhuận
4677,mặt tiền đường phường 2 quận tân bình,,,,,,,,,mặt tiền đường phường 2 quận tân bình,,,,mặt tiền đường phường 2 quận tân bình
4678,"hẻm lò siêu , p8 , quận 11",,,,,,,,,hẻm lò siêu p8 quận 11,,,,hẻm lò siêu p8 quận 11
4679,"tân hiệp , hóc môn",,,,,,,,,tân hiệp hóc môn,,,,tân hiệp hóc môn
4680,chung cư mười mẫu phường bình trưng đông quận 2,,,,,,,,,chung cư mười mẫu phường bình trưng đông quận 2,,,,chung cư mười mẫu phường bình trưng đông quận 2
4681,mặt tiền quận 10,,,,,,,,,mặt tiền quận 10,,,,mặt tiền quận 10
4682,mặt tiền khu chung cư bình phú p10 q6,,,,,,,,,mặt tiền khu chung cư bình phú p10 q6,,,,mặt tiền khu chung cư bình phú p10 q6
4683,"lô 5 chung cư phú thọ , 3 mặt tiền đường nguyễn thị nhỏ , lữ gia , lê đại hành quận 11",,,,,,,,,lô 5 chung cư  3 mặt tiền đường nguyễn thị nhỏ lữ gia lê đại hành quận 11,,,Phú Thọ,"lô 5 chung cư  3 mặt tiền đường nguyễn thị nhỏ lữ gia lê đại hành quận 11, Phú Thọ"
4684,mặt phố lê trọng tấn,,,,,,,,,mặt phố lê trọng tấn,,,,mặt phố lê trọng tấn
4685,"tòa nhà số 86 lê trọng tấn , thanh xuân",,,,,,,,,tòa nhà số 86 lê trọng tấn thanh xuân,,,,tòa nhà số 86 lê trọng tấn thanh xuân
4686,giảng võ,,,,,,,,,giảng võ,,,,giảng võ
4687,"nguyễn bỉnh khiêm , quận hai bà trưng , hà nội",,,,,,,,,nguyễn bỉnh khiêm quận hai bà trưng hà nội,,,,nguyễn bỉnh khiêm quận hai bà trưng hà nội
4688,lê trọng tấn,,,,,,,,,lê trọng tấn,,,,lê trọng tấn
4689,"mặt phố chùa láng , đống đa",,,,,,,,,mặt phố chùa láng đống đa,,,,mặt phố chùa láng đống đa
4690,"nhà số 71 chùa láng , đống đa , hà nội",,,,,,,,,nhà số 71 chùa láng đống đa hà nội,,,,nhà số 71 chùa láng đống đa hà nội
4691,chung cư huỳnh tấn phát - saigon plaza tower phường phú thuận quận 7,,,,,,,,,chung cư huỳnh tấn phát saigon plaza tower phường phú thuận quận 7,,,,chung cư huỳnh tấn phát saigon plaza tower phường phú thuận quận 7
4692,khu dân cư jamona city đào trí quận 7,,,,,,,,,khu dân cư jamona city đào trí quận 7,,,,khu dân cư jamona city đào trí quận 7
4693,"mặt phố hàng điếu , quận hoàn kiếm , hà nội",,,,,,,,,mặt phố hàng điếu quận hoàn kiếm hà nội,,,,mặt phố hàng điếu quận hoàn kiếm hà nội
4694,"mặt tiền đường xa lộ hà nội , thảo điền , quận 2",,,,,,,,,mặt tiền đường xa lộ hà nội thảo điền quận 2,,,,mặt tiền đường xa lộ hà nội thảo điền quận 2
4695,oriental plaza quận tân phú,,,,,,,,,oriental plaza quận tân phú,,,,oriental plaza quận tân phú
4696,trung tâm đường trần hưng đạo phường phạm ngũ lão quận 1,,,,,,,,,trung tâm đường trần hưng đạo phường phạm ngũ lão quận 1,,,,trung tâm đường trần hưng đạo phường phạm ngũ lão quận 1
4697,mặt tiền trần hưng đạo,,,,,,,,,mặt tiền trần hưng đạo,,,,mặt tiền trần hưng đạo
4698,masteri thảo điền 2,,,,,,,,,masteri thảo điền 2,,,,masteri thảo điền 2
4699,căn hộ masteri thảo điền,,,,,,,,,căn hộ masteri thảo điền,,,,căn hộ masteri thảo điền
4700,"trung tâm thảo điền quận 2 , mặt tiền xa lộ hà nội",,,,,,,,,trung tâm thảo điền quận 2 mặt tiền xa lộ hà nội,,,,trung tâm thảo điền quận 2 mặt tiền xa lộ hà nội
4701,bình tân - căn hộ tecco town,,,,,,,,,bình tân căn hộ tecco town,,,,bình tân căn hộ tecco town
4702,chung cư sunrise riverside nguyễn hữu thọ xã phước kiển huyện nhà bè,,,,,,,,,chung cư sunrise riverside nguyễn hữu thọ xã phước kiển huyện nhà bè,,,,chung cư sunrise riverside nguyễn hữu thọ xã phước kiển huyện nhà bè
4703,copac square,,,,,,,,,copac square,,,,copac square
4704,mặt tiền tôn đản,,,,,,,,,mặt tiền tôn đản,,,,mặt tiền tôn đản
4705,new city,,,,,,,,,new city,,,,new city
4706,khu đô thị phú mỹ hưng phường tân phong quận 7,,,,,,,,,khu đô thị phú mỹ hưng phường tân phong quận 7,,,,khu đô thị phú mỹ hưng phường tân phong quận 7
4707,riva park quận 4,,,,,,,,,riva park quận 4,,,,riva park quận 4
4708,mặt tiền nguyễn tất thành - ngay trung tâm quận 4,,,,,,,,,mặt tiền nguyễn tất thành ngay trung tâm quận 4,,,,mặt tiền nguyễn tất thành ngay trung tâm quận 4
4709,"mặt phố văn quán , quận hà đông , hà nội",,,,,,,,,mặt phố văn quán quận hà đông hà nội,,,,mặt phố văn quán quận hà đông hà nội
4710,"mặt phố tôn đức thắng , quận đống đa , hà nội",,,,,,,,,mặt phố tôn đức thắng quận đống đa hà nội,,,,mặt phố tôn đức thắng quận đống đa hà nội
4711,số 36 hoàng cầu,,,,,,,,,số 36 hoàng cầu,,,,số 36 hoàng cầu
4712,"mặt phố hoàng cầu , đống đa , hà nội",,,,,,,,,mặt phố hoàng cầu đống đa hà nội,,,,mặt phố hoàng cầu đống đa hà nội
4713,mp thái hà,,,,,,,,,mp thái hà,,,,mp thái hà
4714,"khu dân cư cotec phú xuân , huyện nhà bè",,,,,,,,,khu dân cư cotec phú xuân huyện nhà bè,,,,khu dân cư cotec phú xuân huyện nhà bè
4715,"mặt tiền đường dương thị năm , phú xuân huyện nhà bè",,,,,,,,,mặt tiền đường dương thị năm phú xuân huyện nhà bè,,,,mặt tiền đường dương thị năm phú xuân huyện nhà bè
4716,"nguyễn thượng hiền , bình thạnh",,,,,,,,,nguyễn thượng hiền bình thạnh,,,,nguyễn thượng hiền bình thạnh
4717,hẻm xe hơi đường bình quới,,,,,,,,,hẻm xe hơi đường bình quới,,,,hẻm xe hơi đường bình quới
4718,chung cư quận 5,,,,,,,,,chung cư quận 5,,,,chung cư quận 5
4719,khu biệt thự phố jamona golden silk quận 7,,,,,,,,,khu biệt thự phố jamona golden silk quận 7,,,,khu biệt thự phố jamona golden silk quận 7
4720,hẻm đường số quận 7,,,,,,,,,hẻm đường số quận 7,,,,hẻm đường số quận 7
4721,"huỳnh tấn phát , thị trấn huyện nhà bè",,,,,,,,,huỳnh tấn phát thị trấn huyện nhà bè,,,,huỳnh tấn phát thị trấn huyện nhà bè
4722,kđt simcity phường trường thạnh - quận 9,,,,,,,,,kđt simcity phường trường thạnh quận 9,,,,kđt simcity phường trường thạnh quận 9
4723,kđt sim city,,,,,,,,,kđt sim city,,,,kđt sim city
4724,"đường đào tông nguyên , thị trấn huyện nhà bè",,,,,,,,,đường đào tông nguyên thị trấn huyện nhà bè,,,,đường đào tông nguyên thị trấn huyện nhà bè
4725,"mặt phố hàng bạc , quận hoàn kiếm , hà nội",,,,,,,,,mặt phố hàng bạc quận hoàn kiếm hà nội,,,,mặt phố hàng bạc quận hoàn kiếm hà nội
4726,hẻm trần quang long,,,,,,,,,hẻm trần quang long,,,,hẻm trần quang long
4727,tháp 3 chung cư the view - riviera point quận 7,,,,,,,,,tháp 3 chung cư the view riviera point quận 7,,,,tháp 3 chung cư the view riviera point quận 7
4728,xã nhơn đức huyện bình chánh,,,,,,,,,xã nhơn đức huyện bình chánh,,,,xã nhơn đức huyện bình chánh
4729,đường bàu dừa ấp 3 xã hiệp phước huyện nhà bè,,,,,,,,,đường bàu dừa ấp 3 xã hiệp phước huyện nhà bè,,,,đường bàu dừa ấp 3 xã hiệp phước huyện nhà bè
4730,đường bàu dừa ấp 3,,,,,,,,,đường bàu dừa ấp 3,,,,đường bàu dừa ấp 3
4731,dài 10m,,,,,,,,,dài 10m,,,,dài 10m
4732,"thủ thiêm dragon phường thạnh mỹ lợi , quận 2",,,,,,,,,thủ thiêm dragon phường thạnh mỹ lợi quận 2,,,,thủ thiêm dragon phường thạnh mỹ lợi quận 2
4733,"p . bình trị đông , bình tân",,,,,,,,,p bình trị đông bình tân,,,,p bình trị đông bình tân
4734,trung tâm thị trấn huyện nhà bè - đường huỳnh tấn phát,,,,,,,,,trung tâm thị trấn huyện nhà bè đường huỳnh tấn phát,,,,trung tâm thị trấn huyện nhà bè đường huỳnh tấn phát
4735,hậu giang p11 q6,,,,,,,,,p11 q6,,,Hậu Giang,"p11 q6, Hậu Giang"
4736,phường long thạnh mỹ - quận 9,,,,,,,,,phường long thạnh mỹ quận 9,,,,phường long thạnh mỹ quận 9
4737,"p . bình hưng hòa a , bình tân",,,,,,,,,p bình hưng hòa a bình tân,,,,p bình hưng hòa a bình tân
4738,nhà huyện nhà bè đường lê văn lương,,,,,,,,,nhà huyện nhà bè đường lê văn lương,,,,nhà huyện nhà bè đường lê văn lương
4739,tân thới nhì hóc môn,,,,,,,,,tân thới nhì hóc môn,,,,tân thới nhì hóc môn
4740,phường long trường - quận 9,,,,,,,,,phường long trường quận 9,,,,phường long trường quận 9
4741,phường 3 quận 4,,,,,,,,,phường 3 quận 4,,,,phường 3 quận 4
4742,chung cư nguyễn tri phương quận 10,,,,,,,,,chung cư nguyễn tri phương quận 10,,,,chung cư nguyễn tri phương quận 10
4743,phố citibella phường cát lái quận 2,,,,,,,,,phố citibella phường cát lái quận 2,,,,phố citibella phường cát lái quận 2
4744,"mặt tiền phường 26 , quận binh thạnh",,,,,,,,,mặt tiền phường 26 quận binh thạnh,,,,mặt tiền phường 26 quận binh thạnh
4745,"phường 26 , quận binh thạnh",,,,,,,,,phường 26 quận binh thạnh,,,,phường 26 quận binh thạnh
4746,mặt tiền đường mai chí thọ,,,,,,,,,mặt tiền đường mai chí thọ,,,,mặt tiền đường mai chí thọ
4747,chung cư richmond quận bình thạnh,,,,,,,,,chung cư richmond quận bình thạnh,,,,chung cư richmond quận bình thạnh
4748,mặt tiền đường nguyễn xí đoạn 2 chiều q . bình thạnh,,,,,,,,,mặt tiền đường nguyễn xí đoạn 2 chiều q bình thạnh,,,,mặt tiền đường nguyễn xí đoạn 2 chiều q bình thạnh
4749,mặt tiền đường hoàng diệu,,,,,,,,,mặt tiền đường hoàng diệu,,,,mặt tiền đường hoàng diệu
4750,tòa nhà quận tân bình,,,,,,,,,tòa nhà quận tân bình,,,,tòa nhà quận tân bình
4751,quận bình thạnh - hẻm xô viết nghệ tĩnh,,,,,,,,,quận bình thạnh hẻm xô viết nghệ tĩnh,,,,quận bình thạnh hẻm xô viết nghệ tĩnh
4752,thủ thiêm dragon phường thạnh mỹ lợi quận 2,,,,,,,,,thủ thiêm dragon phường thạnh mỹ lợi quận 2,,,,thủ thiêm dragon phường thạnh mỹ lợi quận 2
4753,chung cư lucky palace quận 6,,,,,,,,,chung cư lucky palace quận 6,,,,chung cư lucky palace quận 6
4754,đường nguyễn gia trí quận bình thạnh,,,,,,,,,đường nguyễn gia trí quận bình thạnh,,,,đường nguyễn gia trí quận bình thạnh
4755,hẻm thông thoáng đường điện biên phủ,,,,,,,,,hẻm thông thoáng đường  phủ,,,Điện Biên,"hẻm thông thoáng đường  phủ, Điện Biên"
4756,cư dân sadora apartment,,,,,,,,,cư dân sadora apartment,,,,cư dân sadora apartment
4757,"chung cư an gia star , tân tạo , bình tân",,,,,,,,,chung cư an gia star tân tạo bình tân,,,,chung cư an gia star tân tạo bình tân
4758,mặt tiền trung tâm quận 1,,,,,,,,,mặt tiền trung tâm quận 1,,,,mặt tiền trung tâm quận 1
4759,chung cư him lam chợ lớn,,,,,,,,,chung cư him lam chợ lớn,,,,chung cư him lam chợ lớn
4760,chung cư thái an 3,,,,,,,,,chung cư thái an 3,,,,chung cư thái an 3
4761,p10 q6,,,,,,,,,p10 q6,,,,p10 q6
4762,"nguyễn văn đậu , bình thạnh",,,,,,,,,nguyễn văn đậu bình thạnh,,,,nguyễn văn đậu bình thạnh
4763,khu tái định cư phường phú mỹ quận 7,,,,,,,,,khu tái định cư phường phú mỹ quận 7,,,,khu tái định cư phường phú mỹ quận 7
4764,"đông thạnh , hóc môn",,,,,,,,,đông thạnh hóc môn,,,,đông thạnh hóc môn
4765,chung cư saigon pearl quận bình thạnh,,,,,,,,,chung cư saigon pearl quận bình thạnh,,,,chung cư saigon pearl quận bình thạnh
4766,"đường nguyễn xí , phường 26 , bình thạnh",,,,,,,,,đường nguyễn xí phường 26 bình thạnh,,,,đường nguyễn xí phường 26 bình thạnh
4767,khu trung tâm bình thạnh,,,,,,,,,khu trung tâm bình thạnh,,,,khu trung tâm bình thạnh
4768,"phường 6 , quận 3",,,,,,,,,phường 6 quận 3,,,,phường 6 quận 3
4769,"ngã tư 2 mặt tiền nam kỳ khởi nghĩa & lý chính thắng , quận 3",,,,,,,,,ngã tư 2 mặt tiền nam kỳ khởi nghĩa lý chính thắng quận 3,,,,ngã tư 2 mặt tiền nam kỳ khởi nghĩa lý chính thắng quận 3
4770,"xô viết nghệ tĩnh , phường 21 , bình thạnh",,,,,,,,,xô viết nghệ tĩnh phường 21 bình thạnh,,,,xô viết nghệ tĩnh phường 21 bình thạnh
4771,kdc city land riverside,,,,,,,,,kdc city land riverside,,,,kdc city land riverside
4772,tản đà ngay trung tâm quận 5,,,,,,,,,tản đà ngay trung tâm quận 5,,,,tản đà ngay trung tâm quận 5
4773,sài gòn south residences,,,,,,,,,sài gòn south residences,,,,sài gòn south residences
4774,đường nguyễn hữu thọ phước kiển huyện nhà bè,,,,,,,,,đường nguyễn hữu thọ phước kiển huyện nhà bè,,,,đường nguyễn hữu thọ phước kiển huyện nhà bè
4775,"xã tân hiệp , hóc môn",,,,,,,,,xã tân hiệp hóc môn,,,,xã tân hiệp hóc môn
4776,chung cư 41 bùi viện ngay trung tâm quận 1,,,,,,,,,chung cư 41 bùi viện ngay trung tâm quận 1,,,,chung cư 41 bùi viện ngay trung tâm quận 1
4777,"xã hóc môn , huyện hóc môn",,,,,,,,,xã hóc môn huyện hóc môn,,,,xã hóc môn huyện hóc môn
4778,tân xuân hóc môn,,,,,,,,,tân xuân hóc môn,,,,tân xuân hóc môn
4779,mặt tiền nguyễn hữu thọ,,,,,,,,,mặt tiền nguyễn hữu thọ,,,,mặt tiền nguyễn hữu thọ
4780,vista verde phường thạnh mỹ lợi quận 2,,,,,,,,,vista verde phường thạnh mỹ lợi quận 2,,,,vista verde phường thạnh mỹ lợi quận 2
4781,"đường huỳnh tấn phát , xã phú xuân , huyện nhà bè",,,,,,,,,đường huỳnh tấn phát xã phú xuân huyện nhà bè,,,,đường huỳnh tấn phát xã phú xuân huyện nhà bè
4782,đường bảy côn huyện nhà bè,,,,,,,,,đường bảy côn huyện nhà bè,,,,đường bảy côn huyện nhà bè
4783,phường tăng nhơn phú b - quận 9,,,,,,,,,phường tăng nhơn phú b quận 9,,,,phường tăng nhơn phú b quận 9
4784,phường 2 quận 10,,,,,,,,,phường 2 quận 10,,,,phường 2 quận 10
4785,"phường 15 , quận 8",,,,,,,,,phường 15 quận 8,,,,phường 15 quận 8
4786,chung cư saigon mia kdc trung sơn xã bình hưng huyện bình chánh,,,,,,,,,chung cư saigon mia kdc trung sơn xã bình hưng huyện bình chánh,,,,chung cư saigon mia kdc trung sơn xã bình hưng huyện bình chánh
4787,kdc phong phú 4 huyện bình chánh,,,,,,,,,kdc phong phú 4 huyện bình chánh,,,,kdc phong phú 4 huyện bình chánh
4788,cao ốc a nguyễn kim,,,,,,,,,cao ốc a nguyễn kim,,,,cao ốc a nguyễn kim
4789,sunrise riverside đường nguyễn hữu thọ phước kiển huyện nhà bè,,,,,,,,,sunrise riverside đường nguyễn hữu thọ phước kiển huyện nhà bè,,,,sunrise riverside đường nguyễn hữu thọ phước kiển huyện nhà bè
4790,botanic tower,,,,,,,,,botanic tower,,,,botanic tower
4791,dự án cityland center hill,,,,,,,,,dự án cityland center hill,,,,dự án cityland center hill
4792,kdc golf park novaland phường long thạnh mỹ - quận 9,,,,,,,,,kdc golf park novaland phường long thạnh mỹ quận 9,,,,kdc golf park novaland phường long thạnh mỹ quận 9
4793,"chung cư citi home , quận 2",,,,,,,,,chung cư citi home quận 2,,,,chung cư citi home quận 2
4794,quận bình thạnh nội thất,,,,,,,,,quận bình thạnh nội thất,,,,quận bình thạnh nội thất
4795,"đường bùi đình túy , bình thạnh",,,,,,,,,đường bùi đình túy bình thạnh,,,,đường bùi đình túy bình thạnh
4796,phố bạch mai,,,,,,,,,phố bạch mai,,,,phố bạch mai
4797,"phố tây bùi viện , quận 1",,,,,,,,,phố tây bùi viện quận 1,,,,phố tây bùi viện quận 1
4798,trung tâm bùi viện,,,,,,,,,trung tâm bùi viện,,,,trung tâm bùi viện
4799,"khu đô thị sala đại quang minh , phường an lợi đông , quận 2",,,,,,,,,khu đô thị sala đại quang minh phường an lợi đông quận 2,,,,khu đô thị sala đại quang minh phường an lợi đông quận 2
4800,"phường 2 , quận 3",,,,,,,,,phường 2 quận 3,,,,phường 2 quận 3
4801,starlight riverside,,,,,,,,,starlight riverside,,,,starlight riverside
4802,chung cư sky garden 1 phường tân phong quận 7,,,,,,,,,chung cư sky garden 1 phường tân phong quận 7,,,,chung cư sky garden 1 phường tân phong quận 7
4803,chung cư nguyễn ngọc phương,,,,,,,,,chung cư nguyễn ngọc phương,,,,chung cư nguyễn ngọc phương
4804,chung cư era town phường phú mỹ quận 7,,,,,,,,,chung cư era town phường phú mỹ quận 7,,,,chung cư era town phường phú mỹ quận 7
4805,chung cư đào duy từ,,,,,,,,,chung cư đào duy từ,,,,chung cư đào duy từ
4806,sân thượng xã phước lộc huyện nhà bè,,,,,,,,,sân thượng xã phước lộc huyện nhà bè,,,,sân thượng xã phước lộc huyện nhà bè
4807,p3 q6,,,,,,,,,p3 q6,,,,p3 q6
4808,trung tâm đa kao quận 1,,,,,,,,,trung tâm đa kao quận 1,,,,trung tâm đa kao quận 1
4809,chung cư the view riviera point quận 7,,,,,,,,,chung cư the view riviera point quận 7,,,,chung cư the view riviera point quận 7
4810,"lô a6 cư xá 307 phường 25 , quận bình thạnh",,,,,,,,,lô a6 cư xá 307 phường 25 quận bình thạnh,,,,lô a6 cư xá 307 phường 25 quận bình thạnh
4811,"nguyễn thị hương , thị trấn huyện nhà bè",,,,,,,,,nguyễn thị hương thị trấn huyện nhà bè,,,,nguyễn thị hương thị trấn huyện nhà bè
4812,nguyễn thị hương,,,,,,,,,nguyễn thị hương,,,,nguyễn thị hương
4813,ruby celadon city quận tân phú,,,,,,,,,ruby celadon city quận tân phú,,,,ruby celadon city quận tân phú
4814,"chung cư an hòa , phường an phú , quận 2",,,,,,,,,chung cư an hòa phường an phú quận 2,,,,chung cư an hòa phường an phú quận 2
4815,trung tâm thảo điền quận 2,,,,,,,,,trung tâm thảo điền quận 2,,,,trung tâm thảo điền quận 2
4816,đường liên ấp liên 2 - 3 xã hiệp phước huyện nhà bè,,,,,,,,,đường liên ấp liên 2 3 xã hiệp phước huyện nhà bè,,,,đường liên ấp liên 2 3 xã hiệp phước huyện nhà bè
4817,đường liên ấp 2 - 3,,,,,,,,,đường liên ấp 2 3,,,,đường liên ấp 2 3
4818,carillon 2 apartment quận tân phú tầng,,,,,,,,,carillon 2 apartment quận tân phú tầng,,,,carillon 2 apartment quận tân phú tầng
4819,richstar 1 quận tân phú,,,,,,,,,richstar 1 quận tân phú,,,,richstar 1 quận tân phú
4820,khu dân trí xã phú xuân huyện nhà bè,,,,,,,,,khu dân trí xã phú xuân huyện nhà bè,,,,khu dân trí xã phú xuân huyện nhà bè
4821,an phú quận 6,,,,,,,,,an phú quận 6,,,,an phú quận 6
4822,căn hộ an phú,,,,,,,,,căn hộ an phú,,,,căn hộ an phú
4823,tâm thị trấn huyện nhà bè đường dương cát lợi,,,,,,,,,tâm thị trấn huyện nhà bè đường dương cát lợi,,,,tâm thị trấn huyện nhà bè đường dương cát lợi
4824,chung cư thạnh mỹ lợi 6.4 ha phường thạnh mỹ lợi quận 2,,,,,,,,,chung cư thạnh mỹ lợi 6 4 ha phường thạnh mỹ lợi quận 2,,,,chung cư thạnh mỹ lợi 6 4 ha phường thạnh mỹ lợi quận 2
4825,phường long bình - quận 9,,,,,,,,,phường long bình quận 9,,,,phường long bình quận 9
4826,"green town , bình hưng hòa b , bình tân",,,,,,,,,green town bình hưng hòa b bình tân,,,,green town bình hưng hòa b bình tân
4827,"chung cư 518 võ văn kiệt , quận 1",,,,,,,,,chung cư 518 võ văn kiệt quận 1,,,,chung cư 518 võ văn kiệt quận 1
4828,lô m chung cư bàu cát 2,,,,,,,,,lô m chung cư bàu cát 2,,,,lô m chung cư bàu cát 2
4829,lô a chung cư bàu cát 2,,,,,,,,,lô a chung cư bàu cát 2,,,,lô a chung cư bàu cát 2
4830,nhị bình hóc môn,,,,,,,,,nhị bình hóc môn,,,,nhị bình hóc môn
4831,"phường 9 , quận 3",,,,,,,,,phường 9 quận 3,,,,phường 9 quận 3
4832,hẻm hoàng hoa thám,,,,,,,,,hẻm hoàng hoa thám,,,,hẻm hoàng hoa thám
4833,hẻm vũ tùng,,,,,,,,,hẻm vũ tùng,,,,hẻm vũ tùng
4834,cư xá vĩnh hội quận 4,,,,,,,,,cư xá vĩnh hội quận 4,,,,cư xá vĩnh hội quận 4
4835,sky center quận tân bình,,,,,,,,,sky center quận tân bình,,,,sky center quận tân bình
4836,bà hom p13 q6,,,,,,,,,bà hom p13 q6,,,,bà hom p13 q6
4837,chung cư mỹ phú phường tân kiểng quận 7,,,,,,,,,chung cư mỹ phú phường tân kiểng quận 7,,,,chung cư mỹ phú phường tân kiểng quận 7
4838,đường lâm văn bền,,,,,,,,,đường lâm văn bền,,,,đường lâm văn bền
4839,chung cư đào duy từ quận 10,,,,,,,,,chung cư đào duy từ quận 10,,,,chung cư đào duy từ quận 10
4840,dự án thủ thiêm dragon phường thạnh mỹ lợi quận 2,,,,,,,,,dự án thủ thiêm dragon phường thạnh mỹ lợi quận 2,,,,dự án thủ thiêm dragon phường thạnh mỹ lợi quận 2
4841,chung cư dragon hill 2 đường nguyễn hữu thọ xã phước kiển nhà bè,,,,,,,,,chung cư dragon hill 2 đường nguyễn hữu thọ xã phước kiển nhà bè,,,,chung cư dragon hill 2 đường nguyễn hữu thọ xã phước kiển nhà bè
4842,chung cư cao cấp trung tâm quận 5,,,,,,,,,chung cư cao cấp trung tâm quận 5,,,,chung cư cao cấp trung tâm quận 5
4843,chung cư central premium phường 5 quận 8,,,,,,,,,chung cư central premium phường 5 quận 8,,,,chung cư central premium phường 5 quận 8
4844,chung cư central premium,,,,,,,,,chung cư central premium,,,,chung cư central premium
4845,chung cư thạnh mỹ lợi 6.4 ha quận 2,,,,,,,,,chung cư thạnh mỹ lợi 6 4 ha quận 2,,,,chung cư thạnh mỹ lợi 6 4 ha quận 2
4846,"chung cư green hill , bình tân",,,,,,,,,chung cư green hill bình tân,,,,chung cư green hill bình tân
4847,chung cư riviera point tower 6 quận 7,,,,,,,,,chung cư riviera point tower 6 quận 7,,,,chung cư riviera point tower 6 quận 7
4848,everrich quận 11,,,,,,,,,everrich quận 11,,,,everrich quận 11
4849,xin grand court quận 10,,,,,,,,,xin grand court quận 10,,,,xin grand court quận 10
4850,khánh hội 2 quận 4,,,,,,,,,khánh hội 2 quận 4,,,,khánh hội 2 quận 4
4851,phạm văn chí p8 q6,,,,,,,,,phạm văn chí p8 q6,,,,phạm văn chí p8 q6
4852,đường gò dưa,,,,,,,,,đường gò dưa,,,,đường gò dưa
4853,đường an dương vương p10 q6,,,,,,,,,đường an dương vương p10 q6,,,,đường an dương vương p10 q6
4854,win house quận bình thạnh,,,,,,,,,win house quận bình thạnh,,,,win house quận bình thạnh
4855,richstar 2 quận tân phú,,,,,,,,,richstar 2 quận tân phú,,,,richstar 2 quận tân phú
4856,thới tam thôn hóc môn,,,,,,,,,thới tam thôn hóc môn,,,,thới tam thôn hóc môn
4857,lyn building tọa lac,,,,,,,,,lyn building tọa lac,,,,lyn building tọa lac
4858,gargen gate,,,,,,,,,gargen gate,,,,gargen gate
4859,quận phú nhuận view,,,,,,,,,quận phú nhuận view,,,,quận phú nhuận view
4860,chung cư phú an center,,,,,,,,,chung cư phú an center,,,,chung cư phú an center
4861,"chung cư him lam phú an , quận 9",,,,,,,,,chung cư him lam phú an quận 9,,,,chung cư him lam phú an quận 9
4862,"đường nguyễn văn tạo xã hiệp phước , huyện nhà bè",,,,,,,,,đường nguyễn văn tạo xã hiệp phước huyện nhà bè,,,,đường nguyễn văn tạo xã hiệp phước huyện nhà bè
4863,"phường cát lái , quận 2",,,,,,,,,phường cát lái quận 2,,,,phường cát lái quận 2
4864,huyện nhà bè - đường lê văn lương,,,,,,,,,huyện nhà bè đường lê văn lương,,,,huyện nhà bè đường lê văn lương
4865,silver star - hưng phát 1 đường lê văn lương - huyện nhà bè,,,,,,,,,silver star hưng phát 1 đường lê văn lương huyện nhà bè,,,,silver star hưng phát 1 đường lê văn lương huyện nhà bè
4866,khu vip phường 1 quận tân bình,,,,,,,,,khu vip phường 1 quận tân bình,,,,khu vip phường 1 quận tân bình
4867,tân hương tower - quận tân phú,,,,,,,,,tân hương tower quận tân phú,,,,tân hương tower quận tân phú
4868,đường nguyễn văn tạo huyện nhà bè,,,,,,,,,đường nguyễn văn tạo huyện nhà bè,,,,đường nguyễn văn tạo huyện nhà bè
4869,khu dân cư petechim đường huỳnh tấn phát - huyện nhà bè,,,,,,,,,khu dân cư petechim đường huỳnh tấn phát huyện nhà bè,,,,khu dân cư petechim đường huỳnh tấn phát huyện nhà bè
4870,"dự án park riverside phường phú hữu , quận 9",,,,,,,,,dự án park riverside phường phú hữu quận 9,,,,dự án park riverside phường phú hữu quận 9
4871,khu dân cư phước kiển a - xã phước kiển huyện nhà bè,,,,,,,,,khu dân cư phước kiển a xã phước kiển huyện nhà bè,,,,khu dân cư phước kiển a xã phước kiển huyện nhà bè
4872,dự án vista verde phường thạnh mỹ lợi quận 2,,,,,,,,,dự án vista verde phường thạnh mỹ lợi quận 2,,,,dự án vista verde phường thạnh mỹ lợi quận 2
4873,mặt tiền đường số 16,,,,,,,,,mặt tiền đường số 16,,,,mặt tiền đường số 16
4874,"phường 14 , quận 8",,,,,,,,,phường 14 quận 8,,,,phường 14 quận 8
4875,khu dân cư vạn phát hưng phú xuân huyện nhà bè,,,,,,,,,khu dân cư vạn phát hưng phú xuân huyện nhà bè,,,,khu dân cư vạn phát hưng phú xuân huyện nhà bè
4876,chung cư charmington quận 10,,,,,,,,,chung cư charmington quận 10,,,,chung cư charmington quận 10
4877,trung tâm q . 10,,,,,,,,,trung tâm q 10,,,,trung tâm q 10
4878,chung cư him lam chợ lớn quận 6,,,,,,,,,chung cư him lam chợ lớn quận 6,,,,chung cư him lam chợ lớn quận 6
4879,ngõ quận 3 phường 9,,,,,,,,,ngõ quận 3 phường 9,,,,ngõ quận 3 phường 9
4880,sala sarimi,,,,,,,,,sala sarimi,,,,sala sarimi
4881,võ thị sáu q1,,,,,,,,,võ thị sáu q1,,,,võ thị sáu q1
4882,khu bình phú quận 6,,,,,,,,,khu bình phú quận 6,,,,khu bình phú quận 6
4883,mặt tiền trung tâm quận 3 phường 7,,,,,,,,,mặt tiền trung tâm quận 3 phường 7,,,,mặt tiền trung tâm quận 3 phường 7
4884,mặt tiền phường 7 quận 3,,,,,,,,,mặt tiền phường 7 quận 3,,,,mặt tiền phường 7 quận 3
4885,hẻm nguyễn thượng hiền,,,,,,,,,hẻm nguyễn thượng hiền,,,,hẻm nguyễn thượng hiền
4886,mặt tiền đường lớn phường tân thuận tây quận 7,,,,,,,,,mặt tiền đường lớn phường tân thuận tây quận 7,,,,mặt tiền đường lớn phường tân thuận tây quận 7
4887,thị trấn nhà bè,,,,,,,,,thị trấn nhà bè,,,,thị trấn nhà bè
4888,"tân xuân , hóc môn",,,,,,,,,tân xuân hóc môn,,,,tân xuân hóc môn
4889,phường 2 quận 3,,,,,,,,,phường 2 quận 3,,,,phường 2 quận 3
4890,"homyland 3 phường bình trưng đông , quận 2",,,,,,,,,homyland 3 phường bình trưng đông quận 2,,,,homyland 3 phường bình trưng đông quận 2
4891,nguyễn xí quận bình thạnh,,,,,,,,,nguyễn xí quận bình thạnh,,,,nguyễn xí quận bình thạnh
4892,nguyễn hữu cảnh quận bình thạnh,,,,,,,,,nguyễn hữu cảnh quận bình thạnh,,,,nguyễn hữu cảnh quận bình thạnh
4893,"quận 12 , - lô c",,,,,,,,,quận 12 lô c,,,,quận 12 lô c
4894,chung cư besco an sương,,,,,,,,,chung cư besco an sương,,,,chung cư besco an sương
4895,hẻm trần bình trọng,,,,,,,,,hẻm trần bình trọng,,,,hẻm trần bình trọng
4896,đường lê quang định bình thạnh,,,,,,,,,đường lê quang định bình thạnh,,,,đường lê quang định bình thạnh
4897,"đường điện biên phủ , phường đa kao , quận 1",,,,,,,,,đường  phủ phường đa kao quận 1,,,Điện Biên,"đường  phủ phường đa kao quận 1, Điện Biên"
4898,dream home residence,,,,,,,,,dream home residence,,,,dream home residence
4899,đường lê văn chí,,,,,,,,,đường lê văn chí,,,,đường lê văn chí
4900,bình đông quận 8,,,,,,,,,bình đông quận 8,,,,bình đông quận 8
4901,"phường cầu ông lãnh , quận 1",,,,,,,,,phường cầu ông lãnh quận 1,,,,phường cầu ông lãnh quận 1
4902,"hẻm 1 xẹc ngắn , p . bình hưng hòa a , bình tân",,,,,,,,,hẻm 1 xẹc ngắn p bình hưng hòa a bình tân,,,,hẻm 1 xẹc ngắn p bình hưng hòa a bình tân
4903,"khu căn hộ opal riverside có địa chỉ tại đường số 10 , phường hiệp bình chánh , quận thủ đức",,,,,,,,,khu căn hộ opal riverside có địa chỉ tại đường số 10 phường hiệp bình chánh quận thủ đức,,,,khu căn hộ opal riverside có địa chỉ tại đường số 10 phường hiệp bình chánh quận thủ đức
4904,đường 4m lò gốm q6,,,,,,,,,đường 4m lò gốm q6,,,,đường 4m lò gốm q6
4905,quận 3 đường nguyễn thiện thuật,,,,,,,,,quận 3 đường nguyễn thiện thuật,,,,quận 3 đường nguyễn thiện thuật
4906,chung cư thái an 2,,,,,,,,,chung cư thái an 2,,,,chung cư thái an 2
4907,soho riverview ( sgc bình quới 1 ) quận bình thạnh,,,,,,,,,soho riverview sgc bình quới 1 quận bình thạnh,,,,soho riverview sgc bình quới 1 quận bình thạnh
4908,an dương vương q6,,,,,,,,,an dương vương q6,,,,an dương vương q6
4909,quận 3 phương 13,,,,,,,,,quận 3 phương 13,,,,quận 3 phương 13
4910,mặt tiền quận phú nhuận,,,,,,,,,mặt tiền quận phú nhuận,,,,mặt tiền quận phú nhuận
4911,homyland 3 phường bình trưng đông quận 2,,,,,,,,,homyland 3 phường bình trưng đông quận 2,,,,homyland 3 phường bình trưng đông quận 2
4912,mặt tiền phường 8 quận 3,,,,,,,,,mặt tiền phường 8 quận 3,,,,mặt tiền phường 8 quận 3
4913,kinh dương vương p12 q6,,,,,,,,,kinh dương vương p12 q6,,,,kinh dương vương p12 q6
4914,võ văn kiệt q6,,,,,,,,,võ văn kiệt q6,,,,võ văn kiệt q6
4915,mặt tiền đường đổ quang đẩu,,,,,,,,,mặt tiền đường đổ quang đẩu,,,,mặt tiền đường đổ quang đẩu
4916,"central garden - 328 võ văn kiệt , p . cô giang , quận 1",,,,,,,,,central garden 328 võ văn kiệt p cô giang quận 1,,,,central garden 328 võ văn kiệt p cô giang quận 1
4917,central garden quận 1,,,,,,,,,central garden quận 1,,,,central garden quận 1
4918,chung cư la casa quận 7,,,,,,,,,chung cư la casa quận 7,,,,chung cư la casa quận 7
4919,phường tân quy quận 7,,,,,,,,,phường tân quy quận 7,,,,phường tân quy quận 7
4920,tòa nhà vạn đô quận 4,,,,,,,,,tòa nhà vạn đô quận 4,,,,tòa nhà vạn đô quận 4
4921,khu phức hợp the flemington,,,,,,,,,khu phức hợp the flemington,,,,khu phức hợp the flemington
4922,the fleminton quận 11,,,,,,,,,the fleminton quận 11,,,,the fleminton quận 11
4923,mặt tiền đường kdc nam long phường phước long b - quận 9,,,,,,,,,mặt tiền đường kdc nam long phường phước long b quận 9,,,,mặt tiền đường kdc nam long phường phước long b quận 9
4924,quận 3 phường 7,,,,,,,,,quận 3 phường 7,,,,quận 3 phường 7
4925,"phố mega ruby khang điền , phường phú hữu - quận 9",,,,,,,,,phố mega ruby khang điền phường phú hữu quận 9,,,,phố mega ruby khang điền phường phú hữu quận 9
4926,vạn gia phúc the garden,,,,,,,,,vạn gia phúc the garden,,,,vạn gia phúc the garden
4927,"chung cư la astoria 3 phường bình trưng tây , quận 2",,,,,,,,,chung cư la astoria 3 phường bình trưng tây quận 2,,,,chung cư la astoria 3 phường bình trưng tây quận 2
4928,chung cư prosper plaza,,,,,,,,,chung cư prosper plaza,,,,chung cư prosper plaza
4929,chung cư quận 12,,,,,,,,,chung cư quận 12,,,,chung cư quận 12
4930,ngay trung tâm chợ lớn p2 q6,,,,,,,,,ngay trung tâm chợ lớn p2 q6,,,,ngay trung tâm chợ lớn p2 q6
4931,căn hộ,,,,,,,,,căn hộ,,,,căn hộ
4932,cao ốc res 11 quận 11,,,,,,,,,cao ốc res 11 quận 11,,,,cao ốc res 11 quận 11
4933,acb ông ích khiêm quận 11,,,,,,,,,acb ông ích khiêm quận 11,,,,acb ông ích khiêm quận 11
4934,feliz en vista phường thạnh mỹ lợi quận 2,,,,,,,,,feliz en vista phường thạnh mỹ lợi quận 2,,,,feliz en vista phường thạnh mỹ lợi quận 2
4935,lô đất,,,,,,,,,lô đất,,,,lô đất
4936,chung cư tân hòa đông p14 q6,,,,,,,,,chung cư tân hòa đông p14 q6,,,,chung cư tân hòa đông p14 q6
4937,summer square quận 6 - 243 tân hòa đông,,,,,,,,,summer square quận 6 243 tân hòa đông,,,,summer square quận 6 243 tân hòa đông
4938,tân hòa đông quận 6,,,,,,,,,tân hòa đông quận 6,,,,tân hòa đông quận 6
4939,phường trường thạnh - quận 9,,,,,,,,,phường trường thạnh quận 9,,,,phường trường thạnh quận 9
4940,khu dân cư ven sông nguyễn bình xã nhơn đức huyện nhà bè,,,,,,,,,khu dân cư ven sông nguyễn bình xã nhơn đức huyện nhà bè,,,,khu dân cư ven sông nguyễn bình xã nhơn đức huyện nhà bè
4941,cosmo city quận 7,,,,,,,,,cosmo city quận 7,,,,cosmo city quận 7
4942,"ông ích khiêm , p14 , q11",,,,,,,,,ông ích khiêm p14 q11,,,,ông ích khiêm p14 q11
4943,hẻm 1 xẹt quận 10,,,,,,,,,hẻm 1 xẹt quận 10,,,,hẻm 1 xẹt quận 10
4944,thị trấn tân hiệp hóc môn,,,,,,,,,thị trấn tân hiệp hóc môn,,,,thị trấn tân hiệp hóc môn
4945,tâm thị trấn huyện nhà bè,,,,,,,,,tâm thị trấn huyện nhà bè,,,,tâm thị trấn huyện nhà bè
4946,"chung cư haus neo ezland , phường phú hữu - quận 9",,,,,,,,,chung cư haus neo ezland phường phú hữu quận 9,,,,chung cư haus neo ezland phường phú hữu quận 9
4947,chung cư cây mai quận 11,,,,,,,,,chung cư cây mai quận 11,,,,chung cư cây mai quận 11
4948,nhà,,,,,,,,,nhà,,,,nhà
4949,đường trần khắc chân,,,,,,,,,đường trần khắc chân,,,,đường trần khắc chân
4950,"phố lý tự trọng , quận 1 , tp hcm",,,,,,,,,phố lý tự trọng quận 1 tp hcm,,,,phố lý tự trọng quận 1 tp hcm
4951,chung cư the park residence đường nguyễn hữu thọ xã phước kiển huyện nhà bè,,,,,,,,,chung cư the park residence đường nguyễn hữu thọ xã phước kiển huyện nhà bè,,,,chung cư the park residence đường nguyễn hữu thọ xã phước kiển huyện nhà bè
4952,ruby land,,,,,,,,,ruby land,,,,ruby land
4953,chợ lớn p2 q6,,,,,,,,,chợ lớn p2 q6,,,,chợ lớn p2 q6
4954,mặt tiền đường quận 6,,,,,,,,,mặt tiền đường quận 6,,,,mặt tiền đường quận 6
4955,đường lê văn lương phước kiển huyện nhà bè,,,,,,,,,đường lê văn lương phước kiển huyện nhà bè,,,,đường lê văn lương phước kiển huyện nhà bè
4956,chung cư sky 9 - quận 9,,,,,,,,,chung cư sky 9 quận 9,,,,chung cư sky 9 quận 9
4957,xã phước kiển huyện nhà bè - khu dân cư đào sư tích,,,,,,,,,xã phước kiển huyện nhà bè khu dân cư đào sư tích,,,,xã phước kiển huyện nhà bè khu dân cư đào sư tích
4958,"đường nguyễn văn tạo , xã long thới huyện nhà bè",,,,,,,,,đường nguyễn văn tạo xã long thới huyện nhà bè,,,,đường nguyễn văn tạo xã long thới huyện nhà bè
4959,chung cư prosper plaza quận 12,,,,,,,,,chung cư prosper plaza quận 12,,,,chung cư prosper plaza quận 12
4960,prosper plaza quận 12,,,,,,,,,prosper plaza quận 12,,,,prosper plaza quận 12
4961,khu trung tâm q . 10,,,,,,,,,khu trung tâm q 10,,,,khu trung tâm q 10
4962,ngõ phường 14 quận 3,,,,,,,,,ngõ phường 14 quận 3,,,,ngõ phường 14 quận 3
4963,chung cư hoàng anh gia lai 2 phường tân hưng quận 7,,,,,,,,,chung cư hoàng anh  2 phường tân hưng quận 7,,,Gia Lai,"chung cư hoàng anh  2 phường tân hưng quận 7, Gia Lai"
4964,quận bình thạnh - hẻm nguyễn hữu cảnh,,,,,,,,,quận bình thạnh hẻm nguyễn hữu cảnh,,,,quận bình thạnh hẻm nguyễn hữu cảnh
4965,quận bình thạnh - hẻm nguyễn xí,,,,,,,,,quận bình thạnh hẻm nguyễn xí,,,,quận bình thạnh hẻm nguyễn xí
4966,hẻm xô viết nghệ tĩnh,,,,,,,,,hẻm xô viết nghệ tĩnh,,,,hẻm xô viết nghệ tĩnh
4967,đường trường thạnh - quận 9,,,,,,,,,đường trường thạnh quận 9,,,,đường trường thạnh quận 9
4968,"200 đường 3 tháng 2 , phường 12 , quận 10 hà đô centrosa , tòa i2",,,,,,,,,200 đường 3 tháng 2 phường 12 quận 10 hà đô centrosa tòa i2,,,,200 đường 3 tháng 2 phường 12 quận 10 hà đô centrosa tòa i2
4969,"one verandah phường thạnh mỹ lợi , quận 2",,,,,,,,,one verandah phường thạnh mỹ lợi quận 2,,,,one verandah phường thạnh mỹ lợi quận 2
4970,chung cư thủ thiêm garden - quận 9,,,,,,,,,chung cư thủ thiêm garden quận 9,,,,chung cư thủ thiêm garden quận 9
4971,"đường liên phường , thuộc phường phước long b , quận 9",,,,,,,,,đường liên phường thuộc phường phước long b quận 9,,,,đường liên phường thuộc phường phước long b quận 9
4972,khu dân cư ven sông xã phước kiển huyện nhà bè,,,,,,,,,khu dân cư ven sông xã phước kiển huyện nhà bè,,,,khu dân cư ven sông xã phước kiển huyện nhà bè
4973,chung cư phạm thế hiển phường 4 quận 8,,,,,,,,,chung cư phạm thế hiển phường 4 quận 8,,,,chung cư phạm thế hiển phường 4 quận 8
4974,hẻm phường bình trưng đông quận 2,,,,,,,,,hẻm phường bình trưng đông quận 2,,,,hẻm phường bình trưng đông quận 2
4975,1 phòng ngủ,,,,,,,,,1 phòng ngủ,,,,1 phòng ngủ
4976,chung cư sunrise riverside - đường nguyễn hữu thọ xã phước kiển huyện nhà bè,,,,,,,,,chung cư sunrise riverside đường nguyễn hữu thọ xã phước kiển huyện nhà bè,,,,chung cư sunrise riverside đường nguyễn hữu thọ xã phước kiển huyện nhà bè
4977,đường nguyễn xí,,,,,,,,,đường nguyễn xí,,,,đường nguyễn xí
4978,đường nguyễn thiện thuật,,,,,,,,,đường nguyễn thiện thuật,,,,đường nguyễn thiện thuật
4979,i - home quận gò vấp,,,,,,,,,i home quận gò vấp,,,,i home quận gò vấp
4980,quận gò vấp khu phân lô,,,,,,,,,quận gò vấp khu phân lô,,,,quận gò vấp khu phân lô
4981,dự án sam sung town phường long trường - quận 9,,,,,,,,,dự án sam sung town phường long trường quận 9,,,,dự án sam sung town phường long trường quận 9
4982,"đường huỳnh tấn phát , xã phú xuân huyện nhà bè - khu dân cư q mama house",,,,,,,,,đường huỳnh tấn phát xã phú xuân huyện nhà bè khu dân cư q mama house,,,,đường huỳnh tấn phát xã phú xuân huyện nhà bè khu dân cư q mama house
4983,citi soho phường cát lái quận 2,,,,,,,,,citi soho phường cát lái quận 2,,,,citi soho phường cát lái quận 2
4984,sunny house,,,,,,,,,sunny house,,,,sunny house
4985,chung cư quận gò vấp,,,,,,,,,chung cư quận gò vấp,,,,chung cư quận gò vấp
4986,hẻm 1 / hậu giang p12 q6,,,,,,,,,hẻm 1  p12 q6,,,Hậu Giang,"hẻm 1  p12 q6, Hậu Giang"
4987,phường long phước - quận 9,,,,,,,,,phường long phước quận 9,,,,phường long phước quận 9
4988,chung cư silver star - hưng phát 2 đường nguyễn hữu thọ xã phước kiển huyện nhà bè,,,,,,,,,chung cư silver star hưng phát 2 đường nguyễn hữu thọ xã phước kiển huyện nhà bè,,,,chung cư silver star hưng phát 2 đường nguyễn hữu thọ xã phước kiển huyện nhà bè
4989,đường võ văn kiệt phường cô giang quận 1,,,,,,,,,đường võ văn kiệt phường cô giang quận 1,,,,đường võ văn kiệt phường cô giang quận 1
4990,sài gòn res,,,,,,,,,sài gòn res,,,,sài gòn res
4991,109 nguyễn biểu quận 5,,,,,,,,,109 nguyễn biểu quận 5,,,,109 nguyễn biểu quận 5
4992,city land park hills quận gò vấp,,,,,,,,,city land park hills quận gò vấp,,,,city land park hills quận gò vấp
4993,xuân thới sơn hóc môn,,,,,,,,,xuân thới sơn hóc môn,,,,xuân thới sơn hóc môn
4994,khu đảo kim cương - quận 9,,,,,,,,,khu đảo kim cương quận 9,,,,khu đảo kim cương quận 9
4995,đảo kim cương quận 9,,,,,,,,,đảo kim cương quận 9,,,,đảo kim cương quận 9
4996,diện tích đất : 4mx 19.15 m = 76.5 m2,,,,,,,,,diện tích đất 4mx 19 15 m 76 5 m2,,,,diện tích đất 4mx 19 15 m 76 5 m2
4997,mặt tiền tản đà,,,,,,,,,mặt tiền tản đà,,,,mặt tiền tản đà
4998,khu dân cư phú lợi phường 7 quận 8,,,,,,,,,khu dân cư phú lợi phường 7 quận 8,,,,khu dân cư phú lợi phường 7 quận 8
4999,chung cư cosmo city,,,,,,,,,chung cư cosmo city,,,,chung cư cosmo city
5000,phường 1 quận 8,,,,,,,,,phường 1 quận 8,,,,phường 1 quận 8
5001,chung cư sài gòn south residences - đường nguyễn hữu thọ xã phước kiển huyện nhà bè,,,,,,,,,chung cư sài gòn south residences đường nguyễn hữu thọ xã phước kiển huyện nhà bè,,,,chung cư sài gòn south residences đường nguyễn hữu thọ xã phước kiển huyện nhà bè
5002,đường lê văn lương xã phước kiển huyện nhà bè,,,,,,,,,đường lê văn lương xã phước kiển huyện nhà bè,,,,đường lê văn lương xã phước kiển huyện nhà bè
5003,đường nguyễn an ninh khu vực phường 14 bình thạnh,,,,,,,,,đường nguyễn an ninh khu vực phường 14 bình thạnh,,,,đường nguyễn an ninh khu vực phường 14 bình thạnh
5004,"p , bình trị đông , bình tân",,,,,,,,,p bình trị đông bình tân,,,,p bình trị đông bình tân
5005,đường lê văn lương nhà bè,,,,,,,,,đường lê văn lương nhà bè,,,,đường lê văn lương nhà bè
5006,mặt tiền đường lê đức thọ,,,,,,,,,mặt tiền đường lê đức thọ,,,,mặt tiền đường lê đức thọ
5007,chung cư manor 1 quận bình thạnh,,,,,,,,,chung cư manor 1 quận bình thạnh,,,,chung cư manor 1 quận bình thạnh
5008,phường 5 quận 3,,,,,,,,,phường 5 quận 3,,,,phường 5 quận 3
5009,chung cư samland river view quận bình thạnh,,,,,,,,,chung cư samland river view quận bình thạnh,,,,chung cư samland river view quận bình thạnh
5010,mặt tiền phường 15 quận phú nhuận,,,,,,,,,mặt tiền phường 15 quận phú nhuận,,,,mặt tiền phường 15 quận phú nhuận
5011,"trần hưng đạo , p . cầu kho , quận 1",,,,,,,,,trần hưng đạo p cầu kho quận 1,,,,trần hưng đạo p cầu kho quận 1
5012,chung cư sunrise central tower phường tân hưng quận 7,,,,,,,,,chung cư sunrise central tower phường tân hưng quận 7,,,,chung cư sunrise central tower phường tân hưng quận 7
5013,chung cư hà đô quận 12,,,,,,,,,chung cư hà đô quận 12,,,,chung cư hà đô quận 12
5014,chung cư sky 9 - phường phú hữu - quận 9,,,,,,,,,chung cư sky 9 phường phú hữu quận 9,,,,chung cư sky 9 phường phú hữu quận 9
5015,dự án sky 9,,,,,,,,,dự án sky 9,,,,dự án sky 9
5016,góc đường liên phường và đường vành đai trong thuộc phường phú hữu quận 9,,,,,,,,,góc đường liên phường và đường vành đai trong thuộc phường phú hữu quận 9,,,,góc đường liên phường và đường vành đai trong thuộc phường phú hữu quận 9
5017,newton residence,,,,,,,,,newton residence,,,,newton residence
5018,hẻm phạm ngũ lão,,,,,,,,,hẻm phạm ngũ lão,,,,hẻm phạm ngũ lão
5019,"p . đakao , quận 1",,,,,,,,,p đakao quận 1,,,,p đakao quận 1
5020,quận bình thạnh - hẻm 2 sẹc đường phan chu trinh,,,,,,,,,quận bình thạnh hẻm 2 sẹc đường phan chu trinh,,,,quận bình thạnh hẻm 2 sẹc đường phan chu trinh
5021,"số nhà 28 , ngách 521 / 80 đường cổ nhuế ( vào ngõ 341 cũng đc )",,,,,,,,,số nhà 28 ngách 521 80 đường cổ nhuế vào ngõ 341 cũng đc,,,,số nhà 28 ngách 521 80 đường cổ nhuế vào ngõ 341 cũng đc
5022,mặt tiền đường lê quang sung p6 q6,,,,,,,,,mặt tiền đường lê quang sung p6 q6,,,,mặt tiền đường lê quang sung p6 q6
5023,mặt tiền đường nội bộ phường long trường - quận 9,,,,,,,,,mặt tiền đường nội bộ phường long trường quận 9,,,,mặt tiền đường nội bộ phường long trường quận 9
5024,đất thổ cư 100 %,,,,,,,,,đất thổ cư 100,,,,đất thổ cư 100
5025,đất,,,,,,,,,đất,,,,đất
5026,quận bình thạnh - hẻm xe hơi bùi đình túy,,,,,,,,,quận bình thạnh hẻm xe hơi bùi đình túy,,,,quận bình thạnh hẻm xe hơi bùi đình túy
5027,2 mặt tiền đường quận 6,,,,,,,,,2 mặt tiền đường quận 6,,,,2 mặt tiền đường quận 6
5028,phan chu trinh bình thạnh,,,,,,,,,phan chu trinh bình thạnh,,,,phan chu trinh bình thạnh
5029,"xã qui đức , huyện bình chánh",,,,,,,,,xã qui đức huyện bình chánh,,,,xã qui đức huyện bình chánh
5030,"trung tâm thị trấn huyện nhà bè , đường dương cát lợi",,,,,,,,,trung tâm thị trấn huyện nhà bè đường dương cát lợi,,,,trung tâm thị trấn huyện nhà bè đường dương cát lợi
5031,phú mỹ thuận,,,,,,,,,phú mỹ thuận,,,,phú mỹ thuận
5032,xã phú xuân đường huỳnh tấn phát - huyện nhà bè,,,,,,,,,xã phú xuân đường huỳnh tấn phát huyện nhà bè,,,,xã phú xuân đường huỳnh tấn phát huyện nhà bè
5033,mặt tiền đường lý tế xuyên,,,,,,,,,mặt tiền đường lý tế xuyên,,,,mặt tiền đường lý tế xuyên
5034,mặt tiền đường số kdc him lam phường tân hưng quận 7,,,,,,,,,mặt tiền đường số kdc him lam phường tân hưng quận 7,,,,mặt tiền đường số kdc him lam phường tân hưng quận 7
5035,1 + 1 phòng ngủ,,,,,,,,,1 1 phòng ngủ,,,,1 1 phòng ngủ
5036,đường lê thị bạch cát quận 11,,,,,,,,,đường lê thị bạch cát quận 11,,,,đường lê thị bạch cát quận 11
5037,kingdom 101 quận 10,,,,,,,,,kingdom 101 quận 10,,,,kingdom 101 quận 10
5038,căn hộ góc,,,,,,,,,căn hộ góc,,,,căn hộ góc
5039,"trần quý cáp . phường 11 , bình thạnh",,,,,,,,,trần quý cáp phường 11 bình thạnh,,,,trần quý cáp phường 11 bình thạnh
5040,4 mặt tiền đường bát nàn nguyễn văn kỉnh tạ hiện thạnh mỹ lợi,,,,,,,,,4 mặt tiền đường bát nàn nguyễn văn kỉnh tạ hiện thạnh mỹ lợi,,,,4 mặt tiền đường bát nàn nguyễn văn kỉnh tạ hiện thạnh mỹ lợi
5041,khu emerald quận tân phú,,,,,,,,,khu emerald quận tân phú,,,,khu emerald quận tân phú
5042,"mt đsố , an lạc , bình tân",,,,,,,,,mt đsố an lạc bình tân,,,,mt đsố an lạc bình tân
5043,tân vĩnh,,,,,,,,,tân vĩnh,,,,tân vĩnh
5044,"hẻm thông bùi đình túy , quận bình thạnh",,,,,,,,,hẻm thông bùi đình túy quận bình thạnh,,,,hẻm thông bùi đình túy quận bình thạnh
5045,"hẻm 137 trần đình xu , quận 1",,,,,,,,,hẻm 137 trần đình xu quận 1,,,,hẻm 137 trần đình xu quận 1
5046,"p . bến thành , trung tâm quận 1",,,,,,,,,p bến thành trung tâm quận 1,,,,p bến thành trung tâm quận 1
5047,ruby land tân phú tầng 3,,,,,,,,,ruby land tân phú tầng 3,,,,ruby land tân phú tầng 3
5048,"dự án valecia riverside phường phú hữu , quận 9",,,,,,,,,dự án valecia riverside phường phú hữu quận 9,,,,dự án valecia riverside phường phú hữu quận 9
5049,"hẻm sát mặt tiền nguyễn thị minh khai khu thảo cầm viên , quận 1",,,,,,,,,hẻm sát mặt tiền nguyễn thị minh khai khu thảo cầm viên quận 1,,,,hẻm sát mặt tiền nguyễn thị minh khai khu thảo cầm viên quận 1
5050,mặt tiền đường phường 7 quận 8,,,,,,,,,mặt tiền đường phường 7 quận 8,,,,mặt tiền đường phường 7 quận 8
5051,dự án la astoria 1,,,,,,,,,dự án la astoria 1,,,,dự án la astoria 1
5052,đường bình lợi quận bình thạnh,,,,,,,,,đường bình lợi quận bình thạnh,,,,đường bình lợi quận bình thạnh
5053,phường 8 . quận 3,,,,,,,,,phường 8 quận 3,,,,phường 8 quận 3
5054,"chung cư ehome 3 , an lạc , bình tân",,,,,,,,,chung cư ehome 3 an lạc bình tân,,,,chung cư ehome 3 an lạc bình tân
5055,"đường âu cơ , p14 , quận 11",,,,,,,,,đường âu cơ p14 quận 11,,,,đường âu cơ p14 quận 11
5056,dự án kingdom 101,,,,,,,,,dự án kingdom 101,,,,dự án kingdom 101
5057,"đường nguyễn hữu cảnh , quận bình thạnh",,,,,,,,,đường nguyễn hữu cảnh quận bình thạnh,,,,đường nguyễn hữu cảnh quận bình thạnh
5058,topaz center quận tân phú,,,,,,,,,topaz center quận tân phú,,,,topaz center quận tân phú
5059,mặt tiền đường lớn phạm văn chiêu,,,,,,,,,mặt tiền đường lớn phạm văn chiêu,,,,mặt tiền đường lớn phạm văn chiêu
5060,"cc moonlight park view , an lạc a , bình tân",,,,,,,,,cc moonlight park view an lạc a bình tân,,,,cc moonlight park view an lạc a bình tân
5061,dự án feliz en vista quận 2,,,,,,,,,dự án feliz en vista quận 2,,,,dự án feliz en vista quận 2
5062,phường 14 quận 3,,,,,,,,,phường 14 quận 3,,,,phường 14 quận 3
5063,"p . tân tạo , bình tân",,,,,,,,,p tân tạo bình tân,,,,p tân tạo bình tân
5064,chung cư sunny plaza quận gò vấp,,,,,,,,,chung cư sunny plaza quận gò vấp,,,,chung cư sunny plaza quận gò vấp
5065,copac square quận 4,,,,,,,,,copac square quận 4,,,,copac square quận 4
5066,chung cư quận đội p13 q6,,,,,,,,,chung cư quận đội p13 q6,,,,chung cư quận đội p13 q6
5067,chung cư quân đội nằm trên đường số 10 cư xá đài ra đa phường 13 quận 6,,,,,,,,,chung cư quân đội nằm trên đường số 10 cư xá đài ra đa phường 13 quận 6,,,,chung cư quân đội nằm trên đường số 10 cư xá đài ra đa phường 13 quận 6
5068,đường hậu giang p5 q6,,,,,,,,,đường  p5 q6,,,Hậu Giang,"đường  p5 q6, Hậu Giang"
5069,mặt tiền nguyễn đình chiểu quận 3,,,,,,,,,mặt tiền nguyễn đình chiểu quận 3,,,,mặt tiền nguyễn đình chiểu quận 3
5070,"hẻm 2a nguyên thị minh khai , p dakao q1",,,,,,,,,hẻm 2a nguyên thị minh khai p dakao q1,,,,hẻm 2a nguyên thị minh khai p dakao q1
5071,hà đô quận 10,,,,,,,,,hà đô quận 10,,,,hà đô quận 10
5072,chung cư jamona city quận 7,,,,,,,,,chung cư jamona city quận 7,,,,chung cư jamona city quận 7
5073,hẻm nguyễn trãi q1,,,,,,,,,hẻm nguyễn trãi q1,,,,hẻm nguyễn trãi q1
5074,mặt tiền đường quận tân phú,,,,,,,,,mặt tiền đường quận tân phú,,,,mặt tiền đường quận tân phú
5075,golden mansion 50m2 trung tâm quận phú nhuận,,,,,,,,,golden mansion 50m2 trung tâm quận phú nhuận,,,,golden mansion 50m2 trung tâm quận phú nhuận
5076,trung tâm q11,,,,,,,,,trung tâm q11,,,,trung tâm q11
5077,trung tâm lõi q11,,,,,,,,,trung tâm lõi q11,,,,trung tâm lõi q11
5078,"dự án citi home , phường cát lái quận 2",,,,,,,,,dự án citi home phường cát lái quận 2,,,,dự án citi home phường cát lái quận 2
5079,mặt tiền quận 6,,,,,,,,,mặt tiền quận 6,,,,mặt tiền quận 6
5080,chung cư sunshine city quận 7,,,,,,,,,chung cư sunshine city quận 7,,,,chung cư sunshine city quận 7
5081,chung cư riverside residence quận 7,,,,,,,,,chung cư riverside residence quận 7,,,,chung cư riverside residence quận 7
5082,đường lê văn lương phường tân phong quận 7,,,,,,,,,đường lê văn lương phường tân phong quận 7,,,,đường lê văn lương phường tân phong quận 7
5083,"dự án park riverside , phường phú hữu - quận 9",,,,,,,,,dự án park riverside phường phú hữu quận 9,,,,dự án park riverside phường phú hữu quận 9
5084,dự án khu dân cư việt nhân mặt tiền đường lò lu - quận 9,,,,,,,,,dự án khu dân cư việt nhân mặt tiền đường lò lu quận 9,,,,dự án khu dân cư việt nhân mặt tiền đường lò lu quận 9
5085,khu dân cư việt nhân mặt tiền đường lò lu,,,,,,,,,khu dân cư việt nhân mặt tiền đường lò lu,,,,khu dân cư việt nhân mặt tiền đường lò lu
5086,"hẻm hòa bình , p5 , q11",,,,,,,,,hẻm  p5 q11,,,Hòa Bình,"hẻm  p5 q11, Hòa Bình"
5087,chung cư mỹ phúc phường 16 quận 8,,,,,,,,,chung cư mỹ phúc phường 16 quận 8,,,,chung cư mỹ phúc phường 16 quận 8
5088,mặt tiền đường hoàng diệu 2,,,,,,,,,mặt tiền đường hoàng diệu 2,,,,mặt tiền đường hoàng diệu 2
5089,đường đặng nhữ lâm thị trấn huyện nhà bè,,,,,,,,,đường đặng nhữ lâm thị trấn huyện nhà bè,,,,đường đặng nhữ lâm thị trấn huyện nhà bè
5090,khu dân cư làng đại học phước kiển đường nguyễn hữu thọ huyện nhà bè,,,,,,,,,khu dân cư làng đại học phước kiển đường nguyễn hữu thọ huyện nhà bè,,,,khu dân cư làng đại học phước kiển đường nguyễn hữu thọ huyện nhà bè
5091,"khu dân cư phước kiển đường nguễn hữu thọ ,",,,,,,,,,khu dân cư phước kiển đường nguễn hữu thọ,,,,khu dân cư phước kiển đường nguễn hữu thọ
5092,chung cư bộ công an,,,,,,,,,chung cư bộ công an,,,,chung cư bộ công an
5093,lê văn lương xã phước kiển huyện nhà bè,,,,,,,,,lê văn lương xã phước kiển huyện nhà bè,,,,lê văn lương xã phước kiển huyện nhà bè
5094,terra royal trung tâm q3,,,,,,,,,terra royal trung tâm q3,,,,terra royal trung tâm q3
5095,"chung cư hommy land 1 phường bình trưng tây , quận 2",,,,,,,,,chung cư hommy land 1 phường bình trưng tây quận 2,,,,chung cư hommy land 1 phường bình trưng tây quận 2
5096,homy land 1,,,,,,,,,homy land 1,,,,homy land 1
5097,mặt tiền đường nguyễn duy trinh - trung tâm quận 2,,,,,,,,,mặt tiền đường nguyễn duy trinh trung tâm quận 2,,,,mặt tiền đường nguyễn duy trinh trung tâm quận 2
5098,"hẻm lương hữu khánh , q1",,,,,,,,,hẻm lương hữu khánh q1,,,,hẻm lương hữu khánh q1
5099,khu cư xá quận bình thạnh,,,,,,,,,khu cư xá quận bình thạnh,,,,khu cư xá quận bình thạnh
5100,"trần quang khải , p . tân định , q . 1",,,,,,,,,trần quang khải p tân định q 1,,,,trần quang khải p tân định q 1
5101,xã phú xuân đường huỳnh tấn phát huyện nhà bè,,,,,,,,,xã phú xuân đường huỳnh tấn phát huyện nhà bè,,,,xã phú xuân đường huỳnh tấn phát huyện nhà bè
5102,"đường nguyễn thị minh khai , phường bến nghé , quận 1",,,,,,,,,đường nguyễn thị minh khai phường bến nghé quận 1,,,,đường nguyễn thị minh khai phường bến nghé quận 1
5103,safira tọa lạc mặt tiền đường n6,,,,,,,,,safira tọa lạc mặt tiền đường n6,,,,safira tọa lạc mặt tiền đường n6
5104,p9 q6,,,,,,,,,p9 q6,,,,p9 q6
5105,"đề thám , quận 1",,,,,,,,,đề thám quận 1,,,,đề thám quận 1
5106,đặng tất,,,,,,,,,đặng tất,,,,đặng tất
5107,"đường số 2 , phường 3 quận gò vấp",,,,,,,,,đường số 2 phường 3 quận gò vấp,,,,đường số 2 phường 3 quận gò vấp
5108,đường huỳnh tấn phát phú xuân huyện nhà bè,,,,,,,,,đường huỳnh tấn phát phú xuân huyện nhà bè,,,,đường huỳnh tấn phát phú xuân huyện nhà bè
5109,huỳnh tấn phát,,,,,,,,,huỳnh tấn phát,,,,huỳnh tấn phát
5110,chung cư lạc long quân quận 11,,,,,,,,,chung cư lạc long quân quận 11,,,,chung cư lạc long quân quận 11
5111,đường phan văn trị,,,,,,,,,đường phan văn trị,,,,đường phan văn trị
5112,đường chu văn an,,,,,,,,,đường chu văn an,,,,đường chu văn an
5113,đường phan chu trinh,,,,,,,,,đường phan chu trinh,,,,đường phan chu trinh
5114,góc 2 mặt tiền vườn lài và phạm văn xảo,,,,,,,,,góc 2 mặt tiền vườn lài và phạm văn xảo,,,,góc 2 mặt tiền vườn lài và phạm văn xảo
5115,tọa lạc 451 tô hiến thành phường 14 quận 10,,,,,,,,,tọa lạc 451 tô hiến thành phường 14 quận 10,,,,tọa lạc 451 tô hiến thành phường 14 quận 10
5116,hẻm 791 trần xuân soạn,,,,,,,,,hẻm 791 trần xuân soạn,,,,hẻm 791 trần xuân soạn
5117,"hẻm 791 trần xuân soạn , p tân hưng q7 , tphcm",,,,,,,,,hẻm 791 trần xuân soạn p tân hưng q7 tphcm,,,,hẻm 791 trần xuân soạn p tân hưng q7 tphcm
5118,đảo phú quý,,,,,,,,,đảo phú quý,,,,đảo phú quý
5119,ngõ hòa bình 7 - minh khai,,,,,,,,,ngõ  7 minh khai,,,Hòa Bình,"ngõ  7 minh khai, Hòa Bình"
5120,"803 tòa n03 t1 khu ngoại giao đoàn , đường xuân đỉnh , phường xuân tảo , quận bắc từ liêm , thành phố hà nội",,,,,,,,,803 tòa n03 t1 khu ngoại giao đoàn đường xuân đỉnh phường xuân tảo quận bắc từ liêm thành phố hà nội,,,,803 tòa n03 t1 khu ngoại giao đoàn đường xuân đỉnh phường xuân tảo quận bắc từ liêm thành phố hà nội
5121,phố tân mai,,,,,,,,,phố tân mai,,,,phố tân mai
5122,emerald,,,,,,,,,emerald,,,,emerald
5123,phân khu emerald - celadon city tháp a,,,,,,,,,phân khu emerald celadon city tháp a,,,,phân khu emerald celadon city tháp a
5124,chu huy mân,,,,,,,,,chu huy mân,,,,chu huy mân
5125,khu mỹ đình - từ liêm,,,,,,,,,khu mỹ đình từ liêm,,,,khu mỹ đình từ liêm
5126,khu vip mỹ đình,,,,,,,,,khu vip mỹ đình,,,,khu vip mỹ đình
5127,quận từ liêm,,,,,,,,,quận từ liêm,,,,quận từ liêm
5128,"ngõ 158 trương định , hai bà trưng , hà nội",,,,,,,,,ngõ 158 trương định hai bà trưng hà nội,,,,ngõ 158 trương định hai bà trưng hà nội
5129,mặt tiền đường phường 2 quận 8,,,,,,,,,mặt tiền đường phường 2 quận 8,,,,mặt tiền đường phường 2 quận 8
5130,mặt tiền đường nội bộ kdc trung sơn xã bình hưng huyện bình chánh,,,,,,,,,mặt tiền đường nội bộ kdc trung sơn xã bình hưng huyện bình chánh,,,,mặt tiền đường nội bộ kdc trung sơn xã bình hưng huyện bình chánh
5131,p . 10 quận 11,,,,,,,,,p 10 quận 11,,,,p 10 quận 11
5132,p . 11 quận 11,,,,,,,,,p 11 quận 11,,,,p 11 quận 11
5133,"đường thái phiên p8 , quận 11",,,,,,,,,đường thái phiên p8 quận 11,,,,đường thái phiên p8 quận 11
5134,"tuệ tĩnh , phường 13 , quận 11",,,,,,,,,tuệ tĩnh phường 13 quận 11,,,,tuệ tĩnh phường 13 quận 11
5135,mặt tiền phường 5 quận phú nhuận,,,,,,,,,mặt tiền phường 5 quận phú nhuận,,,,mặt tiền phường 5 quận phú nhuận
5136,thị trấn huyện nhà bè,,,,,,,,,thị trấn huyện nhà bè,,,,thị trấn huyện nhà bè
5137,105 mặt tiền đường khu dân cư phú mỹ hưng phường tân phong quận 7,,,,,,,,,105 mặt tiền đường khu dân cư phú mỹ hưng phường tân phong quận 7,,,,105 mặt tiền đường khu dân cư phú mỹ hưng phường tân phong quận 7
5138,mặt tiền mai thị lựu đakao quận 1,,,,,,,,,mặt tiền mai thị lựu đakao quận 1,,,,mặt tiền mai thị lựu đakao quận 1
5139,mặt tiền đường pasteur quận 1,,,,,,,,,mặt tiền đường pasteur quận 1,,,,mặt tiền đường pasteur quận 1
5140,vinhomes 54a nguyễn chí thanh,,,,,,,,,vinhomes 54a nguyễn chí thanh,,,,vinhomes 54a nguyễn chí thanh
5141,cao ốc park view phường tân phong quận 7,,,,,,,,,cao ốc park view phường tân phong quận 7,,,,cao ốc park view phường tân phong quận 7
5142,mặt tiền đường nguyễn thị minh khai quận 1,,,,,,,,,mặt tiền đường nguyễn thị minh khai quận 1,,,,mặt tiền đường nguyễn thị minh khai quận 1
5143,"mặt tiền đường bùi tá hán , phường an phú , quận 2",,,,,,,,,mặt tiền đường bùi tá hán phường an phú quận 2,,,,mặt tiền đường bùi tá hán phường an phú quận 2
5144,chung cư eco green phường tân thuận tây quận 7,,,,,,,,,chung cư eco green phường tân thuận tây quận 7,,,,chung cư eco green phường tân thuận tây quận 7
5145,wilton tower,,,,,,,,,wilton tower,,,,wilton tower
5146,tòa aqua 4,,,,,,,,,tòa aqua 4,,,,tòa aqua 4
5147,tp . hcm,,,,,,,,,tp hcm,,,,tp hcm
5148,khu 146 nguyễn văn hưởng,,,,,,,,,khu 146 nguyễn văn hưởng,,,,khu 146 nguyễn văn hưởng
5149,khu d4,,,,,,,,,khu d4,,,,khu d4
5150,ngõ hàm long 1,,,,,,,,,ngõ hàm long 1,,,,ngõ hàm long 1
5151,"tòa nhà sky center , đường phổ quang",,,,,,,,,tòa nhà sky center đường phổ quang,,,,tòa nhà sky center đường phổ quang
5152,"số 02 phan tây hồ , phường 7 phú nhuận",,,,,,,,,số 02 phan tây hồ phường 7 phú nhuận,,,,số 02 phan tây hồ phường 7 phú nhuận
5153,"mỹ văn 2 phú mỹ hưng , quận 7 , tp . hồ chí minh",,,,,,,,,mỹ văn 2 phú mỹ hưng  tp,, Quận 7,Hồ Chí Minh,"mỹ văn 2 phú mỹ hưng  tp,  Quận 7, Hồ Chí Minh"
5154,"đường lạc long quân , phường 9 , quận tân bình , tp hồ chí minh",,,,,,,,,đường lạc long quân   tp,Phường 9,Quận Tân Bình,Hồ Chí Minh,"đường lạc long quân   tp, Phường 9, Quận Tân Bình, Hồ Chí Minh"
5155,"1041 / 62 / 207 trần xuân soạn , p . tân hưng , q7",,,,,,,,,1041 62 207 trần xuân soạn p tân hưng q7,,,,1041 62 207 trần xuân soạn p tân hưng q7
5156,"tòa nhà phước thành , mặt tiền đường điện biên phủ",,,,,,,,,tòa nhà phước thành mặt tiền đường  phủ,,,Điện Biên,"tòa nhà phước thành mặt tiền đường  phủ, Điện Biên"
5157,"819 , hương lộ 2 , q . bình tân",,,,,,,,,819 hương lộ 2 q bình tân,,,,819 hương lộ 2 q bình tân
5158,"mặt tiền đường g7 , phường bình hưng hòa b , bình tân",,,,,,,,,mặt tiền đường g7 phường bình hưng hòa b bình tân,,,,mặt tiền đường g7 phường bình hưng hòa b bình tân
5159,số 124 - 126 đường hoàng diệu quận hải châu đà nẵng,,,,,,,,,số 124 126 đường hoàng diệu,,Quận Hải Châu,Đà Nẵng,"số 124 126 đường hoàng diệu, Quận Hải Châu, Đà Nẵng"
5160,florita - quận 7,,,,,,,,,florita quận 7,,,,florita quận 7
5161,"florita - đường d1 , phường tân hưng , quận 7",,,,,,,,,florita đường d1 phường tân hưng quận 7,,,,florita đường d1 phường tân hưng quận 7
5162,nguyễn bình khiêm phường 5 bình thạnh,,,,,,,,,nguyễn bình khiêm phường 5 bình thạnh,,,,nguyễn bình khiêm phường 5 bình thạnh
5163,"140 nguyễn trãi , p3 , quận 5",,,,,,,,,140 nguyễn trãi p3 quận 5,,,,140 nguyễn trãi p3 quận 5
5164,krista,,,,,,,,,krista,,,,krista
5165,"nguyễn du , bến thành , q1",,,,,,,,,nguyễn du bến thành q1,,,,nguyễn du bến thành q1
5166,"chung cư tại tòa hong kong tower , đê la thành , đống đa , hà nội",,,,,,,,,chung cư tại tòa hong kong tower đê la thành đống đa hà nội,,,,chung cư tại tòa hong kong tower đê la thành đống đa hà nội
5167,đường nguyễn phước lan - đà nẵng,,,,,,,,,đường nguyễn phước lan,,,Đà Nẵng,"đường nguyễn phước lan, Đà Nẵng"
5168,mizuki park bình chánh,,,,,,,,,mizuki park bình chánh,,,,mizuki park bình chánh
5169,tòa chung cư eurowindow trần duy hưng,,,,,,,,,tòa chung cư eurowindow trần duy hưng,,,,tòa chung cư eurowindow trần duy hưng
5170,"chung cư vp 6 linh đàm , quận hoàng mai , hà nội",,,,,,,,,chung cư vp 6 linh đàm quận hoàng mai hà nội,,,,chung cư vp 6 linh đàm quận hoàng mai hà nội
5171,"khu lakeview , đường song hành , phường an phú , quận 2 , hồ chí minh",,,,,,,,,khu lakeview đường song hành,Phường An Phú, Quận 2,Hồ Chí Minh,"khu lakeview đường song hành, Phường An Phú,  Quận 2, Hồ Chí Minh"
5172,mặt phố trương định,,,,,,,,,mặt phố trương định,,,,mặt phố trương định
5173,"phúc yên , 31 phan huy ích , p . 15 , q . tân bình",,,,,,,,,phúc yên 31 phan huy ích p 15 q tân bình,,,,phúc yên 31 phan huy ích p 15 q tân bình
5174,chung cư the golden armor - b6 giảng võ,,,,,,,,,chung cư the golden armor b6 giảng võ,,,,chung cư the golden armor b6 giảng võ
5175,vinhomes dcapitale - tòa c1 - 220 trần duy hưng - hà nội,,,,,,,,,vinhomes dcapitale tòa c1 220 trần duy hưng hà nội,,,,vinhomes dcapitale tòa c1 220 trần duy hưng hà nội
5176,"cầu diễn , quận nam từ liêm",,,,,,,,,cầu diễn quận nam từ liêm,,,,cầu diễn quận nam từ liêm
5177,riverpark residence phú mỹ hưng q7,,,,,,,,,riverpark residence phú mỹ hưng q7,,,,riverpark residence phú mỹ hưng q7
5178,sun village,,,,,,,,,sun village,,,,sun village
5179,sài gòn gateway - đường xa lộ hà nội,,,,,,,,,sài gòn gateway đường xa lộ hà nội,,,,sài gòn gateway đường xa lộ hà nội
5180,"nam việt á , q . ngũ hành sơn , tp . đà nẵng",,,,,,,,,nam việt á q ngũ hành sơn tp,,,Đà Nẵng,"nam việt á q ngũ hành sơn tp, Đà Nẵng"
5181,chung cư thanh niên đường điện biên phủ . bình thạnh,,,,,,,,,chung cư thanh niên đường  phủ bình thạnh,,,Điện Biên,"chung cư thanh niên đường  phủ bình thạnh, Điện Biên"
5182,"đường lạc long quân , nhật tân , tây hồ",,,,,,,,,đường lạc long quân nhật tân tây hồ,,,,đường lạc long quân nhật tân tây hồ
5183,leman,,,,,,,,,leman,,,,leman
5184,"ngọc thụy , long biên , hà nội",,,,,,,,,ngọc thụy long biên hà nội,,,,ngọc thụy long biên hà nội
5185,"đường an dương vương , phường 8 , quận 5 , tp hồ chí minh",,,,,,,,,đường an dương vương   tp,Phường 8, Quận 5,Hồ Chí Minh,"đường an dương vương   tp, Phường 8,  Quận 5, Hồ Chí Minh"
5186,mặt tiền đường an dương vương quận 5,,,,,,,,,mặt tiền đường an dương vương quận 5,,,,mặt tiền đường an dương vương quận 5
5187,tòa chung cư lancaster 20 núi trúc hà nội,,,,,,,,,tòa chung cư lancaster 20 núi trúc hà nội,,,,tòa chung cư lancaster 20 núi trúc hà nội
5188,số 56 ngõ 186 trần duy hưng,,,,,,,,,số 56 ngõ 186 trần duy hưng,,,,số 56 ngõ 186 trần duy hưng
5189,số 56 ngõ 166 trần duy hưng,,,,,,,,,số 56 ngõ 166 trần duy hưng,,,,số 56 ngõ 166 trần duy hưng
5190,chung cư mường thanh viễn triều,,,,,,,,,chung cư mường thanh viễn triều,,,,chung cư mường thanh viễn triều
5191,"cantavil an phú , quận 2",,,,,,,,,cantavil an phú quận 2,,,,cantavil an phú quận 2
5192,belleza,,,,,,,,,belleza,,,,belleza
5193,"170 / 21 bùi đình túy , p . 12 , q . bình thạnh",,,,,,,,,170 21 bùi đình túy p 12 q bình thạnh,,,,170 21 bùi đình túy p 12 q bình thạnh
5194,hẻm 170 bđt,,,,,,,,,hẻm 170 bđt,,,,hẻm 170 bđt
5195,"dự án vinhomes west point , đỗ đức dục",,,,,,,,,dự án vinhomes west point đỗ đức dục,,,,dự án vinhomes west point đỗ đức dục
5196,"tòa ct 4 , eco green city nguyễn xiển",,,,,,,,,tòa ct 4 eco green city nguyễn xiển,,,,tòa ct 4 eco green city nguyễn xiển
5197,trục đường chính time city park hill,,,,,,,,,trục đường chính time city park hill,,,,trục đường chính time city park hill
5198,đường phan huy ích ngay chung cư khang gia,,,,,,,,,đường phan huy ích ngay chung cư khang gia,,,,đường phan huy ích ngay chung cư khang gia
5199,sunrise city : - khu south,,,,,,,,,sunrise city khu south,,,,sunrise city khu south
5200,biên hòa new city của chủ đầu tư hưng thịnh,,,,,,,,,biên hòa new city của chủ đầu tư hưng thịnh,,,,biên hòa new city của chủ đầu tư hưng thịnh
5201,biên hòa new city,,,,,,,,,biên hòa new city,,,,biên hòa new city
5202,"đường số 7 , linh trung",,,,,,,,,đường số 7 linh trung,,,,đường số 7 linh trung
5203,chung cư mizuki park - mp 5,,,,,,,,,chung cư mizuki park mp 5,,,,chung cư mizuki park mp 5
5204,huyện đông anh hà nội,,,,,,,,,huyện đông anh hà nội,,,,huyện đông anh hà nội
5205,xã nam hồng - huyện đông anh - hà nội,,,,,,,,,xã nam hồng huyện đông anh hà nội,,,,xã nam hồng huyện đông anh hà nội
5206,thôn tằng my - xã nam hồng - huyện đông anh - tp hà nội,,,,,,,,,thôn tằng my xã nam hồng huyện đông anh tp hà nội,,,,thôn tằng my xã nam hồng huyện đông anh tp hà nội
5207,"số nhà 9.5 ngõ 521 / 67 , phố trương định , phường tân mai , quận hoàng mai , tp hà nội",,,,,,,,,số nhà 9 5 ngõ 521 67 phố trương định phường tân mai quận hoàng mai tp hà nội,,,,số nhà 9 5 ngõ 521 67 phố trương định phường tân mai quận hoàng mai tp hà nội
5208,epic home,,,,,,,,,epic home,,,,epic home
5209,"xã phước thạnh , mỹ tho , tiền giang",,,,,,,,,xã phước thạnh mỹ tho,,,Tiền Giang,"xã phước thạnh mỹ tho, Tiền Giang"
5210,"91 châu văn liêm , phường tân an , quận ninh kiều , tp . cần thơ",,,,,,,,,91 châu văn liêm   tp,Phường Tân An,Quận Ninh Kiều,Cần Thơ,"91 châu văn liêm   tp, Phường Tân An, Quận Ninh Kiều, Cần Thơ"
5211,vinhomes symphony,,,,,,,,,vinhomes symphony,,,,vinhomes symphony
5212,"đường phan liêm , thuộc phường đa kao , quận 1",,,,,,,,,đường phan liêm thuộc phường đa kao quận 1,,,,đường phan liêm thuộc phường đa kao quận 1
5213,"số 12 , ngõ 204 đường trần duy hưng , cầu giấy",,,,,,,,,số 12 ngõ 204 đường trần duy hưng cầu giấy,,,,số 12 ngõ 204 đường trần duy hưng cầu giấy
5214,số 12 ngõ 204 đường trần duy hưng,,,,,,,,,số 12 ngõ 204 đường trần duy hưng,,,,số 12 ngõ 204 đường trần duy hưng
5215,"4 / 13 / 9 đường số 3 , p . hiệp bình phước , q . thủ đức",,,,,,,,,4 13 9 đường số 3 p hiệp  q thủ đức,,,Bình Phước,"4 13 9 đường số 3 p hiệp  q thủ đức, Bình Phước"
5216,chung cư tại first home premium bình dương - huyện thuận an - bình dương,,,,,,,,,chung cư tại first home premium,,Huyện Thuận An,Bình Dương,"chung cư tại first home premium, Huyện Thuận An, Bình Dương"
5217,"tòa the zen , kđt gamuda gardens",,,,,,,,,tòa the zen kđt gamuda gardens,,,,tòa the zen kđt gamuda gardens
5218,sunrise city view ngay chân cầu kênh tẻ - quận 7,,,,,,,,,sunrise city view ngay chân cầu kênh tẻ quận 7,,,,sunrise city view ngay chân cầu kênh tẻ quận 7
5219,phước hải,,,,,,,,,phước hải,,,,phước hải
5220,"trung tâm q5 nhà mt nguyễn trãi , ngã 4 trần bình trọng",,,,,,,,,trung tâm q5 nhà mt nguyễn trãi ngã 4 trần bình trọng,,,,trung tâm q5 nhà mt nguyễn trãi ngã 4 trần bình trọng
5221,b7 - green stars,,,,,,,,,b7 green stars,,,,b7 green stars
5222,florta q7,,,,,,,,,florta q7,,,,florta q7
5223,"đường d1 , kdc him lam , phường tân hưng , quận 7 , tp . hcm",,,,,,,,,đường d1 kdc him lam phường tân hưng quận 7 tp hcm,,,,đường d1 kdc him lam phường tân hưng quận 7 tp hcm
5224,phan chu trinh,,,,,,,,,phan chu trinh,,,,phan chu trinh
5225,"mặt tiền đường nguyễn hữu cảnh , quận bình thạnh",,,,,,,,,mặt tiền đường nguyễn hữu cảnh quận bình thạnh,,,,mặt tiền đường nguyễn hữu cảnh quận bình thạnh
5226,trần đại nghĩa,,,,,,,,,trần đại nghĩa,,,,trần đại nghĩa
5227,"chung cư hd mon mặt đường nguyễn cơ thạch , quận nam từ liêm , hà nội",,,,,,,,,chung cư hd mon mặt đường nguyễn cơ thạch quận nam từ liêm hà nội,,,,chung cư hd mon mặt đường nguyễn cơ thạch quận nam từ liêm hà nội
5228,hẻm 69 d2,,,,,,,,,hẻm 69 d2,,,,hẻm 69 d2
5229,phạm viết chánh,,,,,,,,,phạm viết chánh,,,,phạm viết chánh
5230,sarina,,,,,,,,,sarina,,,,sarina
5231,khu biệt thự phú mỹ hưng quận 7,,,,,,,,,khu biệt thự phú mỹ hưng quận 7,,,,khu biệt thự phú mỹ hưng quận 7
5232,"đường cao triều phát , kdc phú mỹ hưng , phường tân phong , quận 7 , tp . hcm",,,,,,,,,đường cao triều phát kdc phú mỹ hưng phường tân phong quận 7 tp hcm,,,,đường cao triều phát kdc phú mỹ hưng phường tân phong quận 7 tp hcm
5233,135 nguyễn hữu cảnh,,,,,,,,,135 nguyễn hữu cảnh,,,,135 nguyễn hữu cảnh
5234,"cống quỳnh , quận 1",,,,,,,,,cống quỳnh quận 1,,,,cống quỳnh quận 1
5235,"xã đàn , đống đa",,,,,,,,,xã đàn đống đa,,,,xã đàn đống đa
5236,city gate towers,,,,,,,,,city gate towers,,,,city gate towers
5237,"nguyễn thị thập khu him lam , phường tân hưng , quận 7",,,,,,,,,nguyễn thị thập khu him lam phường tân hưng quận 7,,,,nguyễn thị thập khu him lam phường tân hưng quận 7
5238,chung cư vinhomes gardenia,,,,,,,,,chung cư vinhomes gardenia,,,,chung cư vinhomes gardenia
5239,florita q7,,,,,,,,,florita q7,,,,florita q7
5240,vinhomes westpoint,,,,,,,,,vinhomes westpoint,,,,vinhomes westpoint
5241,"188 nguyễn xí , p . 26 , q . bình thạnh",,,,,,,,,188 nguyễn xí p 26 q bình thạnh,,,,188 nguyễn xí p 26 q bình thạnh
5242,chung cư cao cấp degde thảo điền thiết kế,,,,,,,,,chung cư cao cấp degde thảo điền thiết kế,,,,chung cư cao cấp degde thảo điền thiết kế
5243,124 / 100 xô viết nghệ tĩnh,,,,,,,,,124 100 xô viết nghệ tĩnh,,,,124 100 xô viết nghệ tĩnh
5244,"số 7 ngõ 138 mễ trì thượng , nam từ liêm , hà nội",,,,,,,,,số 7 ngõ 138 mễ trì thượng nam từ liêm hà nội,,,,số 7 ngõ 138 mễ trì thượng nam từ liêm hà nội
5245,"số 7 , ngõ 138 , mễ trì thượng , từ liêm , hà nội",,,,,,,,,số 7 ngõ 138 mễ trì thượng từ liêm hà nội,,,,số 7 ngõ 138 mễ trì thượng từ liêm hà nội
5246,tòa tây chung cư học viện quốc phòng,,,,,,,,,tòa tây chung cư học viện quốc phòng,,,,tòa tây chung cư học viện quốc phòng
5247,"thành công , ba đình",,,,,,,,,thành công ba đình,,,,thành công ba đình
5248,"đường nguyễn trãi , nha trang",,,,,,,,,đường nguyễn trãi nha trang,,,,đường nguyễn trãi nha trang
5249,"đường nguyễn trãi , tp nha trang",,,,,,,,,đường nguyễn trãi tp nha trang,,,,đường nguyễn trãi tp nha trang
5250,chung cư cao cấp ecolife tây hồ,,,,,,,,,chung cư cao cấp ecolife tây hồ,,,,chung cư cao cấp ecolife tây hồ
5251,"kđt mới tây hồ tây , phường xuân la , quận tây hồ , tp hà nội",,,,,,,,,kđt mới tây hồ tây phường xuân la quận tây hồ tp hà nội,,,,kđt mới tây hồ tây phường xuân la quận tây hồ tp hà nội
5252,mặt tiền đường phú thọ phường 1 quận 11,,,,,,,,,mặt tiền đường  phường 1 quận 11,,,Phú Thọ,"mặt tiền đường  phường 1 quận 11, Phú Thọ"
5253,chung cư mới gold season - 47 nguyễn tuân,,,,,,,,,chung cư mới gold season 47 nguyễn tuân,,,,chung cư mới gold season 47 nguyễn tuân
5254,"tân mỹ , mỹ đình , từ liêm , hà nội",,,,,,,,,tân mỹ mỹ đình từ liêm hà nội,,,,tân mỹ mỹ đình từ liêm hà nội
5255,"số 15 ngõ 7 tân mỹ , mỹ đình , nam từ liêm , hà nội",,,,,,,,,số 15 ngõ 7 tân mỹ mỹ đình nam từ liêm hà nội,,,,số 15 ngõ 7 tân mỹ mỹ đình nam từ liêm hà nội
5256,"mặt tiền nguyễn hữu thọ , quận 7",,,,,,,,,mặt tiền nguyễn hữu thọ quận 7,,,,mặt tiền nguyễn hữu thọ quận 7
5257,the pride,,,,,,,,,the pride,,,,the pride
5258,phố lạc long quân,,,,,,,,,phố lạc long quân,,,,phố lạc long quân
5259,quang trung hà đông,,,,,,,,,quang trung hà đông,,,,quang trung hà đông
5260,"nguyễn tuân , vũ trọng phụng",,,,,,,,,nguyễn tuân vũ trọng phụng,,,,nguyễn tuân vũ trọng phụng
5261,nguyễn trãi - khuất duy tiến,,,,,,,,,nguyễn trãi khuất duy tiến,,,,nguyễn trãi khuất duy tiến
5262,seasons avenue mỗ lao,,,,,,,,,seasons avenue mỗ lao,,,,seasons avenue mỗ lao
5263,chung cư hong kong tower - 243a đê la thành,,,,,,,,,chung cư hong kong tower 243a đê la thành,,,,chung cư hong kong tower 243a đê la thành
5264,"187 bạch đằng , p2 , tân bình",,,,,,,,,187 bạch đằng p2 tân bình,,,,187 bạch đằng p2 tân bình
5265,"royal city 72a nguyễn trãi , quận thanh xuân",,,,,,,,,royal city 72a nguyễn trãi quận thanh xuân,,,,royal city 72a nguyễn trãi quận thanh xuân
5266,1602 tòa r2,,,,,,,,,1602 tòa r2,,,,1602 tòa r2
5267,skylake phạm hùng,,,,,,,,,skylake phạm hùng,,,,skylake phạm hùng
5268,"dự án newton residence - nguyễn trọng tuyển , p . 8 q phú nhuận",,,,,,,,,dự án newton residence nguyễn trọng tuyển p 8 q phú nhuận,,,,dự án newton residence nguyễn trọng tuyển p 8 q phú nhuận
5269,phố đốc ngữ - ba đình - hà nội,,,,,,,,,phố đốc ngữ ba đình hà nội,,,,phố đốc ngữ ba đình hà nội
5270,cc depot metro tham lương,,,,,,,,,cc depot metro tham lương,,,,cc depot metro tham lương
5271,"dương khuê , nam từ liêm , hn",,,,,,,,,dương khuê nam từ liêm hn,,,,dương khuê nam từ liêm hn
5272,"chung cư tại citadine bình dương , huyện thuận an , bình dương",,,,,,,,,chung cư tại citadine,,Huyện Thuận An,Bình Dương,"chung cư tại citadine, Huyện Thuận An, Bình Dương"
5273,"103 lê trung nghĩa , phường 12 , quận tân bình",,,,,,,,,103 lê trung nghĩa phường 12 quận tân bình,,,,103 lê trung nghĩa phường 12 quận tân bình
5274,ngõ 43 cổ nhuế,,,,,,,,,ngõ 43 cổ nhuế,,,,ngõ 43 cổ nhuế
5275,chung cư : orchard parkview - novaland đ / c :,,,,,,,,,chung cư orchard parkview novaland đ c,,,,chung cư orchard parkview novaland đ c
5276,"130 hồng hà , p9 , phú nhuận , hcm",,,,,,,,,130 hồng hà p9 phú nhuận hcm,,,,130 hồng hà p9 phú nhuận hcm
5277,"đình thôn , mỹ đình , từ liêm , hà nội",,,,,,,,,đình thôn mỹ đình từ liêm hà nội,,,,đình thôn mỹ đình từ liêm hà nội
5278,mặt đường đình thôn,,,,,,,,,mặt đường đình thôn,,,,mặt đường đình thôn
5279,"số 173 đình thôn , mỹ đình , từ liêm , hà nội",,,,,,,,,số 173 đình thôn mỹ đình từ liêm hà nội,,,,số 173 đình thôn mỹ đình từ liêm hà nội
5280,"kcn hiệp phước , nhà bè",,,,,,,,,kcn hiệp phước nhà bè,,,,kcn hiệp phước nhà bè
5281,diamond island,,,,,,,,,diamond island,,,,diamond island
5282,"số 1 , đường số 104 , phường bình trưng tây , quận 2 , tp . hcm",,,,,,,,,số 1 đường số 104 phường bình trưng tây quận 2 tp hcm,,,,số 1 đường số 104 phường bình trưng tây quận 2 tp hcm
5283,mặt tiền đường 9a khu dân cư trung sơn,,,,,,,,,mặt tiền đường 9a khu dân cư trung sơn,,,,mặt tiền đường 9a khu dân cư trung sơn
5284,"chung cư 197 trần phú , văn quán , hà đông , hà nội",,,,,,,,,chung cư 197 trần phú văn quán hà đông hà nội,,,,chung cư 197 trần phú văn quán hà đông hà nội
5285,"nguyễn hoàng , nam từ liêm , hn",,,,,,,,,nguyễn hoàng nam từ liêm hn,,,,nguyễn hoàng nam từ liêm hn
5286,"8x plus ( 22 trường chinh , tân thới nhất , quận 12 , hồ chí minh",,,,,,,,,8x plus 22 trường chinh tân thới nhất 2,, Quận 1,Hồ Chí Minh,"8x plus 22 trường chinh tân thới nhất 2,  Quận 1, Hồ Chí Minh"
5287,tháp a1,,,,,,,,,tháp a1,,,,tháp a1
5288,"chung cư cao cấp grand riverside 283 bến vân đồn , phường 2 , quận 4",,,,,,,,,chung cư cao cấp grand riverside 283 bến vân đồn phường 2 quận 4,,,,chung cư cao cấp grand riverside 283 bến vân đồn phường 2 quận 4
5289,"tân bình , tp . hồ chí minh",,,,,,,,,tân bình tp,,,Hồ Chí Minh,"tân bình tp, Hồ Chí Minh"
5290,đường lê trung nghĩa tân bình,,,,,,,,,đường lê trung nghĩa tân bình,,,,đường lê trung nghĩa tân bình
5291,"kcn an hạ , huyện bình chánh",,,,,,,,,kcn an hạ huyện bình chánh,,,,kcn an hạ huyện bình chánh
5292,tỉnh lộ 9,,,,,,,,,tỉnh lộ 9,,,,tỉnh lộ 9
5293,mặt tiền đường tỉnh lộ 9,,,,,,,,,mặt tiền đường tỉnh lộ 9,,,,mặt tiền đường tỉnh lộ 9
5294,đường phú thọ phường 1 quận 11,,,,,,,,,đường  phường 1 quận 11,,,Phú Thọ,"đường  phường 1 quận 11, Phú Thọ"
5295,"đường thanh lương 25 , quận cẩm lệ , tp đà nẵng",,,,,,,,,đường thanh lương 25  tp,,Quận Cẩm Lệ,Đà Nẵng,"đường thanh lương 25  tp, Quận Cẩm Lệ, Đà Nẵng"
5296,phố văn cao,,,,,,,,,phố văn cao,,,,phố văn cao
5297,mandarin hoàng minh giám : - tòa b2,,,,,,,,,mandarin hoàng minh giám tòa b2,,,,mandarin hoàng minh giám tòa b2
5298,phước hải ct 2,,,,,,,,,phước hải ct 2,,,,phước hải ct 2
5299,moonlight boulevard,,,,,,,,,moonlight boulevard,,,,moonlight boulevard
5300,saigon south residence,,,,,,,,,saigon south residence,,,,saigon south residence
5301,goldmark city 136 hồ tùng mậu,,,,,,,,,goldmark city 136 hồ tùng mậu,,,,goldmark city 136 hồ tùng mậu
5302,mặt phố đặng tiến đông,,,,,,,,,mặt phố đặng tiến đông,,,,mặt phố đặng tiến đông
5303,"đường lê thị riêng , phường bến thành , quận 1",,,,,,,,,đường lê thị riêng phường bến thành quận 1,,,,đường lê thị riêng phường bến thành quận 1
5304,chung cư cao cấp vinhomes ocean park gia lâm,,,,,,,,,chung cư cao cấp vinhomes ocean park gia lâm,,,,chung cư cao cấp vinhomes ocean park gia lâm
5305,"19 mai văn ngọc , p . 11 , quận phú nhuận",,,,,,,,,19 mai văn ngọc p 11 quận phú nhuận,,,,19 mai văn ngọc p 11 quận phú nhuận
5306,hà đô centrosa đường 3 / 2 quận 10,,,,,,,,,hà đô centrosa đường 3 2 quận 10,,,,hà đô centrosa đường 3 2 quận 10
5307,chung cư c7 giảng võ,,,,,,,,,chung cư c7 giảng võ,,,,chung cư c7 giảng võ
5308,"104 / 17 nhất chi mai , p13 , tân bình",,,,,,,,,104 17 nhất chi mai p13 tân bình,,,,104 17 nhất chi mai p13 tân bình
5309,"686 xô viết nghệ tĩnh , bình thạnh",,,,,,,,,686 xô viết nghệ tĩnh bình thạnh,,,,686 xô viết nghệ tĩnh bình thạnh
5310,green field bình thạnh,,,,,,,,,green field bình thạnh,,,,green field bình thạnh
5311,6b intresco,,,,,,,,,6b intresco,,,,6b intresco
5312,146 nguyễn văn trỗi,,,,,,,,,146 nguyễn văn trỗi,,,,146 nguyễn văn trỗi
5313,chung cư good house 113 trương đình hội p16 quận 8,,,,,,,,,chung cư good house 113 trương đình hội p16 quận 8,,,,chung cư good house 113 trương đình hội p16 quận 8
5314,"the pride hải phát , đường tố hữu , hà đông",,,,,,,,,the pride hải phát đường tố hữu hà đông,,,,the pride hải phát đường tố hữu hà đông
5315,"chung cư the flemington , 185 lê đại hành , q 11",,,,,,,,,chung cư the flemington 185 lê đại hành q 11,,,,chung cư the flemington 185 lê đại hành q 11
5316,mặt tiền lê đại hành,,,,,,,,,mặt tiền lê đại hành,,,,mặt tiền lê đại hành
5317,"the prince chủ đầu tư novaland , quận phú nhuận",,,,,,,,,the prince chủ đầu tư novaland quận phú nhuận,,,,the prince chủ đầu tư novaland quận phú nhuận
5318,"mỹ cảnh , phú mỹ hưng",,,,,,,,,mỹ cảnh phú mỹ hưng,,,,mỹ cảnh phú mỹ hưng
5319,hxh đường nguyễn thị minh khai phường phạm ngũ lão q1,,,,,,,,,hxh đường nguyễn thị minh khai phường phạm ngũ lão q1,,,,hxh đường nguyễn thị minh khai phường phạm ngũ lão q1
5320,đường cao thắng p . 5 quận 3,,,,,,,,,đường cao thắng p 5 quận 3,,,,đường cao thắng p 5 quận 3
5321,"525 tô hiến thành , p14 , q10",,,,,,,,,525 tô hiến thành p14 q10,,,,525 tô hiến thành p14 q10
5322,"phường thảo điền , đường nội bộ quốc hương",,,,,,,,,phường thảo điền đường nội bộ quốc hương,,,,phường thảo điền đường nội bộ quốc hương
5323,"mặt tiền đường nguyễn cửu vân , trung tâm bình thạnh",,,,,,,,,mặt tiền đường nguyễn cửu vân trung tâm bình thạnh,,,,mặt tiền đường nguyễn cửu vân trung tâm bình thạnh
5324,thanh phố biển hồ vinhomes ocean park,,,,,,,,,thanh phố biển hồ vinhomes ocean park,,,,thanh phố biển hồ vinhomes ocean park
5325,"mt 192 tô hiến thành , phường 15 , quận 10",,,,,,,,,mt 192 tô hiến thành phường 15 quận 10,,,,mt 192 tô hiến thành phường 15 quận 10
5326,"sài gòn avenue đường gò dưa , tam bình , thủ đức",,,,,,,,,sài gòn avenue đường gò dưa tam bình thủ đức,,,,sài gòn avenue đường gò dưa tam bình thủ đức
5327,moonlight,,,,,,,,,moonlight,,,,moonlight
5328,lotus garden,,,,,,,,,lotus garden,,,,lotus garden
5329,mulberry lane,,,,,,,,,mulberry lane,,,,mulberry lane
5330,gầm cầu thanh trì ( cự khối ),,,,,,,,,gầm cầu thanh trì cự khối,,,,gầm cầu thanh trì cự khối
5331,"8x đầm sen , quận tân phú",,,,,,,,,8x đầm sen quận tân phú,,,,8x đầm sen quận tân phú
5332,kiệt dương văn an,,,,,,,,,kiệt dương văn an,,,,kiệt dương văn an
5333,đường lê duẩn,,,,,,,,,đường lê duẩn,,,,đường lê duẩn
5334,"naforimex - 19 bà triệu , hà nội",,,,,,,,,naforimex 19 bà triệu hà nội,,,,naforimex 19 bà triệu hà nội
5335,"ngã tư bà triệu - hai bà trưng , hà nội",,,,,,,,,ngã tư bà triệu hai bà trưng hà nội,,,,ngã tư bà triệu hai bà trưng hà nội
5336,"đông du , q1",,,,,,,,,đông du q1,,,,đông du q1
5337,chung cư luxury - citadine bình dương - huyện thuận an - bình dương,,,,,,,,,chung cư luxury citadine,,Huyện Thuận An,Bình Dương,"chung cư luxury citadine, Huyện Thuận An, Bình Dương"
5338,tòa s4 seasons avenue,,,,,,,,,tòa s4 seasons avenue,,,,tòa s4 seasons avenue
5339,"86 thích quảng đức , phường 5 , phú nhuận",,,,,,,,,86 thích quảng đức phường 5 phú nhuận,,,,86 thích quảng đức phường 5 phú nhuận
5340,sky city - 88 láng hạ,,,,,,,,,sky city 88 láng hạ,,,,sky city 88 láng hạ
5341,sky city 88 láng hạ,,,,,,,,,sky city 88 láng hạ,,,,sky city 88 láng hạ
5342,"chánh hưng giai việt , quận 8",,,,,,,,,chánh hưng giai việt quận 8,,,,chánh hưng giai việt quận 8
5343,"carillon 3 , đường hoàng hoa thám , quận tân bình",,,,,,,,,carillon 3 đường hoàng hoa thám quận tân bình,,,,carillon 3 đường hoàng hoa thám quận tân bình
5344,republic plaza,,,,,,,,,republic plaza,,,,republic plaza
5345,republic plaza cộng hòa,,,,,,,,,republic plaza cộng hòa,,,,republic plaza cộng hòa
5346,"garden gate - số 08 hoàng minh giám , phường 9 , quận phú nhuận",,,,,,,,,garden gate số 08 hoàng minh giám phường 9 quận phú nhuận,,,,garden gate số 08 hoàng minh giám phường 9 quận phú nhuận
5347,khu đô thị vov mễ trì - nam từ liêm - hà nội,,,,,,,,,khu đô thị vov mễ trì nam từ liêm hà nội,,,,khu đô thị vov mễ trì nam từ liêm hà nội
5348,"khu đô thị mới văn phú , lê trọng tấn",,,,,,,,,khu đô thị mới văn phú lê trọng tấn,,,,khu đô thị mới văn phú lê trọng tấn
5349,"e4 ciputra , võ chí công",,,,,,,,,e4 ciputra võ chí công,,,,e4 ciputra võ chí công
5350,52m2 tòa landmark plus,,,,,,,,,52m2 tòa landmark plus,,,,52m2 tòa landmark plus
5351,"đường phạm văn bạch , phường 15 , quận tân bình",,,,,,,,,đường phạm văn bạch phường 15 quận tân bình,,,,đường phạm văn bạch phường 15 quận tân bình
5352,đường phạm văn bạch,,,,,,,,,đường phạm văn bạch,,,,đường phạm văn bạch
5353,"422 nguyễn thị thập , phường tân quy , quận 7",,,,,,,,,422 nguyễn thị thập phường tân quy quận 7,,,,422 nguyễn thị thập phường tân quy quận 7
5354,lavita garden,,,,,,,,,lavita garden,,,,lavita garden
5355,"đường số 3 , phường trường thọ , quận thủ đức",,,,,,,,,đường số 3 phường trường thọ quận thủ đức,,,,đường số 3 phường trường thọ quận thủ đức
5356,the sun avenue q2,,,,,,,,,the sun avenue q2,,,,the sun avenue q2
5357,"28 mai chí thọ , an phú , q2",,,,,,,,,28 mai chí thọ an phú q2,,,,28 mai chí thọ an phú q2
5358,g2 green bay,,,,,,,,,g2 green bay,,,,g2 green bay
5359,chung cư dolphin plaza,,,,,,,,,chung cư dolphin plaza,,,,chung cư dolphin plaza
5360,"hẻm 8m cộng hòa , , tân bình",,,,,,,,,hẻm 8m cộng hòa tân bình,,,,hẻm 8m cộng hòa tân bình
5361,"ch 1506 imperia sky gaden ,",,,,,,,,,ch 1506 imperia sky gaden,,,,ch 1506 imperia sky gaden
5362,phúc la - tô hiệu - hà đông,,,,,,,,,phúc la tô hiệu hà đông,,,,phúc la tô hiệu hà đông
5363,"chung cư sky center , 5b phổ quang , phường 2 , quận tân bình",,,,,,,,,chung cư sky center 5b phổ quang phường 2 quận tân bình,,,,chung cư sky center 5b phổ quang phường 2 quận tân bình
5364,trung tâm xã hoàng lâu,,,,,,,,,trung tâm xã hoàng lâu,,,,trung tâm xã hoàng lâu
5365,"ngõ 192 lê trong tấn , phường định công , hoàng mai",,,,,,,,,ngõ 192 lê trong tấn phường định công hoàng mai,,,,ngõ 192 lê trong tấn phường định công hoàng mai
5366,dự án sunrise city view,,,,,,,,,dự án sunrise city view,,,,dự án sunrise city view
5367,phố mai anh tuấn,,,,,,,,,phố mai anh tuấn,,,,phố mai anh tuấn
5368,"diên an , diên khánh , khánh hòa",,,,,,,,,diên an diên khánh,,,Khánh Hòa,"diên an diên khánh, Khánh Hòa"
5369,kim văn kim lũ,,,,,,,,,kim văn kim lũ,,,,kim văn kim lũ
5370,chung cư 26 nguyễn thượng hiền . gò vấp,,,,,,,,,chung cư 26 nguyễn thượng hiền gò vấp,,,,chung cư 26 nguyễn thượng hiền gò vấp
5371,vũ tông phan - thanh xuân - hà nội,,,,,,,,,vũ tông phan thanh xuân hà nội,,,,vũ tông phan thanh xuân hà nội
5372,tòa park 6 - times city,,,,,,,,,tòa park 6 times city,,,,tòa park 6 times city
5373,kđt vinhomes times city,,,,,,,,,kđt vinhomes times city,,,,kđt vinhomes times city
5374,"an cư , khu an phú an khánh , p . an phú , quận 2",,,,,,,,,an cư khu an phú an khánh p an phú quận 2,,,,an cư khu an phú an khánh p an phú quận 2
5375,"đường lương minh nguyệt , phường tân thới hòa , quận tân phú",,,,,,,,,đường lương minh nguyệt phường tân thới hòa quận tân phú,,,,đường lương minh nguyệt phường tân thới hòa quận tân phú
5376,chung cư tdc plaza,,,,,,,,,chung cư tdc plaza,,,,chung cư tdc plaza
5377,trung tâm thành phố mới bình dương,,,,,,,,,trung tâm thành phố mới,,,Bình Dương,"trung tâm thành phố mới, Bình Dương"
5378,"or chard garden , đường hồng hà , quận phú nhuận",,,,,,,,,or chard garden đường hồng hà quận phú nhuận,,,,or chard garden đường hồng hà quận phú nhuận
5379,101 láng hạ,,,,,,,,,101 láng hạ,,,,101 láng hạ
5380,vinhome gardenia rẻ,,,,,,,,,vinhome gardenia rẻ,,,,vinhome gardenia rẻ
5381,vinhome gardenia có,,,,,,,,,vinhome gardenia có,,,,vinhome gardenia có
5382,"mỹ đình , nam từ liêm",,,,,,,,,mỹ đình nam từ liêm,,,,mỹ đình nam từ liêm
5383,"melody âu cơ , quận tân phú",,,,,,,,,melody âu cơ quận tân phú,,,,melody âu cơ quận tân phú
5384,vinhomes central park tòa landmark plus,,,,,,,,,vinhomes central park tòa landmark plus,,,,vinhomes central park tòa landmark plus
5385,dự án hà đô,,,,,,,,,dự án hà đô,,,,dự án hà đô
5386,"mặt phố bùi thị xuân , thuộc khu đô thị petro thăng long , phường quang trung , tp thái bình",,,,,,,,,mặt phố bùi thị xuân thuộc khu đô thị petro thăng long phường quang trung tp,,,Thái Bình,"mặt phố bùi thị xuân thuộc khu đô thị petro thăng long phường quang trung tp, Thái Bình"
5387,xi grand court,,,,,,,,,xi grand court,,,,xi grand court
5388,"256 - 258 lý thường kiệt , p14 , q10",,,,,,,,,256 258 lý thường kiệt p14 q10,,,,256 258 lý thường kiệt p14 q10
5389,phố kim mã thượng,,,,,,,,,phố kim mã thượng,,,,phố kim mã thượng
5390,thích quảng đức - phú nhuận,,,,,,,,,thích quảng đức phú nhuận,,,,thích quảng đức phú nhuận
5391,hoàng anh thanh bình đường d4 khu him lam quận 7,,,,,,,,,hoàng anh thanh bình đường d4 khu him lam quận 7,,,,hoàng anh thanh bình đường d4 khu him lam quận 7
5392,số 2 / 266 lê thanh nghị,,,,,,,,,số 2 266 lê thanh nghị,,,,số 2 266 lê thanh nghị
5393,"lk 23,24 khu nhà ở thương mại sông công",,,,,,,,,lk 23 24 khu nhà ở thương mại sông công,,,,lk 23 24 khu nhà ở thương mại sông công
5394,tháp park 2 - xx . 10,,,,,,,,,tháp park 2 xx 10,,,,tháp park 2 xx 10
5395,chung cư hoàng anh gia lai 1 góc ngã tư nguyễn thị thập - lê văn lương,,,,,,,,,chung cư hoàng anh  1 góc ngã tư nguyễn thị thập lê văn lương,,,Gia Lai,"chung cư hoàng anh  1 góc ngã tư nguyễn thị thập lê văn lương, Gia Lai"
5396,trần hòa,,,,,,,,,trần hòa,,,,trần hòa
5397,"số 24 đường đông hưng thuận 11 , phường đông hưng thuận , quận 12",,,,,,,,,số 24 đường đông hưng thuận 11 phường đông hưng thuận quận 12,,,,số 24 đường đông hưng thuận 11 phường đông hưng thuận quận 12
5398,"vinhomes ocean park , gia lâm",,,,,,,,,vinhomes ocean park gia lâm,,,,vinhomes ocean park gia lâm
5399,"richmond city , 207 nguyễn xí , phường 26 , quận bình thạnh",,,,,,,,,richmond city 207 nguyễn xí phường 26 quận bình thạnh,,,,richmond city 207 nguyễn xí phường 26 quận bình thạnh
5400,"mt nguyễn bỉnh khiêm , phường đa kao , q1",,,,,,,,,mt nguyễn bỉnh khiêm phường đa kao q1,,,,mt nguyễn bỉnh khiêm phường đa kao q1
5401,sarimi sala,,,,,,,,,sarimi sala,,,,sarimi sala
5402,biệt thự số 8,,,,,,,,,biệt thự số 8,,,,biệt thự số 8
5403,"số 8 đường số 14 khu biệt thự chu văn an , phường 26 , q . bình thạnh",,,,,,,,,số 8 đường số 14 khu biệt thự chu văn an phường 26 q bình thạnh,,,,số 8 đường số 14 khu biệt thự chu văn an phường 26 q bình thạnh
5404,"đường vườn lài , phường phú thọ hòa , quận tân phú",,,,,,,,,đường vườn lài phường  hòa quận tân phú,,,Phú Thọ,"đường vườn lài phường  hòa quận tân phú, Phú Thọ"
5405,"hà đô centrosa q10 ( số 200 mặt tiền 3 / 2 , phường 12 , quận 10",,,,,,,,,hà đô centrosa q10 số 200 mặt tiền 3 2 phường 12 quận 10,,,,hà đô centrosa q10 số 200 mặt tiền 3 2 phường 12 quận 10
5406,"phú mỹ hưng , quận 7",,,,,,,,,phú mỹ hưng quận 7,,,,phú mỹ hưng quận 7
5407,"chung cư golden west số 2 lê văn thiêm , thanh xuân",,,,,,,,,chung cư golden west số 2 lê văn thiêm thanh xuân,,,,chung cư golden west số 2 lê văn thiêm thanh xuân
5408,"dự án sunshine palace , q . hoàng mai , hà nội",,,,,,,,,dự án sunshine palace q hoàng mai hà nội,,,,dự án sunshine palace q hoàng mai hà nội
5409,"viva riverside , quận 6",,,,,,,,,viva riverside quận 6,,,,viva riverside quận 6
5410,lofthouse phú hoàng anh,,,,,,,,,lofthouse phú hoàng anh,,,,lofthouse phú hoàng anh
5411,"tập thể k8 - k9 bách khoa , tạ quang bửu",,,,,,,,,tập thể k8 k9 bách khoa tạ quang bửu,,,,tập thể k8 k9 bách khoa tạ quang bửu
5412,mt 17b bạch đằng,,,,,,,,,mt 17b bạch đằng,,,,mt 17b bạch đằng
5413,phố huỳnh thúc kháng,,,,,,,,,phố huỳnh thúc kháng,,,,phố huỳnh thúc kháng
5414,"the lancaster , lê thánh tôn , quận 1",,,,,,,,,the lancaster lê thánh tôn quận 1,,,,the lancaster lê thánh tôn quận 1
5415,"the lancaster , le thanh ton , district 1",,,,,,,,,the lancaster le thanh ton district 1,,,,the lancaster le thanh ton district 1
5416,tp hà tĩnh,,,,,,,,,tp,,,Hà Tĩnh,"tp, Hà Tĩnh"
5417,kho cty băng băng - cầu vượt,,,,,,,,,kho cty băng băng cầu vượt,,,,kho cty băng băng cầu vượt
5418,"the botanica - novaland địa chỉ 104 phổ quang , phường 2 , quận tân bình giá",,,,,,,,,the botanica novaland địa chỉ 104 phổ quang phường 2 quận tân bình giá,,,,the botanica novaland địa chỉ 104 phổ quang phường 2 quận tân bình giá
5419,"fortuna - kim hồng , q . tân phú",,,,,,,,,fortuna kim hồng q tân phú,,,,fortuna kim hồng q tân phú
5420,nguyễn kim quận 10,,,,,,,,,nguyễn kim quận 10,,,,nguyễn kim quận 10
5421,"vimeco - sau big c thăng long , quận cầu giấy",,,,,,,,,vimeco sau big c thăng long quận cầu giấy,,,,vimeco sau big c thăng long quận cầu giấy
5422,mt phạm văn đồng p hiệp bình chánh q thủ đức,,,,,,,,,mt phạm văn đồng p hiệp bình chánh q thủ đức,,,,mt phạm văn đồng p hiệp bình chánh q thủ đức
5423,"sài gòn mia , khu trung sơn",,,,,,,,,sài gòn mia khu trung sơn,,,,sài gòn mia khu trung sơn
5424,phố tôn đức thắng,,,,,,,,,phố tôn đức thắng,,,,phố tôn đức thắng
5425,phố ngọc hà - đội cấn ( đội diện lăng bác ),,,,,,,,,phố ngọc hà đội cấn đội diện lăng bác,,,,phố ngọc hà đội cấn đội diện lăng bác
5426,"chung cư hoàng huy pruksa town , an đồng , an dương , hải phòng",,,,,,,,,chung cư hoàng huy pruksa town an đồng an dương,,,Hải Phòng,"chung cư hoàng huy pruksa town an đồng an dương, Hải Phòng"
5427,chung cư sài gòn gateway quận 9,,,,,,,,,chung cư sài gòn gateway quận 9,,,,chung cư sài gòn gateway quận 9
5428,"mp lý thường kiệt , hai bà trưng , hà nội",,,,,,,,,mp lý thường kiệt hai bà trưng hà nội,,,,mp lý thường kiệt hai bà trưng hà nội
5429,"tòa mỹ đình , sông đà",,,,,,,,,tòa mỹ đình sông đà,,,,tòa mỹ đình sông đà
5430,số 41b ngõ 390 tổ 18 ngọc thụy,,,,,,,,,số 41b ngõ 390 tổ 18 ngọc thụy,,,,số 41b ngõ 390 tổ 18 ngọc thụy
5431,"chung cư mulberry lane , mỗ lao , hà đông , hn",,,,,,,,,chung cư mulberry lane mỗ lao hà đông hn,,,,chung cư mulberry lane mỗ lao hà đông hn
5432,"đường nguyễn phúc chu , kp . 5 , trảng dài , biên hòa , đồng nai",,,,,,,,,đường nguyễn phúc chu kp 5 trảng dài biên hòa,,,Đồng Nai,"đường nguyễn phúc chu kp 5 trảng dài biên hòa, Đồng Nai"
5433,"mặt tiền đường trần phú , q5",,,,,,,,,mặt tiền đường trần phú q5,,,,mặt tiền đường trần phú q5
5434,him lam,,,,,,,,,him lam,,,,him lam
5435,ngõ 35 cát linh,,,,,,,,,ngõ 35 cát linh,,,,ngõ 35 cát linh
5436,an khang khu an phú an khánh quận 2,,,,,,,,,an khang khu an phú an khánh quận 2,,,,an khang khu an phú an khánh quận 2
5437,"sky garden 2 , phú mỹ hưng , quận 7",,,,,,,,,sky garden 2 phú mỹ hưng quận 7,,,,sky garden 2 phú mỹ hưng quận 7
5438,mp trường chinh,,,,,,,,,mp trường chinh,,,,mp trường chinh
5439,"chung cư oriental plaza , âu cơ , phường tân thành , quận tân phú",,,,,,,,,chung cư oriental plaza âu cơ phường tân thành quận tân phú,,,,chung cư oriental plaza âu cơ phường tân thành quận tân phú
5440,tòa s1 chung cư season avenue,,,,,,,,,tòa s1 chung cư season avenue,,,,tòa s1 chung cư season avenue
5441,mặt phố hàng da,,,,,,,,,mặt phố hàng da,,,,mặt phố hàng da
5442,"ngõ 260 cầu giấy , phường quan hoa , quận cầu giấy",,,,,,,,,ngõ 260 cầu giấy phường quan hoa quận cầu giấy,,,,ngõ 260 cầu giấy phường quan hoa quận cầu giấy
5443,chương dương độ - hồng hà,,,,,,,,,chương dương độ hồng hà,,,,chương dương độ hồng hà
5444,hoàn kiếm - hà nội,,,,,,,,,hoàn kiếm hà nội,,,,hoàn kiếm hà nội
5445,"số 28 mai chí thọ , an phú , q2",,,,,,,,,số 28 mai chí thọ an phú q2,,,,số 28 mai chí thọ an phú q2
5446,ngõ 63 lê đức thọ,,,,,,,,,ngõ 63 lê đức thọ,,,,ngõ 63 lê đức thọ
5447,"dự án vinhomes golden river , quận 1 , tp . hcm",,,,,,,,,dự án vinhomes golden river quận 1 tp hcm,,,,dự án vinhomes golden river quận 1 tp hcm
5448,đinh tiên hoàng,,,,,,,,,đinh tiên hoàng,,,,đinh tiên hoàng
5449,"mặt tiền 29a hoàng hoa thám , bình thạnh",,,,,,,,,mặt tiền 29a hoàng hoa thám bình thạnh,,,,mặt tiền 29a hoàng hoa thám bình thạnh
5450,hoàng anh gia lai 3,,,,,,,,,hoàng anh  3,,,Gia Lai,"hoàng anh  3, Gia Lai"
5451,"an khang khu an phú an khánh , quận 2",,,,,,,,,an khang khu an phú an khánh quận 2,,,,an khang khu an phú an khánh quận 2
5452,"chung cư hẻm 212 nguyễn trãi , quận 1",,,,,,,,,chung cư hẻm 212 nguyễn trãi quận 1,,,,chung cư hẻm 212 nguyễn trãi quận 1
5453,mặt tiền cách mạng tháng 8,,,,,,,,,mặt tiền cách mạng tháng 8,,,,mặt tiền cách mạng tháng 8
5454,"127 - 129 đào duy anh , phường 9 , quận phú nhuận , hcm",,,,,,,,,127 129 đào duy anh phường 9 quận phú nhuận hcm,,,,127 129 đào duy anh phường 9 quận phú nhuận hcm
5455,"chung cư hope residence , phúc đồng , long biên",,,,,,,,,chung cư hope residence phúc đồng long biên,,,,chung cư hope residence phúc đồng long biên
5456,"chung cư hope residence , phúc đồng , long biên , hà nội",,,,,,,,,chung cư hope residence phúc đồng long biên hà nội,,,,chung cư hope residence phúc đồng long biên hà nội
5457,lô góc ngã tư mặt đường chu huy mân và nguyễn lam thuộc khu đô thị sinh thái vinhomes riverside,,,,,,,,,lô góc ngã tư mặt đường chu huy mân và nguyễn lam thuộc khu đô thị sinh thái vinhomes riverside,,,,lô góc ngã tư mặt đường chu huy mân và nguyễn lam thuộc khu đô thị sinh thái vinhomes riverside
5458,"sunrise city , quận 7",,,,,,,,,sunrise city quận 7,,,,sunrise city quận 7
5459,"hope residence , phúc đồng , long biên",,,,,,,,,hope residence phúc đồng long biên,,,,hope residence phúc đồng long biên
5460,"giải phóng , quận hoàng mai , hà nội",,,,,,,,,giải phóng quận hoàng mai hà nội,,,,giải phóng quận hoàng mai hà nội
5461,ngõ 1395 giải phóng,,,,,,,,,ngõ 1395 giải phóng,,,,ngõ 1395 giải phóng
5462,"đường hậu giang , phường 11 , quận 6",,,,,,,,,đường  phường 11 quận 6,,,Hậu Giang,"đường  phường 11 quận 6, Hậu Giang"
5463,"phố nguyễn trãi , thanh xuân",,,,,,,,,phố nguyễn trãi thanh xuân,,,,phố nguyễn trãi thanh xuân
5464,đường hoàng hữu nam,,,,,,,,,đường hoàng hữu nam,,,,đường hoàng hữu nam
5465,"mặt đường hoàng hữu nam , long thạnh mỹ , q9",,,,,,,,,mặt đường hoàng hữu nam long thạnh mỹ q9,,,,mặt đường hoàng hữu nam long thạnh mỹ q9
5466,"đường hoàng hữu nam , phường tân phú , quận 9 , hồ chí minh",,,,,,,,,đường hoàng hữu nam,Phường Tân Phú, Quận 9,Hồ Chí Minh,"đường hoàng hữu nam, Phường Tân Phú,  Quận 9, Hồ Chí Minh"
5467,"mt đường hồ bá phấn , phước long a , quận 9 , tp . hcm",,,,,,,,,mt đường hồ bá phấn phước long a quận 9 tp hcm,,,,mt đường hồ bá phấn phước long a quận 9 tp hcm
5468,"mặt tiền võ văn kiệt , phường 10 , quận 6",,,,,,,,,mặt tiền võ văn kiệt phường 10 quận 6,,,,mặt tiền võ văn kiệt phường 10 quận 6
5469,trịnh quang nghị,,,,,,,,,trịnh quang nghị,,,,trịnh quang nghị
5470,"giáp bát , hoàng mai",,,,,,,,,giáp bát hoàng mai,,,,giáp bát hoàng mai
5471,"đường dx 028 , phường phú mỹ , thành phố thủ dầu một , tỉnh bình dương",,,,,,,,,đường dx 028   tỉnh,Phường Phú Mỹ,Thành Phố Thủ Dầu Một,Bình Dương,"đường dx 028   tỉnh, Phường Phú Mỹ, Thành Phố Thủ Dầu Một, Bình Dương"
5472,tam phước - biên hòa,,,,,,,,,tam phước biên hòa,,,,tam phước biên hòa
5473,"đường tân mai , phường tân mai , quận hoàng mai",,,,,,,,,đường tân mai phường tân mai quận hoàng mai,,,,đường tân mai phường tân mai quận hoàng mai
5474,"phố phố trần nhật duật , hà đông , hà nội",,,,,,,,,phố phố trần nhật duật hà đông hà nội,,,,phố phố trần nhật duật hà đông hà nội
5475,"đường hoàng văn thụ , phường 8 , quận phú nhuận",,,,,,,,,đường hoàng văn thụ phường 8 quận phú nhuận,,,,đường hoàng văn thụ phường 8 quận phú nhuận
5476,"hẻm hoàng văn thụ , quận phú nhuận",,,,,,,,,hẻm hoàng văn thụ quận phú nhuận,,,,hẻm hoàng văn thụ quận phú nhuận
5477,"dự án richstar - novaland , mt đường hòa bình , quận tân phú",,,,,,,,,dự án richstar novaland mt đường  quận tân phú,,,Hòa Bình,"dự án richstar novaland mt đường  quận tân phú, Hòa Bình"
5478,"278 hòa bình , p . hiệp tân , q . tân phú",,,,,,,,,278  p hiệp tân q tân phú,,,Hòa Bình,"278  p hiệp tân q tân phú, Hòa Bình"
5479,đường d2 phường 25 quận bình thạnh,,,,,,,,,đường d2 phường 25 quận bình thạnh,,,,đường d2 phường 25 quận bình thạnh
5480,"moonlight đường đặng văn bi , p . trường thọ , q . thủ đức",,,,,,,,,moonlight đường đặng văn bi p trường thọ q thủ đức,,,,moonlight đường đặng văn bi p trường thọ q thủ đức
5481,"130 - 132 hồng hà , phường 9 , q . phú nhuận , tp . hồ chí minh",,,,,,,,,130 132 hồng hà phường 9 q phú nhuận tp,,,Hồ Chí Minh,"130 132 hồng hà phường 9 q phú nhuận tp, Hồ Chí Minh"
5482,the pegasuite phường 6 quận 8,,,,,,,,,the pegasuite phường 6 quận 8,,,,the pegasuite phường 6 quận 8
5483,chung cư the pegasuite,,,,,,,,,chung cư the pegasuite,,,,chung cư the pegasuite
5484,1002 tạ quang bửu phường 6 quận 8,,,,,,,,,1002 tạ quang bửu phường 6 quận 8,,,,1002 tạ quang bửu phường 6 quận 8
5485,"đường số 3 , khu dân cư nam long , đường trần trọng cung , phường tân thuận đông , quận 7",,,,,,,,,đường số 3 khu dân cư nam long đường trần trọng cung phường tân thuận đông quận 7,,,,đường số 3 khu dân cư nam long đường trần trọng cung phường tân thuận đông quận 7
5486,"281 / 2 / 52 bình lợi , p . 13 , q . bình thạnh",,,,,,,,,281 2 52 bình lợi p 13 q bình thạnh,,,,281 2 52 bình lợi p 13 q bình thạnh
5487,"rivergate officetel , quận 4 , phường 6 , bến vân đồn",,,,,,,,,rivergate officetel quận 4 phường 6 bến vân đồn,,,,rivergate officetel quận 4 phường 6 bến vân đồn
5488,"nhà vườn lài , tân phú",,,,,,,,,nhà vườn lài tân phú,,,,nhà vườn lài tân phú
5489,"đường bà điểm 8 , hóc môn",,,,,,,,,đường bà điểm 8 hóc môn,,,,đường bà điểm 8 hóc môn
5490,trần quốc vượng - cầu giấy,,,,,,,,,trần quốc vượng cầu giấy,,,,trần quốc vượng cầu giấy
5491,"kdc sau chợ an sương , quận 12",,,,,,,,,kdc sau chợ an sương quận 12,,,,kdc sau chợ an sương quận 12
5492,"đường huỳnh văn chính , p . phú trung . q . tân phú",,,,,,,,,đường huỳnh văn chính p phú trung q tân phú,,,,đường huỳnh văn chính p phú trung q tân phú
5493,"đường hùng vương , tp . tân an",,,,,,,,,đường hùng vương tp tân an,,,,đường hùng vương tp tân an
5494,bùi bằng đoàn phú mỹ hưng quận 7,,,,,,,,,bùi bằng đoàn phú mỹ hưng quận 7,,,,bùi bằng đoàn phú mỹ hưng quận 7
5495,hẻm 150 lê thị riêng q1,,,,,,,,,hẻm 150 lê thị riêng q1,,,,hẻm 150 lê thị riêng q1
5496,"chung cư bmc , số 422 , đường võ văn kiệt , phường cô giang , quận 1",,,,,,,,,chung cư bmc số 422 đường võ văn kiệt phường cô giang quận 1,,,,chung cư bmc số 422 đường võ văn kiệt phường cô giang quận 1
5497,mặt tiền nguyễn văn cừ,,,,,,,,,mặt tiền nguyễn văn cừ,,,,mặt tiền nguyễn văn cừ
5498,mặt tiền đường nguyễn văn cừ - an hòa,,,,,,,,,mặt tiền đường nguyễn văn cừ an hòa,,,,mặt tiền đường nguyễn văn cừ an hòa
5499,phú mỹ hưng - quận 7 - hcm city,,,,,,,,,phú mỹ hưng quận 7 hcm city,,,,phú mỹ hưng quận 7 hcm city
5500,"41 nguyễn thị thập , phường tân phú , quận 7",,,,,,,,,41 nguyễn thị thập phường tân phú quận 7,,,,41 nguyễn thị thập phường tân phú quận 7
5501,trường sơn - tân bình,,,,,,,,,trường sơn tân bình,,,,trường sơn tân bình
5502,"số 21 / 13 trường sơn , phường 4 , quận tân bình",,,,,,,,,số 21 13 trường sơn phường 4 quận tân bình,,,,số 21 13 trường sơn phường 4 quận tân bình
5503,"goldmark city , 136 hồ tùng mậu",,,,,,,,,goldmark city 136 hồ tùng mậu,,,,goldmark city 136 hồ tùng mậu
5504,tây mỗ - nam từ liêm - hà nội,,,,,,,,,tây mỗ nam từ liêm hà nội,,,,tây mỗ nam từ liêm hà nội
5505,đường trường sơn phường 2 quận tân bình,,,,,,,,,đường trường sơn phường 2 quận tân bình,,,,đường trường sơn phường 2 quận tân bình
5506,căn hộ stiudio,,,,,,,,,căn hộ stiudio,,,,căn hộ stiudio
5507,trung tâm quận tân bình,,,,,,,,,trung tâm quận tân bình,,,,trung tâm quận tân bình
5508,"đường thống nhất , p10 , gò vấp",,,,,,,,,đường thống nhất p10 gò vấp,,,,đường thống nhất p10 gò vấp
5509,"28 mai chí thọ , khu căn hộ cao cấp the sun avenue của chủ đầu tư novaland",,,,,,,,,28 mai chí thọ khu căn hộ cao cấp the sun avenue của chủ đầu tư novaland,,,,28 mai chí thọ khu căn hộ cao cấp the sun avenue của chủ đầu tư novaland
5510,"386 đường lê văn sỹ , p14 , quận 3",,,,,,,,,386 đường lê văn sỹ p14 quận 3,,,,386 đường lê văn sỹ p14 quận 3
5511,trần não,,,,,,,,,trần não,,,,trần não
5512,"mặt tiền đường ngô thì nhậm , khu dân cư thới nhựt 1",,,,,,,,,mặt tiền đường ngô thì nhậm khu dân cư thới nhựt 1,,,,mặt tiền đường ngô thì nhậm khu dân cư thới nhựt 1
5513,"168 nguyễn cư trinh , quận 1",,,,,,,,,168 nguyễn cư trinh quận 1,,,,168 nguyễn cư trinh quận 1
5514,"324 lý thường kiệt , phường 14 , quận 10",,,,,,,,,324 lý thường kiệt phường 14 quận 10,,,,324 lý thường kiệt phường 14 quận 10
5515,"2210 / 71 quốc lộ 1a , tổ 1 , kp 1 , tân chánh hiệp , q12",,,,,,,,,2210 71 quốc lộ 1a tổ 1 kp 1 tân chánh hiệp q12,,,,2210 71 quốc lộ 1a tổ 1 kp 1 tân chánh hiệp q12
5516,"491 hậu giang , phường 11 , quận 6 , hcm",,,,,,,,,491  phường 11 quận 6 hcm,,,Hậu Giang,"491  phường 11 quận 6 hcm, Hậu Giang"
5517,"số 1 quận đống đa , ba đình",,,,,,,,,số 1 quận đống đa ba đình,,,,số 1 quận đống đa ba đình
5518,chung cư block b,,,,,,,,,chung cư block b,,,,chung cư block b
5519,"số 457 / 9 điện biên phủ , p3 , q3",,,,,,,,,số 457 9  phủ p3 q3,,,Điện Biên,"số 457 9  phủ p3 q3, Điện Biên"
5520,"chung cư cộng hòa plaza , số 19 cộng hòa , p12 , q . tân bình",,,,,,,,,chung cư cộng hòa plaza số 19 cộng hòa p12 q tân bình,,,,chung cư cộng hòa plaza số 19 cộng hòa p12 q tân bình
5521,đường trường sơn,,,,,,,,,đường trường sơn,,,,đường trường sơn
5522,"46 / 4 nguyễn thị minh khai , phường đa kao , quận 1",,,,,,,,,46 4 nguyễn thị minh khai phường đa kao quận 1,,,,46 4 nguyễn thị minh khai phường đa kao quận 1
5523,sunrise cityview,,,,,,,,,sunrise cityview,,,,sunrise cityview
5524,green town bình tân block a,,,,,,,,,green town bình tân block a,,,,green town bình tân block a
5525,"chung cư tòa 34t hoàang đạo thúy , khu đô thị trung hòa nhân chính",,,,,,,,,chung cư tòa 34t hoàang đạo thúy khu đô thị trung hòa nhân chính,,,,chung cư tòa 34t hoàang đạo thúy khu đô thị trung hòa nhân chính
5526,"27 / 1a , lê thị hồng gấm , p6 , tp . mỹ tho , tiền giang",,,,,,,,,27 1a lê thị hồng gấm p6 tp mỹ tho,,,Tiền Giang,"27 1a lê thị hồng gấm p6 tp mỹ tho, Tiền Giang"
5527,"tọa lạc 33 nguyễn hữu thọ , phường tân hưng , quận 7 , tp hồ chí minh",,,,,,,,,tọa lạc 33 nguyễn hữu thọ   tp,Phường Tân Hưng, Quận 7,Hồ Chí Minh,"tọa lạc 33 nguyễn hữu thọ   tp, Phường Tân Hưng,  Quận 7, Hồ Chí Minh"
5528,"339 / 69 lê văn sỹ , p13 , q3",,,,,,,,,339 69 lê văn sỹ p13 q3,,,,339 69 lê văn sỹ p13 q3
